block,plot,treatment,D,Div,S,EI,SI,DI,E,lS,lSI,deltaE,deltaS,deltaD,grazed,rep
14,L,C,0.513355875,1.947966409,8,0.13021,10,1.30207,0.2434958011,2.0794415417,2.302585093,0.8700238163,-0.2,0.4960535217,grazed,1
14,R,C,0.262437714,3.810427944,12,0.1479,7,1.03527,0.317535662,2.4849066498,1.9459101491,1.1469618796,0.7142857143,2.6806127329,grazed,2
33,L,C,0.217907973,4.58909322,14,0.25576,9,2.30184,0.3277923729,2.6390573296,2.1972245773,0.2816404944,0.5555555556,0.9936629913,grazed,1
33,R,C,0.425169638,2.35200238,12,0.24792,8,1.98334,0.1960001983,2.4849066498,2.0794415417,-0.209421594,0.5,0.1858795668,grazed,2
34,L,C,0.225071727,4.443028071,15,0.37293,7,2.6105,0.2962018714,2.7080502011,1.9459101491,-0.20574405,1.1428571429,0.7019835553,grazed,1
34,R,C,0.239071232,4.182853752,14,0.26531,7,1.85715,0.298775268,2.6390573296,1.9459101491,0.1261364743,1,1.2522972038,grazed,2
38,L,C,0.403545311,2.478036472,7,0.60673,5,3.03367,0.3540052103,1.9459101491,1.6094379124,-0.416535839,0.4,-0.18315556,grazed,1
38,R,C,0.659234018,1.516912011,10,0.19255,8,1.54044,0.1516912011,2.302585093,2.0794415417,-0.212198384,0.25,-0.015273551,grazed,2
39,L,C,0.801129632,1.248237438,4,0.10472,10,1.04724,0.3120593595,1.3862943611,2.302585093,1.9799404078,-0.6,0.1919306348,grazed,1
39,R,C,0.343954637,2.90736014,11,0.25588,6,1.5353,0.2643054673,2.3978952728,1.7917594692,0.0329274163,0.8333333333,0.8936755943,grazed,2
48,L,C,0.901235521,1.109587868,7,0.32143,7,2.25002,0.1585125526,1.9459101491,1.9459101491,-0.506852028,0,-0.50685422,grazed,1
48,R,C,0.517427198,1.932639033,9,0.34032,5,1.7016,0.2147376703,2.1972245773,1.6094379124,-0.369012487,0.8,0.1357775229,grazed,2
49,L,C,0.847188951,1.180374223,8,0.37586,7,1.12759,0.1475467779,2.0794415417,1.9459101491,-0.607442192,0.1428571429,0.0468115388,grazed,1
49,R,C,0.456501567,2.190572982,10,0.37409,5,1.49638,0.2190572982,2.302585093,1.6094379124,-0.414426212,1,0.4639149026,grazed,2
14,L,S1,0.482067282,2.074399232,10,0.13021,10,1.30207,0.2074399232,2.302585093,2.302585093,0.5931182183,0,0.5931549241,grazed,1
14,R,S1,0.736063941,1.358577623,11,0.1479,7,1.03527,0.1235070566,2.3978952728,1.9459101491,-0.164928623,0.5714285714,0.3122930472,grazed,2
33,L,S1,0.266214634,3.756367506,17,0.25576,9,2.30184,0.2209627945,2.8332133441,2.1972245773,-0.136054135,0.8888888889,0.6318977453,grazed,1
33,R,S1,0.352078938,2.840272147,14,0.24792,8,1.98334,0.2028765819,2.6390573296,2.0794415417,-0.181685294,0.75,0.4320651764,grazed,2
34,L,S1,0.326882346,3.059204667,15,0.37293,7,2.6105,0.2039469778,2.7080502011,1.9459101491,-0.453122629,1.1428571429,0.1718845689,grazed,1
34,R,S1,0.19422958,5.148546379,14,0.26531,7,1.85715,0.3677533128,2.6390573296,1.9459101491,0.3861268433,1,1.7722835414,grazed,2
38,L,S1,0.54519462,1.834207387,7,0.60673,5,3.03367,0.2620296267,1.9459101491,1.6094379124,-0.568128118,0.4,-0.395383352,grazed,1
38,R,S1,0.304145795,3.287896847,12,0.19255,8,1.54044,0.2739914039,2.4849066498,2.0794415417,0.4229623678,0.5,1.1343881274,grazed,2
39,L,S1,0.73414938,1.362120608,6,0.10472,10,1.04724,0.2270201013,1.7917594692,2.302585093,1.1678772091,-0.4,0.3006766434,grazed,1
39,R,S1,0.164891117,6.064608076,15,0.25588,6,1.5353,0.4043072051,2.7080502011,1.7917594692,0.5800656756,1.5,2.9501127311,grazed,2
48,L,S1,0.53073785,1.884169371,10,0.32143,7,2.25002,0.1884169371,2.302585093,1.9459101491,-0.413816579,0.4285714286,-0.162598834,grazed,1
48,R,S1,0.476766189,2.097464173,7,0.34032,5,1.7016,0.299637739,1.9459101491,1.6094379124,-0.119541199,0.4,0.2326423208,grazed,2
49,L,S1,0.438834604,2.278762865,10,0.37586,7,1.12759,0.2278762865,2.302585093,1.9459101491,-0.393720304,0.4285714286,1.0209143971,grazed,1
49,R,S1,0.189249713,5.284023879,13,0.37409,5,1.49638,0.4064633753,2.5649493575,1.6094379124,0.0865390021,1.6,2.5312045597,grazed,2
14,L,S2,0.337848874,2.959903306,13,0.13021,10,1.30207,0.2276848697,2.5649493575,2.302585093,0.7485974172,0.3,1.2732290169,grazed,1
14,R,S2,0.356398103,2.805851073,12,0.1479,7,1.03527,0.2338209228,2.4849066498,1.9459101491,0.5809393019,0.7142857143,1.7102601959,grazed,2
33,L,S2,0.236326713,4.23143024,17,0.25576,9,2.30184,0.2489076612,2.8332133441,2.1972245773,-0.026792066,0.8888888889,0.8382816529,grazed,1
33,R,S2,0.214562591,4.660644679,14,0.24792,8,1.98334,0.3329031914,2.6390573296,2.0794415417,0.3427847344,0.75,1.3498969814,grazed,2
34,L,S2,0.382332731,2.615522864,12,0.37293,7,2.6105,0.2179602387,2.4849066498,1.9459101491,-0.415546514,0.7142857143,0.0019241004,grazed,1
34,R,S2,0.215881496,4.632170983,18,0.26531,7,1.85715,0.2573428324,2.8903717579,1.9459101491,-0.030029654,1.5714285714,1.4942363207,grazed,2
38,L,S2,0.354916011,2.817568015,9,0.60673,5,3.03367,0.3130631128,2.1972245773,1.6094379124,-0.484015769,0.8,-0.071234506,grazed,1
38,R,S2,0.578673173,1.72809117,11,0.19255,8,1.54044,0.1570991973,2.3978952728,2.0794415417,-0.184112193,0.375,0.1218166043,grazed,2
39,L,S2,0.698294816,1.432059894,15,0.10472,10,1.04724,0.0954706596,2.7080502011,2.302585093,-0.088324488,0.5,0.3674610347,grazed,1
39,R,S2,0.456472025,2.190714752,14,0.25588,6,1.5353,0.1564796251,2.6390573296,1.7917594692,-0.388464807,1.3333333333,0.4268968619,grazed,2
48,L,S2,0.532912607,1.876480282,10,0.32143,7,2.25002,0.1876480282,2.302585093,1.9459101491,-0.416208729,0.4285714286,-0.166016177,grazed,1
48,R,S2,0.442872496,2.257986233,10,0.34032,5,1.7016,0.2257986233,2.302585093,1.6094379124,-0.336510862,1,0.3269782752,grazed,2
49,L,S2,0.330393894,3.02669032,10,0.37586,7,1.12759,0.302669032,2.302585093,1.9459101491,-0.194729335,0.4285714286,1.6842117436,grazed,1
49,R,S2,0.161644512,6.186414779,14,0.37409,5,1.49638,0.4418867699,2.6390573296,1.6094379124,0.1812311741,1.8,3.134253852,grazed,2
14,C,C,0.595174795,1.680178679,7,0.26123,5,1.30614,0.2400255256,1.9459101491,1.6094379124,-0.081171666,0.4,0.2863695155,nongra,1
33,C,C,0.374901292,2.667368774,13,0.33453,6,2.00721,0.2051822134,2.5649493575,1.7917594692,-0.386655267,1.1666666667,0.3288937251,nongra,1
34,C,C,0.310141941,3.224330112,15,0.26311,9,2.36795,0.2149553408,2.7080502011,2.1972245773,-0.183021015,0.6666666667,0.361654643,nongra,1
38,C,C,0.303782191,3.291832206,12,0.14934,11,1.64276,0.2743193505,2.4849066498,2.3978952728,0.8368779329,0.0909090909,1.0038424396,nongra,1
39,C,C,0.684768016,1.46034858,7,0.17333,6,1.03999,0.2086212257,1.9459101491,1.7917594692,0.2036071408,0.1666666667,0.4041948288,nongra,1
48,C,C,0.492085124,2.032168727,6,0.32406,4,1.29623,0.3386947878,1.7917594692,1.3862943611,0.0451607352,0.5,0.5677531973,nongra,1
49,C,C,0.632919005,1.579980997,7,0.18672,4,1.30706,0.225711571,1.9459101491,1.3862943611,0.2088237521,0.75,0.2088052553,nongra,1
14,C,S1,0.605121085,1.652561817,9,0.26123,5,1.30614,0.1836179797,2.1972245773,1.6094379124,-0.297102248,0.8,0.2652256397,nongra,1
33,C,S1,0.635003158,1.574795318,9,0.33453,6,2.00721,0.1749772576,2.1972245773,1.7917594692,-0.476945991,0.5,-0.215430713,nongra,1
34,C,S1,0.851679439,1.174150689,10,0.26311,9,2.36795,0.1174150689,2.302585093,2.1972245773,-0.553741519,0.1111111111,-0.504148868,nongra,1
38,C,S1,0.343788856,2.908762116,10,0.14934,11,1.64276,0.2908762116,2.302585093,2.3978952728,0.9477448212,-0.090909091,0.7706555529,nongra,1
39,C,S1,0.552248464,1.810779141,7,0.17333,6,1.03999,0.2586827344,1.9459101491,1.7917594692,0.4924290915,0.1666666667,0.7411505313,nongra,1
48,C,S1,0.482847411,2.071047659,9,0.32406,4,1.29623,0.2301164066,2.1972245773,1.3862943611,-0.289895678,1.25,0.5977470503,nongra,1
49,C,S1,0.411613539,2.42946333,9,0.18672,4,1.30706,0.26994037,2.1972245773,1.3862943611,0.445696069,1.25,0.858723647,nongra,1
14,C,S2,0.992913886,1.007136686,5,0.26123,5,1.30614,0.2014273372,1.6094379124,1.6094379124,-0.22892724,0,-0.228921336,nongra,1
33,C,S2,0.247684073,4.0374013,10,0.33453,6,2.00721,0.40374013,2.302585093,1.7917594692,0.2068876633,0.6666666667,1.011449375,nongra,1
34,C,S2,0.374510375,2.670152999,16,0.26311,9,2.36795,0.1668845624,2.7725887222,2.1972245773,-0.365723224,0.7777777778,0.1276222044,nongra,1
38,C,S2,0.742279033,1.347202272,8,0.14934,11,1.64276,0.168400284,2.0794415417,2.3978952728,0.1276301326,-0.272727273,-0.179915342,nongra,1
39,C,S2,0.73941913,1.35241294,9,0.17333,6,1.03999,0.1502681044,2.1972245773,1.7917594692,-0.133051956,0.5,0.3004095616,nongra,1
48,C,S2,0.599325854,1.668541402,8,0.32406,4,1.29623,0.2085676753,2.0794415417,1.3862943611,-0.356391794,1,0.2872263425,nongra,1
49,C,S2,0.436907959,2.288811592,12,0.18672,4,1.30706,0.1907342993,2.4849066498,1.3862943611,0.0214990324,2,0.7511144033,nongra,1
