Site,Type,Treatment,Season,Day,Height
1,Short grassland,Ungrazed,Wet,1,4
1,Short grassland,Ungrazed,Wet,1,6
1,Short grassland,Ungrazed,Wet,1,5
1,Short grassland,Ungrazed,Wet,1,4
1,Short grassland,Ungrazed,Wet,1,5
1,Short grassland,Ungrazed,Wet,1,3
1,Short grassland,Ungrazed,Wet,1,4
1,Short grassland,Ungrazed,Wet,1,6
1,Short grassland,Grazed,Wet,1,9
1,Short grassland,Grazed,Wet,1,6
1,Short grassland,Grazed,Wet,1,10
1,Short grassland,Grazed,Wet,1,11
1,Short grassland,Grazed,Wet,1,8
1,Short grassland,Grazed,Wet,1,9
1,Short grassland,Grazed,Wet,1,9
1,Short grassland,Grazed,Wet,1,6
1,Medium-tall grassland,Ungrazed,Wet,1,19
1,Medium-tall grassland,Ungrazed,Wet,1,21
1,Medium-tall grassland,Ungrazed,Wet,1,18
1,Medium-tall grassland,Ungrazed,Wet,1,30
1,Medium-tall grassland,Ungrazed,Wet,1,16
1,Medium-tall grassland,Ungrazed,Wet,1,16
1,Medium-tall grassland,Ungrazed,Wet,1,22
1,Medium-tall grassland,Ungrazed,Wet,1,17
1,Medium-tall grassland,Grazed,Wet,1,17
1,Medium-tall grassland,Grazed,Wet,1,19
1,Medium-tall grassland,Grazed,Wet,1,21
1,Medium-tall grassland,Grazed,Wet,1,23
1,Medium-tall grassland,Grazed,Wet,1,31
1,Medium-tall grassland,Grazed,Wet,1,20
1,Medium-tall grassland,Grazed,Wet,1,20
1,Medium-tall grassland,Grazed,Wet,1,21
1,Tall grassland,Ungrazed,Wet,1,85
1,Tall grassland,Ungrazed,Wet,1,88
1,Tall grassland,Ungrazed,Wet,1,63
1,Tall grassland,Ungrazed,Wet,1,100
1,Tall grassland,Ungrazed,Wet,1,94
1,Tall grassland,Ungrazed,Wet,1,95
1,Tall grassland,Ungrazed,Wet,1,68
1,Tall grassland,Ungrazed,Wet,1,70
1,Tall grassland,Grazed,Wet,1,90
1,Tall grassland,Grazed,Wet,1,122
1,Tall grassland,Grazed,Wet,1,103
1,Tall grassland,Grazed,Wet,1,105
1,Tall grassland,Grazed,Wet,1,80
1,Tall grassland,Grazed,Wet,1,65
1,Tall grassland,Grazed,Wet,1,110
1,Tall grassland,Grazed,Wet,1,110
2,Short grassland,Ungrazed,Wet,1,4
2,Short grassland,Ungrazed,Wet,1,5
2,Short grassland,Ungrazed,Wet,1,4
2,Short grassland,Ungrazed,Wet,1,4
2,Short grassland,Ungrazed,Wet,1,4
2,Short grassland,Ungrazed,Wet,1,4
2,Short grassland,Ungrazed,Wet,1,5
2,Short grassland,Ungrazed,Wet,1,5
2,Short grassland,Grazed,Wet,1,5
2,Short grassland,Grazed,Wet,1,4
2,Short grassland,Grazed,Wet,1,3
2,Short grassland,Grazed,Wet,1,6
2,Short grassland,Grazed,Wet,1,5
2,Short grassland,Grazed,Wet,1,4
2,Short grassland,Grazed,Wet,1,6
2,Short grassland,Grazed,Wet,1,4
2,Medium-tall grassland,Ungrazed,Wet,1,22
2,Medium-tall grassland,Ungrazed,Wet,1,21
2,Medium-tall grassland,Ungrazed,Wet,1,22
2,Medium-tall grassland,Ungrazed,Wet,1,20
2,Medium-tall grassland,Ungrazed,Wet,1,22
2,Medium-tall grassland,Ungrazed,Wet,1,24
2,Medium-tall grassland,Ungrazed,Wet,1,38
2,Medium-tall grassland,Ungrazed,Wet,1,19
2,Medium-tall grassland,Grazed,Wet,1,19
2,Medium-tall grassland,Grazed,Wet,1,22
2,Medium-tall grassland,Grazed,Wet,1,24
2,Medium-tall grassland,Grazed,Wet,1,26
2,Medium-tall grassland,Grazed,Wet,1,24
2,Medium-tall grassland,Grazed,Wet,1,22
2,Medium-tall grassland,Grazed,Wet,1,24
2,Medium-tall grassland,Grazed,Wet,1,17
2,Tall grassland,Ungrazed,Wet,1,87
2,Tall grassland,Ungrazed,Wet,1,100
2,Tall grassland,Ungrazed,Wet,1,103
2,Tall grassland,Ungrazed,Wet,1,95
2,Tall grassland,Ungrazed,Wet,1,73
2,Tall grassland,Ungrazed,Wet,1,112
2,Tall grassland,Ungrazed,Wet,1,81
2,Tall grassland,Ungrazed,Wet,1,97
2,Tall grassland,Grazed,Wet,1,116
2,Tall grassland,Grazed,Wet,1,125
2,Tall grassland,Grazed,Wet,1,104
2,Tall grassland,Grazed,Wet,1,103
2,Tall grassland,Grazed,Wet,1,96
2,Tall grassland,Grazed,Wet,1,107
2,Tall grassland,Grazed,Wet,1,110
2,Tall grassland,Grazed,Wet,1,106
3,Short grassland,Ungrazed,Wet,1,4
3,Short grassland,Ungrazed,Wet,1,4
3,Short grassland,Ungrazed,Wet,1,5
3,Short grassland,Ungrazed,Wet,1,3
3,Short grassland,Ungrazed,Wet,1,3
3,Short grassland,Ungrazed,Wet,1,2
3,Short grassland,Ungrazed,Wet,1,3
3,Short grassland,Ungrazed,Wet,1,3
3,Short grassland,Grazed,Wet,1,7
3,Short grassland,Grazed,Wet,1,9
3,Short grassland,Grazed,Wet,1,2
3,Short grassland,Grazed,Wet,1,5
3,Short grassland,Grazed,Wet,1,3
3,Short grassland,Grazed,Wet,1,9
3,Short grassland,Grazed,Wet,1,5
3,Short grassland,Grazed,Wet,1,6
3,Medium-tall grassland,Ungrazed,Wet,1,17
3,Medium-tall grassland,Ungrazed,Wet,1,11
3,Medium-tall grassland,Ungrazed,Wet,1,15
3,Medium-tall grassland,Ungrazed,Wet,1,10
3,Medium-tall grassland,Ungrazed,Wet,1,13
3,Medium-tall grassland,Ungrazed,Wet,1,9
3,Medium-tall grassland,Ungrazed,Wet,1,10
3,Medium-tall grassland,Ungrazed,Wet,1,17
3,Medium-tall grassland,Grazed,Wet,1,17
3,Medium-tall grassland,Grazed,Wet,1,11
3,Medium-tall grassland,Grazed,Wet,1,13
3,Medium-tall grassland,Grazed,Wet,1,19
3,Medium-tall grassland,Grazed,Wet,1,14
3,Medium-tall grassland,Grazed,Wet,1,17
3,Medium-tall grassland,Grazed,Wet,1,15
3,Medium-tall grassland,Grazed,Wet,1,15
3,Tall grassland,Ungrazed,Wet,1,30
3,Tall grassland,Ungrazed,Wet,1,25
3,Tall grassland,Ungrazed,Wet,1,23
3,Tall grassland,Ungrazed,Wet,1,26
3,Tall grassland,Ungrazed,Wet,1,30
3,Tall grassland,Ungrazed,Wet,1,23
3,Tall grassland,Ungrazed,Wet,1,32
3,Tall grassland,Ungrazed,Wet,1,23
3,Tall grassland,Grazed,Wet,1,35
3,Tall grassland,Grazed,Wet,1,26
3,Tall grassland,Grazed,Wet,1,28
3,Tall grassland,Grazed,Wet,1,30
3,Tall grassland,Grazed,Wet,1,27
3,Tall grassland,Grazed,Wet,1,25
3,Tall grassland,Grazed,Wet,1,21
3,Tall grassland,Grazed,Wet,1,27
4,Short grassland,Ungrazed,Wet,1,5
4,Short grassland,Ungrazed,Wet,1,7
4,Short grassland,Ungrazed,Wet,1,7
4,Short grassland,Ungrazed,Wet,1,8
4,Short grassland,Ungrazed,Wet,1,8
4,Short grassland,Ungrazed,Wet,1,11
4,Short grassland,Ungrazed,Wet,1,8
4,Short grassland,Ungrazed,Wet,1,5
4,Short grassland,Grazed,Wet,1,2
4,Short grassland,Grazed,Wet,1,6
4,Short grassland,Grazed,Wet,1,8
4,Short grassland,Grazed,Wet,1,4
4,Short grassland,Grazed,Wet,1,5
4,Short grassland,Grazed,Wet,1,9
4,Short grassland,Grazed,Wet,1,15
4,Short grassland,Grazed,Wet,1,7
4,Medium-tall grassland,Ungrazed,Wet,1,27
4,Medium-tall grassland,Ungrazed,Wet,1,28
4,Medium-tall grassland,Ungrazed,Wet,1,40
4,Medium-tall grassland,Ungrazed,Wet,1,15
4,Medium-tall grassland,Ungrazed,Wet,1,37
4,Medium-tall grassland,Ungrazed,Wet,1,28
4,Medium-tall grassland,Ungrazed,Wet,1,41
4,Medium-tall grassland,Ungrazed,Wet,1,30
4,Medium-tall grassland,Grazed,Wet,1,28
4,Medium-tall grassland,Grazed,Wet,1,32
4,Medium-tall grassland,Grazed,Wet,1,28
4,Medium-tall grassland,Grazed,Wet,1,33
4,Medium-tall grassland,Grazed,Wet,1,23
4,Medium-tall grassland,Grazed,Wet,1,29
4,Medium-tall grassland,Grazed,Wet,1,30
4,Medium-tall grassland,Grazed,Wet,1,33
4,Tall grassland,Ungrazed,Wet,1,47
4,Tall grassland,Ungrazed,Wet,1,44
4,Tall grassland,Ungrazed,Wet,1,33
4,Tall grassland,Ungrazed,Wet,1,35
4,Tall grassland,Ungrazed,Wet,1,62
4,Tall grassland,Ungrazed,Wet,1,40
4,Tall grassland,Ungrazed,Wet,1,43
4,Tall grassland,Ungrazed,Wet,1,21
4,Tall grassland,Grazed,Wet,1,43
4,Tall grassland,Grazed,Wet,1,57
4,Tall grassland,Grazed,Wet,1,58
4,Tall grassland,Grazed,Wet,1,50
4,Tall grassland,Grazed,Wet,1,34
4,Tall grassland,Grazed,Wet,1,70
4,Tall grassland,Grazed,Wet,1,45
4,Tall grassland,Grazed,Wet,1,41
5,Short grassland,Ungrazed,Wet,1,5
5,Short grassland,Ungrazed,Wet,1,5
5,Short grassland,Ungrazed,Wet,1,9
5,Short grassland,Ungrazed,Wet,1,5
5,Short grassland,Ungrazed,Wet,1,3
5,Short grassland,Ungrazed,Wet,1,3
5,Short grassland,Ungrazed,Wet,1,2
5,Short grassland,Ungrazed,Wet,1,4
5,Short grassland,Grazed,Wet,1,5
5,Short grassland,Grazed,Wet,1,7
5,Short grassland,Grazed,Wet,1,5
5,Short grassland,Grazed,Wet,1,5
5,Short grassland,Grazed,Wet,1,13
5,Short grassland,Grazed,Wet,1,10
5,Short grassland,Grazed,Wet,1,3
5,Short grassland,Grazed,Wet,1,3
5,Medium-tall grassland,Ungrazed,Wet,1,25
5,Medium-tall grassland,Ungrazed,Wet,1,28
5,Medium-tall grassland,Ungrazed,Wet,1,24
5,Medium-tall grassland,Ungrazed,Wet,1,23
5,Medium-tall grassland,Ungrazed,Wet,1,23
5,Medium-tall grassland,Ungrazed,Wet,1,24
5,Medium-tall grassland,Ungrazed,Wet,1,25
5,Medium-tall grassland,Ungrazed,Wet,1,18
5,Medium-tall grassland,Grazed,Wet,1,12
5,Medium-tall grassland,Grazed,Wet,1,36
5,Medium-tall grassland,Grazed,Wet,1,18
5,Medium-tall grassland,Grazed,Wet,1,18
5,Medium-tall grassland,Grazed,Wet,1,25
5,Medium-tall grassland,Grazed,Wet,1,37
5,Medium-tall grassland,Grazed,Wet,1,38
5,Medium-tall grassland,Grazed,Wet,1,25
5,Tall grassland,Ungrazed,Wet,1,101
5,Tall grassland,Ungrazed,Wet,1,102
5,Tall grassland,Ungrazed,Wet,1,105
5,Tall grassland,Ungrazed,Wet,1,108
5,Tall grassland,Ungrazed,Wet,1,90
5,Tall grassland,Ungrazed,Wet,1,104
5,Tall grassland,Ungrazed,Wet,1,103
5,Tall grassland,Ungrazed,Wet,1,105
5,Tall grassland,Grazed,Wet,1,107
5,Tall grassland,Grazed,Wet,1,99
5,Tall grassland,Grazed,Wet,1,112
5,Tall grassland,Grazed,Wet,1,118
5,Tall grassland,Grazed,Wet,1,103
5,Tall grassland,Grazed,Wet,1,112
5,Tall grassland,Grazed,Wet,1,92
5,Tall grassland,Grazed,Wet,1,115
6,Short grassland,Ungrazed,Wet,1,4
6,Short grassland,Ungrazed,Wet,1,4
6,Short grassland,Ungrazed,Wet,1,2
6,Short grassland,Ungrazed,Wet,1,13
6,Short grassland,Ungrazed,Wet,1,4
6,Short grassland,Ungrazed,Wet,1,5
6,Short grassland,Ungrazed,Wet,1,6
6,Short grassland,Ungrazed,Wet,1,4
6,Short grassland,Grazed,Wet,1,3
6,Short grassland,Grazed,Wet,1,3
6,Short grassland,Grazed,Wet,1,6
6,Short grassland,Grazed,Wet,1,4
6,Short grassland,Grazed,Wet,1,3
6,Short grassland,Grazed,Wet,1,10
6,Short grassland,Grazed,Wet,1,6
6,Short grassland,Grazed,Wet,1,3
6,Medium-tall grassland,Ungrazed,Wet,1,37
6,Medium-tall grassland,Ungrazed,Wet,1,9
6,Medium-tall grassland,Ungrazed,Wet,1,22
6,Medium-tall grassland,Ungrazed,Wet,1,39
6,Medium-tall grassland,Ungrazed,Wet,1,30
6,Medium-tall grassland,Ungrazed,Wet,1,16
6,Medium-tall grassland,Ungrazed,Wet,1,46
6,Medium-tall grassland,Ungrazed,Wet,1,22
6,Medium-tall grassland,Grazed,Wet,1,11
6,Medium-tall grassland,Grazed,Wet,1,29
6,Medium-tall grassland,Grazed,Wet,1,40
6,Medium-tall grassland,Grazed,Wet,1,35
6,Medium-tall grassland,Grazed,Wet,1,39
6,Medium-tall grassland,Grazed,Wet,1,22
6,Medium-tall grassland,Grazed,Wet,1,24
6,Medium-tall grassland,Grazed,Wet,1,28
6,Tall grassland,Ungrazed,Wet,1,58
6,Tall grassland,Ungrazed,Wet,1,70
6,Tall grassland,Ungrazed,Wet,1,95
6,Tall grassland,Ungrazed,Wet,1,93
6,Tall grassland,Ungrazed,Wet,1,80
6,Tall grassland,Ungrazed,Wet,1,87
6,Tall grassland,Ungrazed,Wet,1,81
6,Tall grassland,Ungrazed,Wet,1,91
6,Tall grassland,Grazed,Wet,1,57
6,Tall grassland,Grazed,Wet,1,70
6,Tall grassland,Grazed,Wet,1,88
6,Tall grassland,Grazed,Wet,1,75
6,Tall grassland,Grazed,Wet,1,93
6,Tall grassland,Grazed,Wet,1,104
6,Tall grassland,Grazed,Wet,1,75
6,Tall grassland,Grazed,Wet,1,88
7,Short grassland,Ungrazed,Wet,1,4
7,Short grassland,Ungrazed,Wet,1,5
7,Short grassland,Ungrazed,Wet,1,4
7,Short grassland,Ungrazed,Wet,1,6
7,Short grassland,Ungrazed,Wet,1,5
7,Short grassland,Ungrazed,Wet,1,7
7,Short grassland,Ungrazed,Wet,1,8
7,Short grassland,Ungrazed,Wet,1,3
7,Short grassland,Grazed,Wet,1,7
7,Short grassland,Grazed,Wet,1,5
7,Short grassland,Grazed,Wet,1,7
7,Short grassland,Grazed,Wet,1,12
7,Short grassland,Grazed,Wet,1,6
7,Short grassland,Grazed,Wet,1,3
7,Short grassland,Grazed,Wet,1,7
7,Short grassland,Grazed,Wet,1,4
7,Medium-tall grassland,Ungrazed,Wet,1,22
7,Medium-tall grassland,Ungrazed,Wet,1,21
7,Medium-tall grassland,Ungrazed,Wet,1,33
7,Medium-tall grassland,Ungrazed,Wet,1,20
7,Medium-tall grassland,Ungrazed,Wet,1,23
7,Medium-tall grassland,Ungrazed,Wet,1,26
7,Medium-tall grassland,Ungrazed,Wet,1,26
7,Medium-tall grassland,Ungrazed,Wet,1,33
7,Medium-tall grassland,Grazed,Wet,1,23
7,Medium-tall grassland,Grazed,Wet,1,19
7,Medium-tall grassland,Grazed,Wet,1,12
7,Medium-tall grassland,Grazed,Wet,1,14
7,Medium-tall grassland,Grazed,Wet,1,23
7,Medium-tall grassland,Grazed,Wet,1,24
7,Medium-tall grassland,Grazed,Wet,1,42
7,Medium-tall grassland,Grazed,Wet,1,26
7,Tall grassland,Ungrazed,Wet,1,76
7,Tall grassland,Ungrazed,Wet,1,87
7,Tall grassland,Ungrazed,Wet,1,86
7,Tall grassland,Ungrazed,Wet,1,81
7,Tall grassland,Ungrazed,Wet,1,95
7,Tall grassland,Ungrazed,Wet,1,102
7,Tall grassland,Ungrazed,Wet,1,78
7,Tall grassland,Ungrazed,Wet,1,73
7,Tall grassland,Grazed,Wet,1,90
7,Tall grassland,Grazed,Wet,1,99
7,Tall grassland,Grazed,Wet,1,74
7,Tall grassland,Grazed,Wet,1,65
7,Tall grassland,Grazed,Wet,1,95
7,Tall grassland,Grazed,Wet,1,97
7,Tall grassland,Grazed,Wet,1,60
7,Tall grassland,Grazed,Wet,1,89
8,Short grassland,Ungrazed,Wet,1,16
8,Short grassland,Ungrazed,Wet,1,4
8,Short grassland,Ungrazed,Wet,1,6
8,Short grassland,Ungrazed,Wet,1,6
8,Short grassland,Ungrazed,Wet,1,3
8,Short grassland,Ungrazed,Wet,1,6
8,Short grassland,Ungrazed,Wet,1,15
8,Short grassland,Ungrazed,Wet,1,6
8,Short grassland,Grazed,Wet,1,7
8,Short grassland,Grazed,Wet,1,5
8,Short grassland,Grazed,Wet,1,7
8,Short grassland,Grazed,Wet,1,5
8,Short grassland,Grazed,Wet,1,6
8,Short grassland,Grazed,Wet,1,3
8,Short grassland,Grazed,Wet,1,8
8,Short grassland,Grazed,Wet,1,7
8,Medium-tall grassland,Ungrazed,Wet,1,19
8,Medium-tall grassland,Ungrazed,Wet,1,22
8,Medium-tall grassland,Ungrazed,Wet,1,16
8,Medium-tall grassland,Ungrazed,Wet,1,17
8,Medium-tall grassland,Ungrazed,Wet,1,21
8,Medium-tall grassland,Ungrazed,Wet,1,19
8,Medium-tall grassland,Ungrazed,Wet,1,25
8,Medium-tall grassland,Ungrazed,Wet,1,26
8,Medium-tall grassland,Grazed,Wet,1,24
8,Medium-tall grassland,Grazed,Wet,1,20
8,Medium-tall grassland,Grazed,Wet,1,20
8,Medium-tall grassland,Grazed,Wet,1,17
8,Medium-tall grassland,Grazed,Wet,1,19
8,Medium-tall grassland,Grazed,Wet,1,16
8,Medium-tall grassland,Grazed,Wet,1,15
8,Medium-tall grassland,Grazed,Wet,1,22
8,Tall grassland,Ungrazed,Wet,1,98
8,Tall grassland,Ungrazed,Wet,1,97
8,Tall grassland,Ungrazed,Wet,1,98
8,Tall grassland,Ungrazed,Wet,1,102
8,Tall grassland,Ungrazed,Wet,1,100
8,Tall grassland,Ungrazed,Wet,1,102
8,Tall grassland,Ungrazed,Wet,1,104
8,Tall grassland,Ungrazed,Wet,1,96
8,Tall grassland,Grazed,Wet,1,72
8,Tall grassland,Grazed,Wet,1,85
8,Tall grassland,Grazed,Wet,1,80
8,Tall grassland,Grazed,Wet,1,74
8,Tall grassland,Grazed,Wet,1,75
8,Tall grassland,Grazed,Wet,1,74
8,Tall grassland,Grazed,Wet,1,96
8,Tall grassland,Grazed,Wet,1,97
9,Short grassland,Ungrazed,Wet,1,7
9,Short grassland,Ungrazed,Wet,1,5
9,Short grassland,Ungrazed,Wet,1,7
9,Short grassland,Ungrazed,Wet,1,6
9,Short grassland,Ungrazed,Wet,1,9
9,Short grassland,Ungrazed,Wet,1,7
9,Short grassland,Ungrazed,Wet,1,12
9,Short grassland,Ungrazed,Wet,1,7
9,Short grassland,Grazed,Wet,1,6
9,Short grassland,Grazed,Wet,1,7
9,Short grassland,Grazed,Wet,1,3
9,Short grassland,Grazed,Wet,1,3
9,Short grassland,Grazed,Wet,1,4
9,Short grassland,Grazed,Wet,1,4
9,Short grassland,Grazed,Wet,1,6
9,Short grassland,Grazed,Wet,1,5
9,Medium-tall grassland,Ungrazed,Wet,1,24
9,Medium-tall grassland,Ungrazed,Wet,1,22
9,Medium-tall grassland,Ungrazed,Wet,1,21
9,Medium-tall grassland,Ungrazed,Wet,1,23
9,Medium-tall grassland,Ungrazed,Wet,1,26
9,Medium-tall grassland,Ungrazed,Wet,1,17
9,Medium-tall grassland,Ungrazed,Wet,1,20
9,Medium-tall grassland,Ungrazed,Wet,1,28
9,Medium-tall grassland,Grazed,Wet,1,19
9,Medium-tall grassland,Grazed,Wet,1,28
9,Medium-tall grassland,Grazed,Wet,1,19
9,Medium-tall grassland,Grazed,Wet,1,17
9,Medium-tall grassland,Grazed,Wet,1,16
9,Medium-tall grassland,Grazed,Wet,1,25
9,Medium-tall grassland,Grazed,Wet,1,30
9,Medium-tall grassland,Grazed,Wet,1,31
9,Tall grassland,Ungrazed,Wet,1,80
9,Tall grassland,Ungrazed,Wet,1,102
9,Tall grassland,Ungrazed,Wet,1,103
9,Tall grassland,Ungrazed,Wet,1,87
9,Tall grassland,Ungrazed,Wet,1,105
9,Tall grassland,Ungrazed,Wet,1,98
9,Tall grassland,Ungrazed,Wet,1,82
9,Tall grassland,Ungrazed,Wet,1,83
9,Tall grassland,Grazed,Wet,1,73
9,Tall grassland,Grazed,Wet,1,72
9,Tall grassland,Grazed,Wet,1,90
9,Tall grassland,Grazed,Wet,1,98
9,Tall grassland,Grazed,Wet,1,95
9,Tall grassland,Grazed,Wet,1,57
9,Tall grassland,Grazed,Wet,1,81
9,Tall grassland,Grazed,Wet,1,74
10,Short grassland,Ungrazed,Wet,1,8
10,Short grassland,Ungrazed,Wet,1,7
10,Short grassland,Ungrazed,Wet,1,10
10,Short grassland,Ungrazed,Wet,1,8
10,Short grassland,Ungrazed,Wet,1,8
10,Short grassland,Ungrazed,Wet,1,13
10,Short grassland,Ungrazed,Wet,1,8
10,Short grassland,Ungrazed,Wet,1,6
10,Short grassland,Grazed,Wet,1,8
10,Short grassland,Grazed,Wet,1,8
10,Short grassland,Grazed,Wet,1,4
10,Short grassland,Grazed,Wet,1,8
10,Short grassland,Grazed,Wet,1,4
10,Short grassland,Grazed,Wet,1,6
10,Short grassland,Grazed,Wet,1,15
10,Short grassland,Grazed,Wet,1,5
10,Medium-tall grassland,Ungrazed,Wet,1,22
10,Medium-tall grassland,Ungrazed,Wet,1,24
10,Medium-tall grassland,Ungrazed,Wet,1,21
10,Medium-tall grassland,Ungrazed,Wet,1,26
10,Medium-tall grassland,Ungrazed,Wet,1,17
10,Medium-tall grassland,Ungrazed,Wet,1,13
10,Medium-tall grassland,Ungrazed,Wet,1,16
10,Medium-tall grassland,Ungrazed,Wet,1,19
10,Medium-tall grassland,Grazed,Wet,1,14
10,Medium-tall grassland,Grazed,Wet,1,14
10,Medium-tall grassland,Grazed,Wet,1,18
10,Medium-tall grassland,Grazed,Wet,1,18
10,Medium-tall grassland,Grazed,Wet,1,40
10,Medium-tall grassland,Grazed,Wet,1,16
10,Medium-tall grassland,Grazed,Wet,1,50
10,Medium-tall grassland,Grazed,Wet,1,16
10,Tall grassland,Ungrazed,Wet,1,90
10,Tall grassland,Ungrazed,Wet,1,80
10,Tall grassland,Ungrazed,Wet,1,87
10,Tall grassland,Ungrazed,Wet,1,96
10,Tall grassland,Ungrazed,Wet,1,63
10,Tall grassland,Ungrazed,Wet,1,85
10,Tall grassland,Ungrazed,Wet,1,75
10,Tall grassland,Ungrazed,Wet,1,95
10,Tall grassland,Grazed,Wet,1,100
10,Tall grassland,Grazed,Wet,1,82
10,Tall grassland,Grazed,Wet,1,50
10,Tall grassland,Grazed,Wet,1,88
10,Tall grassland,Grazed,Wet,1,92
10,Tall grassland,Grazed,Wet,1,110
10,Tall grassland,Grazed,Wet,1,85
10,Tall grassland,Grazed,Wet,1,103
1,Short grassland,Ungrazed,Dry,161,14
1,Short grassland,Ungrazed,Dry,161,12
1,Short grassland,Ungrazed,Dry,161,10
1,Short grassland,Ungrazed,Dry,161,15
1,Short grassland,Ungrazed,Dry,161,10
1,Short grassland,Ungrazed,Dry,161,16
1,Short grassland,Ungrazed,Dry,161,11
1,Short grassland,Ungrazed,Dry,161,16
1,Short grassland,Grazed,Dry,161,13
1,Short grassland,Grazed,Dry,161,15
1,Short grassland,Grazed,Dry,161,15
1,Short grassland,Grazed,Dry,161,14
1,Short grassland,Grazed,Dry,161,12
1,Short grassland,Grazed,Dry,161,10
1,Short grassland,Grazed,Dry,161,15
1,Short grassland,Grazed,Dry,161,15
1,Medium-tall grassland,Ungrazed,Dry,161,34
1,Medium-tall grassland,Ungrazed,Dry,161,33
1,Medium-tall grassland,Ungrazed,Dry,161,40
1,Medium-tall grassland,Ungrazed,Dry,161,41
1,Medium-tall grassland,Ungrazed,Dry,161,38
1,Medium-tall grassland,Ungrazed,Dry,161,32
1,Medium-tall grassland,Ungrazed,Dry,161,35
1,Medium-tall grassland,Ungrazed,Dry,161,36
1,Medium-tall grassland,Grazed,Dry,161,20
1,Medium-tall grassland,Grazed,Dry,161,18
1,Medium-tall grassland,Grazed,Dry,161,20
1,Medium-tall grassland,Grazed,Dry,161,16
1,Medium-tall grassland,Grazed,Dry,161,14
1,Medium-tall grassland,Grazed,Dry,161,17
1,Medium-tall grassland,Grazed,Dry,161,23
1,Medium-tall grassland,Grazed,Dry,161,19
1,Tall grassland,Ungrazed,Dry,161,100
1,Tall grassland,Ungrazed,Dry,161,95
1,Tall grassland,Ungrazed,Dry,161,107
1,Tall grassland,Ungrazed,Dry,161,100
1,Tall grassland,Ungrazed,Dry,161,95
1,Tall grassland,Ungrazed,Dry,161,97
1,Tall grassland,Ungrazed,Dry,161,80
1,Tall grassland,Ungrazed,Dry,161,85
1,Tall grassland,Grazed,Dry,161,80
1,Tall grassland,Grazed,Dry,161,90
1,Tall grassland,Grazed,Dry,161,80
1,Tall grassland,Grazed,Dry,161,100
1,Tall grassland,Grazed,Dry,161,75
1,Tall grassland,Grazed,Dry,161,65
1,Tall grassland,Grazed,Dry,161,105
1,Tall grassland,Grazed,Dry,161,70
2,Short grassland,Ungrazed,Dry,161,10
2,Short grassland,Ungrazed,Dry,161,11
2,Short grassland,Ungrazed,Dry,161,19
2,Short grassland,Ungrazed,Dry,161,28
2,Short grassland,Ungrazed,Dry,161,30
2,Short grassland,Ungrazed,Dry,161,36
2,Short grassland,Ungrazed,Dry,161,20
2,Short grassland,Ungrazed,Dry,161,12
2,Short grassland,Grazed,Dry,161,6
2,Short grassland,Grazed,Dry,161,7
2,Short grassland,Grazed,Dry,161,10
2,Short grassland,Grazed,Dry,161,10
2,Short grassland,Grazed,Dry,161,9
2,Short grassland,Grazed,Dry,161,8
2,Short grassland,Grazed,Dry,161,9
2,Short grassland,Grazed,Dry,161,12
2,Medium-tall grassland,Ungrazed,Dry,161,23
2,Medium-tall grassland,Ungrazed,Dry,161,25
2,Medium-tall grassland,Ungrazed,Dry,161,22
2,Medium-tall grassland,Ungrazed,Dry,161,29
2,Medium-tall grassland,Ungrazed,Dry,161,30
2,Medium-tall grassland,Ungrazed,Dry,161,26
2,Medium-tall grassland,Ungrazed,Dry,161,36
2,Medium-tall grassland,Ungrazed,Dry,161,25
2,Medium-tall grassland,Grazed,Dry,161,12
2,Medium-tall grassland,Grazed,Dry,161,12
2,Medium-tall grassland,Grazed,Dry,161,24
2,Medium-tall grassland,Grazed,Dry,161,16
2,Medium-tall grassland,Grazed,Dry,161,15
2,Medium-tall grassland,Grazed,Dry,161,19
2,Medium-tall grassland,Grazed,Dry,161,12
2,Medium-tall grassland,Grazed,Dry,161,13
2,Tall grassland,Ungrazed,Dry,161,95
2,Tall grassland,Ungrazed,Dry,161,120
2,Tall grassland,Ungrazed,Dry,161,150
2,Tall grassland,Ungrazed,Dry,161,90
2,Tall grassland,Ungrazed,Dry,161,60
2,Tall grassland,Ungrazed,Dry,161,65
2,Tall grassland,Ungrazed,Dry,161,100
2,Tall grassland,Ungrazed,Dry,161,95
2,Tall grassland,Grazed,Dry,161,115
2,Tall grassland,Grazed,Dry,161,130
2,Tall grassland,Grazed,Dry,161,105
2,Tall grassland,Grazed,Dry,161,110
2,Tall grassland,Grazed,Dry,161,85
2,Tall grassland,Grazed,Dry,161,80
2,Tall grassland,Grazed,Dry,161,105
2,Tall grassland,Grazed,Dry,161,105
3,Short grassland,Ungrazed,Dry,161,15
3,Short grassland,Ungrazed,Dry,161,19
3,Short grassland,Ungrazed,Dry,161,15
3,Short grassland,Ungrazed,Dry,161,11
3,Short grassland,Ungrazed,Dry,161,15
3,Short grassland,Ungrazed,Dry,161,12
3,Short grassland,Ungrazed,Dry,161,15
3,Short grassland,Ungrazed,Dry,161,13
3,Short grassland,Grazed,Dry,161,10
3,Short grassland,Grazed,Dry,161,7
3,Short grassland,Grazed,Dry,161,9
3,Short grassland,Grazed,Dry,161,10
3,Short grassland,Grazed,Dry,161,5
3,Short grassland,Grazed,Dry,161,10
3,Short grassland,Grazed,Dry,161,10
3,Short grassland,Grazed,Dry,161,10
3,Medium-tall grassland,Ungrazed,Dry,161,21
3,Medium-tall grassland,Ungrazed,Dry,161,22
3,Medium-tall grassland,Ungrazed,Dry,161,23
3,Medium-tall grassland,Ungrazed,Dry,161,27
3,Medium-tall grassland,Ungrazed,Dry,161,12
3,Medium-tall grassland,Ungrazed,Dry,161,18
3,Medium-tall grassland,Ungrazed,Dry,161,21
3,Medium-tall grassland,Ungrazed,Dry,161,16
3,Medium-tall grassland,Grazed,Dry,161,15
3,Medium-tall grassland,Grazed,Dry,161,17
3,Medium-tall grassland,Grazed,Dry,161,13
3,Medium-tall grassland,Grazed,Dry,161,16
3,Medium-tall grassland,Grazed,Dry,161,13
3,Medium-tall grassland,Grazed,Dry,161,16
3,Medium-tall grassland,Grazed,Dry,161,10
3,Medium-tall grassland,Grazed,Dry,161,26
3,Tall grassland,Ungrazed,Dry,161,33
3,Tall grassland,Ungrazed,Dry,161,30
3,Tall grassland,Ungrazed,Dry,161,25
3,Tall grassland,Ungrazed,Dry,161,35
3,Tall grassland,Ungrazed,Dry,161,40
3,Tall grassland,Ungrazed,Dry,161,30
3,Tall grassland,Ungrazed,Dry,161,33
3,Tall grassland,Ungrazed,Dry,161,30
3,Tall grassland,Grazed,Dry,161,22
3,Tall grassland,Grazed,Dry,161,28
3,Tall grassland,Grazed,Dry,161,30
3,Tall grassland,Grazed,Dry,161,26
3,Tall grassland,Grazed,Dry,161,22
3,Tall grassland,Grazed,Dry,161,26
3,Tall grassland,Grazed,Dry,161,20
3,Tall grassland,Grazed,Dry,161,32
4,Short grassland,Ungrazed,Dry,161,11
4,Short grassland,Ungrazed,Dry,161,24
4,Short grassland,Ungrazed,Dry,161,15
4,Short grassland,Ungrazed,Dry,161,14
4,Short grassland,Ungrazed,Dry,161,19
4,Short grassland,Ungrazed,Dry,161,21
4,Short grassland,Ungrazed,Dry,161,40
4,Short grassland,Ungrazed,Dry,161,16
4,Short grassland,Grazed,Dry,161,6
4,Short grassland,Grazed,Dry,161,4
4,Short grassland,Grazed,Dry,161,3
4,Short grassland,Grazed,Dry,161,7
4,Short grassland,Grazed,Dry,161,10
4,Short grassland,Grazed,Dry,161,8
4,Short grassland,Grazed,Dry,161,9
4,Short grassland,Grazed,Dry,161,9
4,Medium-tall grassland,Ungrazed,Dry,161,25
4,Medium-tall grassland,Ungrazed,Dry,161,30
4,Medium-tall grassland,Ungrazed,Dry,161,45
4,Medium-tall grassland,Ungrazed,Dry,161,32
4,Medium-tall grassland,Ungrazed,Dry,161,37
4,Medium-tall grassland,Ungrazed,Dry,161,44
4,Medium-tall grassland,Ungrazed,Dry,161,45
4,Medium-tall grassland,Ungrazed,Dry,161,70
4,Medium-tall grassland,Grazed,Dry,161,17
4,Medium-tall grassland,Grazed,Dry,161,18
4,Medium-tall grassland,Grazed,Dry,161,15
4,Medium-tall grassland,Grazed,Dry,161,12
4,Medium-tall grassland,Grazed,Dry,161,20
4,Medium-tall grassland,Grazed,Dry,161,21
4,Medium-tall grassland,Grazed,Dry,161,22
4,Medium-tall grassland,Grazed,Dry,161,17
4,Tall grassland,Ungrazed,Dry,161,35
4,Tall grassland,Ungrazed,Dry,161,34
4,Tall grassland,Ungrazed,Dry,161,90
4,Tall grassland,Ungrazed,Dry,161,35
4,Tall grassland,Ungrazed,Dry,161,37
4,Tall grassland,Ungrazed,Dry,161,40
4,Tall grassland,Ungrazed,Dry,161,80
4,Tall grassland,Ungrazed,Dry,161,45
4,Tall grassland,Grazed,Dry,161,70
4,Tall grassland,Grazed,Dry,161,43
4,Tall grassland,Grazed,Dry,161,23
4,Tall grassland,Grazed,Dry,161,32
4,Tall grassland,Grazed,Dry,161,16
4,Tall grassland,Grazed,Dry,161,60
4,Tall grassland,Grazed,Dry,161,26
4,Tall grassland,Grazed,Dry,161,35
5,Short grassland,Ungrazed,Dry,161,15
5,Short grassland,Ungrazed,Dry,161,17
5,Short grassland,Ungrazed,Dry,161,31
5,Short grassland,Ungrazed,Dry,161,18
5,Short grassland,Ungrazed,Dry,161,15
5,Short grassland,Ungrazed,Dry,161,14
5,Short grassland,Ungrazed,Dry,161,12
5,Short grassland,Ungrazed,Dry,161,25
5,Short grassland,Grazed,Dry,161,7
5,Short grassland,Grazed,Dry,161,8
5,Short grassland,Grazed,Dry,161,9
5,Short grassland,Grazed,Dry,161,9
5,Short grassland,Grazed,Dry,161,7
5,Short grassland,Grazed,Dry,161,7
5,Short grassland,Grazed,Dry,161,12
5,Short grassland,Grazed,Dry,161,8
5,Medium-tall grassland,Ungrazed,Dry,161,35
5,Medium-tall grassland,Ungrazed,Dry,161,38
5,Medium-tall grassland,Ungrazed,Dry,161,48
5,Medium-tall grassland,Ungrazed,Dry,161,63
5,Medium-tall grassland,Ungrazed,Dry,161,21
5,Medium-tall grassland,Ungrazed,Dry,161,26
5,Medium-tall grassland,Ungrazed,Dry,161,33
5,Medium-tall grassland,Ungrazed,Dry,161,34
5,Medium-tall grassland,Grazed,Dry,161,16
5,Medium-tall grassland,Grazed,Dry,161,25
5,Medium-tall grassland,Grazed,Dry,161,10
5,Medium-tall grassland,Grazed,Dry,161,13
5,Medium-tall grassland,Grazed,Dry,161,17
5,Medium-tall grassland,Grazed,Dry,161,30
5,Medium-tall grassland,Grazed,Dry,161,25
5,Medium-tall grassland,Grazed,Dry,161,28
5,Tall grassland,Ungrazed,Dry,161,85
5,Tall grassland,Ungrazed,Dry,161,90
5,Tall grassland,Ungrazed,Dry,161,95
5,Tall grassland,Ungrazed,Dry,161,90
5,Tall grassland,Ungrazed,Dry,161,95
5,Tall grassland,Ungrazed,Dry,161,75
5,Tall grassland,Ungrazed,Dry,161,70
5,Tall grassland,Ungrazed,Dry,161,90
5,Tall grassland,Grazed,Dry,161,50
5,Tall grassland,Grazed,Dry,161,100
5,Tall grassland,Grazed,Dry,161,80
5,Tall grassland,Grazed,Dry,161,90
5,Tall grassland,Grazed,Dry,161,90
5,Tall grassland,Grazed,Dry,161,110
5,Tall grassland,Grazed,Dry,161,105
5,Tall grassland,Grazed,Dry,161,45
6,Short grassland,Ungrazed,Dry,161,15
6,Short grassland,Ungrazed,Dry,161,16
6,Short grassland,Ungrazed,Dry,161,26
6,Short grassland,Ungrazed,Dry,161,15
6,Short grassland,Ungrazed,Dry,161,22
6,Short grassland,Ungrazed,Dry,161,23
6,Short grassland,Ungrazed,Dry,161,32
6,Short grassland,Ungrazed,Dry,161,20
6,Short grassland,Grazed,Dry,161,11
6,Short grassland,Grazed,Dry,161,7
6,Short grassland,Grazed,Dry,161,10
6,Short grassland,Grazed,Dry,161,9
6,Short grassland,Grazed,Dry,161,9
6,Short grassland,Grazed,Dry,161,17
6,Short grassland,Grazed,Dry,161,8
6,Short grassland,Grazed,Dry,161,9
6,Medium-tall grassland,Ungrazed,Dry,161,70
6,Medium-tall grassland,Ungrazed,Dry,161,30
6,Medium-tall grassland,Ungrazed,Dry,161,34
6,Medium-tall grassland,Ungrazed,Dry,161,35
6,Medium-tall grassland,Ungrazed,Dry,161,37
6,Medium-tall grassland,Ungrazed,Dry,161,42
6,Medium-tall grassland,Ungrazed,Dry,161,45
6,Medium-tall grassland,Ungrazed,Dry,161,55
6,Medium-tall grassland,Grazed,Dry,161,22
6,Medium-tall grassland,Grazed,Dry,161,30
6,Medium-tall grassland,Grazed,Dry,161,5
6,Medium-tall grassland,Grazed,Dry,161,20
6,Medium-tall grassland,Grazed,Dry,161,43
6,Medium-tall grassland,Grazed,Dry,161,33
6,Medium-tall grassland,Grazed,Dry,161,35
6,Medium-tall grassland,Grazed,Dry,161,15
6,Tall grassland,Ungrazed,Dry,161,65
6,Tall grassland,Ungrazed,Dry,161,75
6,Tall grassland,Ungrazed,Dry,161,85
6,Tall grassland,Ungrazed,Dry,161,95
6,Tall grassland,Ungrazed,Dry,161,83
6,Tall grassland,Ungrazed,Dry,161,92
6,Tall grassland,Ungrazed,Dry,161,84
6,Tall grassland,Ungrazed,Dry,161,80
6,Tall grassland,Grazed,Dry,161,70
6,Tall grassland,Grazed,Dry,161,55
6,Tall grassland,Grazed,Dry,161,78
6,Tall grassland,Grazed,Dry,161,65
6,Tall grassland,Grazed,Dry,161,110
6,Tall grassland,Grazed,Dry,161,110
6,Tall grassland,Grazed,Dry,161,175
6,Tall grassland,Grazed,Dry,161,110
7,Short grassland,Ungrazed,Dry,161,15
7,Short grassland,Ungrazed,Dry,161,20
7,Short grassland,Ungrazed,Dry,161,18
7,Short grassland,Ungrazed,Dry,161,15
7,Short grassland,Ungrazed,Dry,161,17
7,Short grassland,Ungrazed,Dry,161,25
7,Short grassland,Ungrazed,Dry,161,15
7,Short grassland,Ungrazed,Dry,161,12
7,Short grassland,Grazed,Dry,161,22
7,Short grassland,Grazed,Dry,161,15
7,Short grassland,Grazed,Dry,161,12
7,Short grassland,Grazed,Dry,161,14
7,Short grassland,Grazed,Dry,161,10
7,Short grassland,Grazed,Dry,161,10
7,Short grassland,Grazed,Dry,161,13
7,Short grassland,Grazed,Dry,161,20
7,Medium-tall grassland,Ungrazed,Dry,161,70
7,Medium-tall grassland,Ungrazed,Dry,161,65
7,Medium-tall grassland,Ungrazed,Dry,161,70
7,Medium-tall grassland,Ungrazed,Dry,161,100
7,Medium-tall grassland,Ungrazed,Dry,161,55
7,Medium-tall grassland,Ungrazed,Dry,161,35
7,Medium-tall grassland,Ungrazed,Dry,161,37
7,Medium-tall grassland,Ungrazed,Dry,161,53
7,Medium-tall grassland,Grazed,Dry,161,65
7,Medium-tall grassland,Grazed,Dry,161,37
7,Medium-tall grassland,Grazed,Dry,161,16
7,Medium-tall grassland,Grazed,Dry,161,33
7,Medium-tall grassland,Grazed,Dry,161,13
7,Medium-tall grassland,Grazed,Dry,161,14
7,Medium-tall grassland,Grazed,Dry,161,70
7,Medium-tall grassland,Grazed,Dry,161,25
7,Tall grassland,Ungrazed,Dry,161,75
7,Tall grassland,Ungrazed,Dry,161,10
7,Tall grassland,Ungrazed,Dry,161,85
7,Tall grassland,Ungrazed,Dry,161,75
7,Tall grassland,Ungrazed,Dry,161,80
7,Tall grassland,Ungrazed,Dry,161,115
7,Tall grassland,Ungrazed,Dry,161,85
7,Tall grassland,Ungrazed,Dry,161,70
7,Tall grassland,Grazed,Dry,161,36
7,Tall grassland,Grazed,Dry,161,50
7,Tall grassland,Grazed,Dry,161,65
7,Tall grassland,Grazed,Dry,161,55
7,Tall grassland,Grazed,Dry,161,90
7,Tall grassland,Grazed,Dry,161,100
7,Tall grassland,Grazed,Dry,161,80
7,Tall grassland,Grazed,Dry,161,98
8,Short grassland,Ungrazed,Dry,161,15
8,Short grassland,Ungrazed,Dry,161,12
8,Short grassland,Ungrazed,Dry,161,17
8,Short grassland,Ungrazed,Dry,161,15
8,Short grassland,Ungrazed,Dry,161,13
8,Short grassland,Ungrazed,Dry,161,17
8,Short grassland,Ungrazed,Dry,161,32
8,Short grassland,Ungrazed,Dry,161,12
8,Short grassland,Grazed,Dry,161,13
8,Short grassland,Grazed,Dry,161,14
8,Short grassland,Grazed,Dry,161,21
8,Short grassland,Grazed,Dry,161,17
8,Short grassland,Grazed,Dry,161,11
8,Short grassland,Grazed,Dry,161,8
8,Short grassland,Grazed,Dry,161,9
8,Short grassland,Grazed,Dry,161,12
8,Medium-tall grassland,Ungrazed,Dry,161,45
8,Medium-tall grassland,Ungrazed,Dry,161,40
8,Medium-tall grassland,Ungrazed,Dry,161,30
8,Medium-tall grassland,Ungrazed,Dry,161,28
8,Medium-tall grassland,Ungrazed,Dry,161,36
8,Medium-tall grassland,Ungrazed,Dry,161,35
8,Medium-tall grassland,Ungrazed,Dry,161,40
8,Medium-tall grassland,Ungrazed,Dry,161,41
8,Medium-tall grassland,Grazed,Dry,161,18
8,Medium-tall grassland,Grazed,Dry,161,16
8,Medium-tall grassland,Grazed,Dry,161,20
8,Medium-tall grassland,Grazed,Dry,161,17
8,Medium-tall grassland,Grazed,Dry,161,25
8,Medium-tall grassland,Grazed,Dry,161,18
8,Medium-tall grassland,Grazed,Dry,161,14
8,Medium-tall grassland,Grazed,Dry,161,16
8,Tall grassland,Ungrazed,Dry,161,100
8,Tall grassland,Ungrazed,Dry,161,95
8,Tall grassland,Ungrazed,Dry,161,125
8,Tall grassland,Ungrazed,Dry,161,80
8,Tall grassland,Ungrazed,Dry,161,95
8,Tall grassland,Ungrazed,Dry,161,90
8,Tall grassland,Ungrazed,Dry,161,80
8,Tall grassland,Ungrazed,Dry,161,120
8,Tall grassland,Grazed,Dry,161,70
8,Tall grassland,Grazed,Dry,161,40
8,Tall grassland,Grazed,Dry,161,75
8,Tall grassland,Grazed,Dry,161,35
8,Tall grassland,Grazed,Dry,161,65
8,Tall grassland,Grazed,Dry,161,50
8,Tall grassland,Grazed,Dry,161,90
8,Tall grassland,Grazed,Dry,161,80
9,Short grassland,Ungrazed,Dry,161,15
9,Short grassland,Ungrazed,Dry,161,12
9,Short grassland,Ungrazed,Dry,161,21
9,Short grassland,Ungrazed,Dry,161,17
9,Short grassland,Ungrazed,Dry,161,20
9,Short grassland,Ungrazed,Dry,161,15
9,Short grassland,Ungrazed,Dry,161,16
9,Short grassland,Ungrazed,Dry,161,20
9,Short grassland,Grazed,Dry,161,9
9,Short grassland,Grazed,Dry,161,10
9,Short grassland,Grazed,Dry,161,7
9,Short grassland,Grazed,Dry,161,9
9,Short grassland,Grazed,Dry,161,6
9,Short grassland,Grazed,Dry,161,9
9,Short grassland,Grazed,Dry,161,10
9,Short grassland,Grazed,Dry,161,6
9,Medium-tall grassland,Ungrazed,Dry,161,30
9,Medium-tall grassland,Ungrazed,Dry,161,32
9,Medium-tall grassland,Ungrazed,Dry,161,45
9,Medium-tall grassland,Ungrazed,Dry,161,25
9,Medium-tall grassland,Ungrazed,Dry,161,45
9,Medium-tall grassland,Ungrazed,Dry,161,45
9,Medium-tall grassland,Ungrazed,Dry,161,75
9,Medium-tall grassland,Ungrazed,Dry,161,70
9,Medium-tall grassland,Grazed,Dry,161,25
9,Medium-tall grassland,Grazed,Dry,161,23
9,Medium-tall grassland,Grazed,Dry,161,16
9,Medium-tall grassland,Grazed,Dry,161,17
9,Medium-tall grassland,Grazed,Dry,161,19
9,Medium-tall grassland,Grazed,Dry,161,25
9,Medium-tall grassland,Grazed,Dry,161,65
9,Medium-tall grassland,Grazed,Dry,161,30
9,Tall grassland,Ungrazed,Dry,161,76
9,Tall grassland,Ungrazed,Dry,161,100
9,Tall grassland,Ungrazed,Dry,161,110
9,Tall grassland,Ungrazed,Dry,161,110
9,Tall grassland,Ungrazed,Dry,161,80
9,Tall grassland,Ungrazed,Dry,161,96
9,Tall grassland,Ungrazed,Dry,161,85
9,Tall grassland,Ungrazed,Dry,161,90
9,Tall grassland,Grazed,Dry,161,65
9,Tall grassland,Grazed,Dry,161,58
9,Tall grassland,Grazed,Dry,161,80
9,Tall grassland,Grazed,Dry,161,76
9,Tall grassland,Grazed,Dry,161,90
9,Tall grassland,Grazed,Dry,161,47
9,Tall grassland,Grazed,Dry,161,85
9,Tall grassland,Grazed,Dry,161,65
10,Short grassland,Ungrazed,Dry,161,21
10,Short grassland,Ungrazed,Dry,161,43
10,Short grassland,Ungrazed,Dry,161,45
10,Short grassland,Ungrazed,Dry,161,37
10,Short grassland,Ungrazed,Dry,161,28
10,Short grassland,Ungrazed,Dry,161,40
10,Short grassland,Ungrazed,Dry,161,31
10,Short grassland,Ungrazed,Dry,161,24
10,Short grassland,Grazed,Dry,161,6
10,Short grassland,Grazed,Dry,161,11
10,Short grassland,Grazed,Dry,161,15
10,Short grassland,Grazed,Dry,161,12
10,Short grassland,Grazed,Dry,161,8
10,Short grassland,Grazed,Dry,161,7
10,Short grassland,Grazed,Dry,161,10
10,Short grassland,Grazed,Dry,161,8
10,Medium-tall grassland,Ungrazed,Dry,161,36
10,Medium-tall grassland,Ungrazed,Dry,161,35
10,Medium-tall grassland,Ungrazed,Dry,161,45
10,Medium-tall grassland,Ungrazed,Dry,161,29
10,Medium-tall grassland,Ungrazed,Dry,161,41
10,Medium-tall grassland,Ungrazed,Dry,161,40
10,Medium-tall grassland,Ungrazed,Dry,161,41
10,Medium-tall grassland,Ungrazed,Dry,161,40
10,Medium-tall grassland,Grazed,Dry,161,9
10,Medium-tall grassland,Grazed,Dry,161,116
10,Medium-tall grassland,Grazed,Dry,161,23
10,Medium-tall grassland,Grazed,Dry,161,24
10,Medium-tall grassland,Grazed,Dry,161,27
10,Medium-tall grassland,Grazed,Dry,161,26
10,Medium-tall grassland,Grazed,Dry,161,51
10,Medium-tall grassland,Grazed,Dry,161,16
10,Tall grassland,Ungrazed,Dry,161,55
10,Tall grassland,Ungrazed,Dry,161,93
10,Tall grassland,Ungrazed,Dry,161,100
10,Tall grassland,Ungrazed,Dry,161,110
10,Tall grassland,Ungrazed,Dry,161,90
10,Tall grassland,Ungrazed,Dry,161,85
10,Tall grassland,Ungrazed,Dry,161,70
10,Tall grassland,Ungrazed,Dry,161,73
10,Tall grassland,Grazed,Dry,161,120
10,Tall grassland,Grazed,Dry,161,60
10,Tall grassland,Grazed,Dry,161,40
10,Tall grassland,Grazed,Dry,161,70
10,Tall grassland,Grazed,Dry,161,55
10,Tall grassland,Grazed,Dry,161,82
10,Tall grassland,Grazed,Dry,161,55
10,Tall grassland,Grazed,Dry,161,75
1,Medium-tall grassland,Ungrazed,Wet,389,47
1,Medium-tall grassland,Ungrazed,Wet,389,44
1,Medium-tall grassland,Ungrazed,Wet,389,42
1,Medium-tall grassland,Ungrazed,Wet,389,43
1,Medium-tall grassland,Ungrazed,Wet,389,31
1,Medium-tall grassland,Ungrazed,Wet,389,42
1,Medium-tall grassland,Ungrazed,Wet,389,46
1,Medium-tall grassland,Ungrazed,Wet,389,39
1,Medium-tall grassland,Grazed,Wet,389,25
1,Medium-tall grassland,Grazed,Wet,389,18
1,Medium-tall grassland,Grazed,Wet,389,25
1,Medium-tall grassland,Grazed,Wet,389,13
1,Medium-tall grassland,Grazed,Wet,389,20
1,Medium-tall grassland,Grazed,Wet,389,17
1,Medium-tall grassland,Grazed,Wet,389,18
1,Medium-tall grassland,Grazed,Wet,389,15
1,Tall grassland,Ungrazed,Wet,389,105
1,Tall grassland,Ungrazed,Wet,389,121
1,Tall grassland,Ungrazed,Wet,389,76
1,Tall grassland,Ungrazed,Wet,389,83
1,Tall grassland,Ungrazed,Wet,389,110
1,Tall grassland,Ungrazed,Wet,389,100
1,Tall grassland,Ungrazed,Wet,389,108
1,Tall grassland,Ungrazed,Wet,389,127
1,Tall grassland,Grazed,Wet,389,105
1,Tall grassland,Grazed,Wet,389,104
1,Tall grassland,Grazed,Wet,389,94
1,Tall grassland,Grazed,Wet,389,62
1,Tall grassland,Grazed,Wet,389,112
1,Tall grassland,Grazed,Wet,389,76
1,Tall grassland,Grazed,Wet,389,112
1,Tall grassland,Grazed,Wet,389,120
2,Medium-tall grassland,Ungrazed,Wet,389,42
2,Medium-tall grassland,Ungrazed,Wet,389,58
2,Medium-tall grassland,Ungrazed,Wet,389,48
2,Medium-tall grassland,Ungrazed,Wet,389,51
2,Medium-tall grassland,Ungrazed,Wet,389,38
2,Medium-tall grassland,Ungrazed,Wet,389,50
2,Medium-tall grassland,Ungrazed,Wet,389,51
2,Medium-tall grassland,Ungrazed,Wet,389,49
2,Medium-tall grassland,Grazed,Wet,389,24
2,Medium-tall grassland,Grazed,Wet,389,17
2,Medium-tall grassland,Grazed,Wet,389,25
2,Medium-tall grassland,Grazed,Wet,389,24
2,Medium-tall grassland,Grazed,Wet,389,21
2,Medium-tall grassland,Grazed,Wet,389,22
2,Medium-tall grassland,Grazed,Wet,389,30
2,Medium-tall grassland,Grazed,Wet,389,29
2,Tall grassland,Ungrazed,Wet,389,121
2,Tall grassland,Ungrazed,Wet,389,122
2,Tall grassland,Ungrazed,Wet,389,125
2,Tall grassland,Ungrazed,Wet,389,104
2,Tall grassland,Ungrazed,Wet,389,72
2,Tall grassland,Ungrazed,Wet,389,98
2,Tall grassland,Ungrazed,Wet,389,107
2,Tall grassland,Ungrazed,Wet,389,110
2,Tall grassland,Grazed,Wet,389,126
2,Tall grassland,Grazed,Wet,389,42
2,Tall grassland,Grazed,Wet,389,121
2,Tall grassland,Grazed,Wet,389,102
2,Tall grassland,Grazed,Wet,389,121
2,Tall grassland,Grazed,Wet,389,90
2,Tall grassland,Grazed,Wet,389,111
2,Tall grassland,Grazed,Wet,389,111
3,Short grassland,Ungrazed,Wet,389,24
3,Short grassland,Ungrazed,Wet,389,27
3,Short grassland,Ungrazed,Wet,389,32
3,Short grassland,Ungrazed,Wet,389,29
3,Short grassland,Ungrazed,Wet,389,19
3,Short grassland,Ungrazed,Wet,389,17
3,Short grassland,Ungrazed,Wet,389,21
3,Short grassland,Ungrazed,Wet,389,24
3,Short grassland,Grazed,Wet,389,5
3,Short grassland,Grazed,Wet,389,5
3,Short grassland,Grazed,Wet,389,5
3,Short grassland,Grazed,Wet,389,3
3,Short grassland,Grazed,Wet,389,4
3,Short grassland,Grazed,Wet,389,6
3,Short grassland,Grazed,Wet,389,10
3,Short grassland,Grazed,Wet,389,5
3,Medium-tall grassland,Ungrazed,Wet,389,36
3,Medium-tall grassland,Ungrazed,Wet,389,44
3,Medium-tall grassland,Ungrazed,Wet,389,35
3,Medium-tall grassland,Ungrazed,Wet,389,45
3,Medium-tall grassland,Ungrazed,Wet,389,40
3,Medium-tall grassland,Ungrazed,Wet,389,26
3,Medium-tall grassland,Ungrazed,Wet,389,48
3,Medium-tall grassland,Ungrazed,Wet,389,34
3,Medium-tall grassland,Grazed,Wet,389,18
3,Medium-tall grassland,Grazed,Wet,389,16
3,Medium-tall grassland,Grazed,Wet,389,16
3,Medium-tall grassland,Grazed,Wet,389,15
3,Medium-tall grassland,Grazed,Wet,389,11
3,Medium-tall grassland,Grazed,Wet,389,16
3,Medium-tall grassland,Grazed,Wet,389,20
3,Medium-tall grassland,Grazed,Wet,389,13
3,Tall grassland,Ungrazed,Wet,389,18
3,Tall grassland,Ungrazed,Wet,389,20
3,Tall grassland,Ungrazed,Wet,389,39
3,Tall grassland,Ungrazed,Wet,389,24
3,Tall grassland,Ungrazed,Wet,389,27
3,Tall grassland,Ungrazed,Wet,389,30
3,Tall grassland,Ungrazed,Wet,389,36
3,Tall grassland,Ungrazed,Wet,389,29
3,Tall grassland,Grazed,Wet,389,23
3,Tall grassland,Grazed,Wet,389,25
3,Tall grassland,Grazed,Wet,389,25
3,Tall grassland,Grazed,Wet,389,20
3,Tall grassland,Grazed,Wet,389,26
3,Tall grassland,Grazed,Wet,389,18
3,Tall grassland,Grazed,Wet,389,20
3,Tall grassland,Grazed,Wet,389,43
4,Short grassland,Ungrazed,Wet,389,33
4,Short grassland,Ungrazed,Wet,389,39
4,Short grassland,Ungrazed,Wet,389,41
4,Short grassland,Ungrazed,Wet,389,35
4,Short grassland,Ungrazed,Wet,389,46
4,Short grassland,Ungrazed,Wet,389,42
4,Short grassland,Ungrazed,Wet,389,43
4,Short grassland,Ungrazed,Wet,389,38
4,Short grassland,Grazed,Wet,389,6
4,Short grassland,Grazed,Wet,389,5
4,Short grassland,Grazed,Wet,389,6
4,Short grassland,Grazed,Wet,389,4
4,Short grassland,Grazed,Wet,389,6
4,Short grassland,Grazed,Wet,389,5
4,Short grassland,Grazed,Wet,389,7
4,Short grassland,Grazed,Wet,389,5
4,Medium-tall grassland,Ungrazed,Wet,389,43
4,Medium-tall grassland,Ungrazed,Wet,389,39
4,Medium-tall grassland,Ungrazed,Wet,389,51
4,Medium-tall grassland,Ungrazed,Wet,389,45
4,Medium-tall grassland,Ungrazed,Wet,389,46
4,Medium-tall grassland,Ungrazed,Wet,389,42
4,Medium-tall grassland,Ungrazed,Wet,389,41
4,Medium-tall grassland,Ungrazed,Wet,389,47
4,Medium-tall grassland,Grazed,Wet,389,29
4,Medium-tall grassland,Grazed,Wet,389,22
4,Medium-tall grassland,Grazed,Wet,389,36
4,Medium-tall grassland,Grazed,Wet,389,27
4,Medium-tall grassland,Grazed,Wet,389,38
4,Medium-tall grassland,Grazed,Wet,389,23
4,Medium-tall grassland,Grazed,Wet,389,22
4,Medium-tall grassland,Grazed,Wet,389,26
4,Tall grassland,Ungrazed,Wet,389,47
4,Tall grassland,Ungrazed,Wet,389,40
4,Tall grassland,Ungrazed,Wet,389,45
4,Tall grassland,Ungrazed,Wet,389,45
4,Tall grassland,Ungrazed,Wet,389,56
4,Tall grassland,Ungrazed,Wet,389,60
4,Tall grassland,Ungrazed,Wet,389,49
4,Tall grassland,Ungrazed,Wet,389,40
4,Tall grassland,Grazed,Wet,389,84
4,Tall grassland,Grazed,Wet,389,90
4,Tall grassland,Grazed,Wet,389,65
4,Tall grassland,Grazed,Wet,389,52
4,Tall grassland,Grazed,Wet,389,69
4,Tall grassland,Grazed,Wet,389,46
4,Tall grassland,Grazed,Wet,389,55
4,Tall grassland,Grazed,Wet,389,35
5,Short grassland,Ungrazed,Wet,389,43
5,Short grassland,Ungrazed,Wet,389,45
5,Short grassland,Ungrazed,Wet,389,38
5,Short grassland,Ungrazed,Wet,389,31
5,Short grassland,Ungrazed,Wet,389,42
5,Short grassland,Ungrazed,Wet,389,36
5,Short grassland,Ungrazed,Wet,389,33
5,Short grassland,Ungrazed,Wet,389,35
5,Short grassland,Grazed,Wet,389,4
5,Short grassland,Grazed,Wet,389,5
5,Short grassland,Grazed,Wet,389,5
5,Short grassland,Grazed,Wet,389,6
5,Short grassland,Grazed,Wet,389,4
5,Short grassland,Grazed,Wet,389,5
5,Short grassland,Grazed,Wet,389,7
5,Short grassland,Grazed,Wet,389,6
5,Medium-tall grassland,Ungrazed,Wet,389,52
5,Medium-tall grassland,Ungrazed,Wet,389,45
5,Medium-tall grassland,Ungrazed,Wet,389,59
5,Medium-tall grassland,Ungrazed,Wet,389,48
5,Medium-tall grassland,Ungrazed,Wet,389,38
5,Medium-tall grassland,Ungrazed,Wet,389,65
5,Medium-tall grassland,Ungrazed,Wet,389,54
5,Medium-tall grassland,Ungrazed,Wet,389,42
5,Medium-tall grassland,Grazed,Wet,389,6
5,Medium-tall grassland,Grazed,Wet,389,33
5,Medium-tall grassland,Grazed,Wet,389,15
5,Medium-tall grassland,Grazed,Wet,389,12
5,Medium-tall grassland,Grazed,Wet,389,8
5,Medium-tall grassland,Grazed,Wet,389,16
5,Medium-tall grassland,Grazed,Wet,389,22
5,Medium-tall grassland,Grazed,Wet,389,10
5,Tall grassland,Ungrazed,Wet,389,117
5,Tall grassland,Ungrazed,Wet,389,88
5,Tall grassland,Ungrazed,Wet,389,70
5,Tall grassland,Ungrazed,Wet,389,67
5,Tall grassland,Ungrazed,Wet,389,105
5,Tall grassland,Ungrazed,Wet,389,102
5,Tall grassland,Ungrazed,Wet,389,92
5,Tall grassland,Ungrazed,Wet,389,86
5,Tall grassland,Grazed,Wet,389,50
5,Tall grassland,Grazed,Wet,389,73
5,Tall grassland,Grazed,Wet,389,40
5,Tall grassland,Grazed,Wet,389,61
5,Tall grassland,Grazed,Wet,389,86
5,Tall grassland,Grazed,Wet,389,70
5,Tall grassland,Grazed,Wet,389,98
5,Tall grassland,Grazed,Wet,389,86
6,Short grassland,Ungrazed,Wet,389,31
6,Short grassland,Ungrazed,Wet,389,36
6,Short grassland,Ungrazed,Wet,389,40
6,Short grassland,Ungrazed,Wet,389,38
6,Short grassland,Ungrazed,Wet,389,48
6,Short grassland,Ungrazed,Wet,389,54
6,Short grassland,Ungrazed,Wet,389,56
6,Short grassland,Ungrazed,Wet,389,41
6,Short grassland,Grazed,Wet,389,4
6,Short grassland,Grazed,Wet,389,6
6,Short grassland,Grazed,Wet,389,5
6,Short grassland,Grazed,Wet,389,2
6,Short grassland,Grazed,Wet,389,3
6,Short grassland,Grazed,Wet,389,8
6,Short grassland,Grazed,Wet,389,4
6,Short grassland,Grazed,Wet,389,3
6,Medium-tall grassland,Ungrazed,Wet,389,56
6,Medium-tall grassland,Ungrazed,Wet,389,51
6,Medium-tall grassland,Ungrazed,Wet,389,52
6,Medium-tall grassland,Ungrazed,Wet,389,57
6,Medium-tall grassland,Ungrazed,Wet,389,37
6,Medium-tall grassland,Ungrazed,Wet,389,51
6,Medium-tall grassland,Ungrazed,Wet,389,55
6,Medium-tall grassland,Ungrazed,Wet,389,72
6,Medium-tall grassland,Grazed,Wet,389,22
6,Medium-tall grassland,Grazed,Wet,389,33
6,Medium-tall grassland,Grazed,Wet,389,9
6,Medium-tall grassland,Grazed,Wet,389,26
6,Medium-tall grassland,Grazed,Wet,389,49
6,Medium-tall grassland,Grazed,Wet,389,40
6,Medium-tall grassland,Grazed,Wet,389,36
6,Medium-tall grassland,Grazed,Wet,389,8
6,Tall grassland,Ungrazed,Wet,389,85
6,Tall grassland,Ungrazed,Wet,389,83
6,Tall grassland,Ungrazed,Wet,389,90
6,Tall grassland,Ungrazed,Wet,389,90
6,Tall grassland,Ungrazed,Wet,389,92
6,Tall grassland,Ungrazed,Wet,389,78
6,Tall grassland,Ungrazed,Wet,389,98
6,Tall grassland,Ungrazed,Wet,389,87
6,Tall grassland,Grazed,Wet,389,112
6,Tall grassland,Grazed,Wet,389,100
6,Tall grassland,Grazed,Wet,389,101
6,Tall grassland,Grazed,Wet,389,67
6,Tall grassland,Grazed,Wet,389,110
6,Tall grassland,Grazed,Wet,389,120
6,Tall grassland,Grazed,Wet,389,96
6,Tall grassland,Grazed,Wet,389,99
7,Short grassland,Ungrazed,Wet,389,27
7,Short grassland,Ungrazed,Wet,389,24
7,Short grassland,Ungrazed,Wet,389,40
7,Short grassland,Ungrazed,Wet,389,25
7,Short grassland,Ungrazed,Wet,389,32
7,Short grassland,Ungrazed,Wet,389,40
7,Short grassland,Ungrazed,Wet,389,27
7,Short grassland,Ungrazed,Wet,389,25
7,Short grassland,Grazed,Wet,389,8
7,Short grassland,Grazed,Wet,389,13
7,Short grassland,Grazed,Wet,389,16
7,Short grassland,Grazed,Wet,389,11
7,Short grassland,Grazed,Wet,389,10
7,Short grassland,Grazed,Wet,389,14
7,Short grassland,Grazed,Wet,389,12
7,Short grassland,Grazed,Wet,389,14
7,Medium-tall grassland,Ungrazed,Wet,389,78
7,Medium-tall grassland,Ungrazed,Wet,389,81
7,Medium-tall grassland,Ungrazed,Wet,389,65
7,Medium-tall grassland,Ungrazed,Wet,389,40
7,Medium-tall grassland,Ungrazed,Wet,389,50
7,Medium-tall grassland,Ungrazed,Wet,389,75
7,Medium-tall grassland,Ungrazed,Wet,389,49
7,Medium-tall grassland,Ungrazed,Wet,389,80
7,Medium-tall grassland,Grazed,Wet,389,37
7,Medium-tall grassland,Grazed,Wet,389,13
7,Medium-tall grassland,Grazed,Wet,389,11
7,Medium-tall grassland,Grazed,Wet,389,31
7,Medium-tall grassland,Grazed,Wet,389,17
7,Medium-tall grassland,Grazed,Wet,389,18
7,Medium-tall grassland,Grazed,Wet,389,22
7,Medium-tall grassland,Grazed,Wet,389,38
7,Tall grassland,Ungrazed,Wet,389,116
7,Tall grassland,Ungrazed,Wet,389,0
7,Tall grassland,Ungrazed,Wet,389,100
7,Tall grassland,Ungrazed,Wet,389,86
7,Tall grassland,Ungrazed,Wet,389,84
7,Tall grassland,Ungrazed,Wet,389,123
7,Tall grassland,Ungrazed,Wet,389,90
7,Tall grassland,Ungrazed,Wet,389,76
7,Tall grassland,Grazed,Wet,389,65
7,Tall grassland,Grazed,Wet,389,93
7,Tall grassland,Grazed,Wet,389,90
7,Tall grassland,Grazed,Wet,389,53
7,Tall grassland,Grazed,Wet,389,93
7,Tall grassland,Grazed,Wet,389,120
7,Tall grassland,Grazed,Wet,389,60
7,Tall grassland,Grazed,Wet,389,84
8,Short grassland,Ungrazed,Wet,389,54
8,Short grassland,Ungrazed,Wet,389,40
8,Short grassland,Ungrazed,Wet,389,48
8,Short grassland,Ungrazed,Wet,389,44
8,Short grassland,Ungrazed,Wet,389,48
8,Short grassland,Ungrazed,Wet,389,49
8,Short grassland,Ungrazed,Wet,389,99
8,Short grassland,Ungrazed,Wet,389,87
8,Short grassland,Grazed,Wet,389,9
8,Short grassland,Grazed,Wet,389,8
8,Short grassland,Grazed,Wet,389,7
8,Short grassland,Grazed,Wet,389,7
8,Short grassland,Grazed,Wet,389,6
8,Short grassland,Grazed,Wet,389,13
8,Short grassland,Grazed,Wet,389,22
8,Short grassland,Grazed,Wet,389,6
8,Medium-tall grassland,Ungrazed,Wet,389,69
8,Medium-tall grassland,Ungrazed,Wet,389,60
8,Medium-tall grassland,Ungrazed,Wet,389,62
8,Medium-tall grassland,Ungrazed,Wet,389,72
8,Medium-tall grassland,Ungrazed,Wet,389,49
8,Medium-tall grassland,Ungrazed,Wet,389,53
8,Medium-tall grassland,Ungrazed,Wet,389,59
8,Medium-tall grassland,Ungrazed,Wet,389,47
8,Medium-tall grassland,Grazed,Wet,389,29
8,Medium-tall grassland,Grazed,Wet,389,30
8,Medium-tall grassland,Grazed,Wet,389,25
8,Medium-tall grassland,Grazed,Wet,389,25
8,Medium-tall grassland,Grazed,Wet,389,45
8,Medium-tall grassland,Grazed,Wet,389,21
8,Medium-tall grassland,Grazed,Wet,389,18
8,Medium-tall grassland,Grazed,Wet,389,32
8,Tall grassland,Ungrazed,Wet,389,110
8,Tall grassland,Ungrazed,Wet,389,118
8,Tall grassland,Ungrazed,Wet,389,110
8,Tall grassland,Ungrazed,Wet,389,98
8,Tall grassland,Ungrazed,Wet,389,97
8,Tall grassland,Ungrazed,Wet,389,89
8,Tall grassland,Ungrazed,Wet,389,117
8,Tall grassland,Ungrazed,Wet,389,100
8,Tall grassland,Grazed,Wet,389,108
8,Tall grassland,Grazed,Wet,389,93
8,Tall grassland,Grazed,Wet,389,86
8,Tall grassland,Grazed,Wet,389,82
8,Tall grassland,Grazed,Wet,389,97
8,Tall grassland,Grazed,Wet,389,100
8,Tall grassland,Grazed,Wet,389,95
8,Tall grassland,Grazed,Wet,389,96
9,Short grassland,Ungrazed,Wet,389,31
9,Short grassland,Ungrazed,Wet,389,36
9,Short grassland,Ungrazed,Wet,389,45
9,Short grassland,Ungrazed,Wet,389,34
9,Short grassland,Ungrazed,Wet,389,25
9,Short grassland,Ungrazed,Wet,389,28
9,Short grassland,Ungrazed,Wet,389,30
9,Short grassland,Ungrazed,Wet,389,43
9,Short grassland,Grazed,Wet,389,4
9,Short grassland,Grazed,Wet,389,5
9,Short grassland,Grazed,Wet,389,4
9,Short grassland,Grazed,Wet,389,5
9,Short grassland,Grazed,Wet,389,5
9,Short grassland,Grazed,Wet,389,6
9,Short grassland,Grazed,Wet,389,4
9,Short grassland,Grazed,Wet,389,7
9,Medium-tall grassland,Ungrazed,Wet,389,44
9,Medium-tall grassland,Ungrazed,Wet,389,43
9,Medium-tall grassland,Ungrazed,Wet,389,59
9,Medium-tall grassland,Ungrazed,Wet,389,47
9,Medium-tall grassland,Ungrazed,Wet,389,45
9,Medium-tall grassland,Ungrazed,Wet,389,56
9,Medium-tall grassland,Ungrazed,Wet,389,50
9,Medium-tall grassland,Ungrazed,Wet,389,50
9,Medium-tall grassland,Grazed,Wet,389,13
9,Medium-tall grassland,Grazed,Wet,389,6
9,Medium-tall grassland,Grazed,Wet,389,11
9,Medium-tall grassland,Grazed,Wet,389,29
9,Medium-tall grassland,Grazed,Wet,389,23
9,Medium-tall grassland,Grazed,Wet,389,28
9,Medium-tall grassland,Grazed,Wet,389,21
9,Medium-tall grassland,Grazed,Wet,389,15
9,Tall grassland,Ungrazed,Wet,389,91
9,Tall grassland,Ungrazed,Wet,389,94
9,Tall grassland,Ungrazed,Wet,389,104
9,Tall grassland,Ungrazed,Wet,389,114
9,Tall grassland,Ungrazed,Wet,389,91
9,Tall grassland,Ungrazed,Wet,389,115
9,Tall grassland,Ungrazed,Wet,389,87
9,Tall grassland,Ungrazed,Wet,389,65
9,Tall grassland,Grazed,Wet,389,70
9,Tall grassland,Grazed,Wet,389,47
9,Tall grassland,Grazed,Wet,389,61
9,Tall grassland,Grazed,Wet,389,53
9,Tall grassland,Grazed,Wet,389,42
9,Tall grassland,Grazed,Wet,389,81
9,Tall grassland,Grazed,Wet,389,77
9,Tall grassland,Grazed,Wet,389,62
10,Short grassland,Ungrazed,Wet,389,42
10,Short grassland,Ungrazed,Wet,389,43
10,Short grassland,Ungrazed,Wet,389,40
10,Short grassland,Ungrazed,Wet,389,57
10,Short grassland,Ungrazed,Wet,389,43
10,Short grassland,Ungrazed,Wet,389,46
10,Short grassland,Ungrazed,Wet,389,52
10,Short grassland,Ungrazed,Wet,389,37
10,Short grassland,Grazed,Wet,389,7
10,Short grassland,Grazed,Wet,389,14
10,Short grassland,Grazed,Wet,389,18
10,Short grassland,Grazed,Wet,389,13
10,Short grassland,Grazed,Wet,389,4
10,Short grassland,Grazed,Wet,389,11
10,Short grassland,Grazed,Wet,389,16
10,Short grassland,Grazed,Wet,389,22
10,Medium-tall grassland,Ungrazed,Wet,389,58
10,Medium-tall grassland,Ungrazed,Wet,389,59
10,Medium-tall grassland,Ungrazed,Wet,389,76
10,Medium-tall grassland,Ungrazed,Wet,389,73
10,Medium-tall grassland,Ungrazed,Wet,389,67
10,Medium-tall grassland,Ungrazed,Wet,389,62
10,Medium-tall grassland,Ungrazed,Wet,389,65
10,Medium-tall grassland,Ungrazed,Wet,389,85
10,Medium-tall grassland,Grazed,Wet,389,14
10,Medium-tall grassland,Grazed,Wet,389,6
10,Medium-tall grassland,Grazed,Wet,389,10
10,Medium-tall grassland,Grazed,Wet,389,7
10,Medium-tall grassland,Grazed,Wet,389,10
10,Medium-tall grassland,Grazed,Wet,389,92
10,Medium-tall grassland,Grazed,Wet,389,32
10,Medium-tall grassland,Grazed,Wet,389,28
10,Tall grassland,Ungrazed,Wet,389,79
10,Tall grassland,Ungrazed,Wet,389,84
10,Tall grassland,Ungrazed,Wet,389,87
10,Tall grassland,Ungrazed,Wet,389,98
10,Tall grassland,Ungrazed,Wet,389,58
10,Tall grassland,Ungrazed,Wet,389,78
10,Tall grassland,Ungrazed,Wet,389,87
10,Tall grassland,Ungrazed,Wet,389,95
10,Tall grassland,Grazed,Wet,389,95
10,Tall grassland,Grazed,Wet,389,35
10,Tall grassland,Grazed,Wet,389,106
10,Tall grassland,Grazed,Wet,389,27
10,Tall grassland,Grazed,Wet,389,69
10,Tall grassland,Grazed,Wet,389,78
10,Tall grassland,Grazed,Wet,389,56
10,Tall grassland,Grazed,Wet,389,71
1,Medium-tall grassland,Ungrazed,Dry,518,40
1,Medium-tall grassland,Ungrazed,Dry,518,43
1,Medium-tall grassland,Ungrazed,Dry,518,44
1,Medium-tall grassland,Ungrazed,Dry,518,42
1,Medium-tall grassland,Ungrazed,Dry,518,36
1,Medium-tall grassland,Ungrazed,Dry,518,36
1,Medium-tall grassland,Ungrazed,Dry,518,35
1,Medium-tall grassland,Ungrazed,Dry,518,40
1,Medium-tall grassland,Grazed,Dry,518,4
1,Medium-tall grassland,Grazed,Dry,518,4
1,Medium-tall grassland,Grazed,Dry,518,12
1,Medium-tall grassland,Grazed,Dry,518,6
1,Medium-tall grassland,Grazed,Dry,518,5
1,Medium-tall grassland,Grazed,Dry,518,4
1,Medium-tall grassland,Grazed,Dry,518,8
1,Medium-tall grassland,Grazed,Dry,518,4
1,Tall grassland,Ungrazed,Dry,518,102
1,Tall grassland,Ungrazed,Dry,518,101
1,Tall grassland,Ungrazed,Dry,518,50
1,Tall grassland,Ungrazed,Dry,518,100
1,Tall grassland,Ungrazed,Dry,518,97
1,Tall grassland,Ungrazed,Dry,518,102
1,Tall grassland,Ungrazed,Dry,518,104
1,Tall grassland,Ungrazed,Dry,518,95
1,Tall grassland,Grazed,Dry,518,65
1,Tall grassland,Grazed,Dry,518,82
1,Tall grassland,Grazed,Dry,518,81
1,Tall grassland,Grazed,Dry,518,77
1,Tall grassland,Grazed,Dry,518,85
1,Tall grassland,Grazed,Dry,518,76
1,Tall grassland,Grazed,Dry,518,94
1,Tall grassland,Grazed,Dry,518,90
2,Medium-tall grassland,Ungrazed,Dry,518,34
2,Medium-tall grassland,Ungrazed,Dry,518,45
2,Medium-tall grassland,Ungrazed,Dry,518,35
2,Medium-tall grassland,Ungrazed,Dry,518,50
2,Medium-tall grassland,Ungrazed,Dry,518,35
2,Medium-tall grassland,Ungrazed,Dry,518,22
2,Medium-tall grassland,Ungrazed,Dry,518,41
2,Medium-tall grassland,Ungrazed,Dry,518,36
2,Medium-tall grassland,Grazed,Dry,518,8
2,Medium-tall grassland,Grazed,Dry,518,11
2,Medium-tall grassland,Grazed,Dry,518,13
2,Medium-tall grassland,Grazed,Dry,518,12
2,Medium-tall grassland,Grazed,Dry,518,8
2,Medium-tall grassland,Grazed,Dry,518,10
2,Medium-tall grassland,Grazed,Dry,518,15
2,Medium-tall grassland,Grazed,Dry,518,8
2,Tall grassland,Ungrazed,Dry,518,96
2,Tall grassland,Ungrazed,Dry,518,99
2,Tall grassland,Ungrazed,Dry,518,108
2,Tall grassland,Ungrazed,Dry,518,98
2,Tall grassland,Ungrazed,Dry,518,65
2,Tall grassland,Ungrazed,Dry,518,67
2,Tall grassland,Ungrazed,Dry,518,96
2,Tall grassland,Ungrazed,Dry,518,96
2,Tall grassland,Grazed,Dry,518,93
2,Tall grassland,Grazed,Dry,518,56
2,Tall grassland,Grazed,Dry,518,95
2,Tall grassland,Grazed,Dry,518,63
2,Tall grassland,Grazed,Dry,518,44
2,Tall grassland,Grazed,Dry,518,88
2,Tall grassland,Grazed,Dry,518,71
2,Tall grassland,Grazed,Dry,518,74
3,Short grassland,Ungrazed,Dry,518,32
3,Short grassland,Ungrazed,Dry,518,12
3,Short grassland,Ungrazed,Dry,518,31
3,Short grassland,Ungrazed,Dry,518,20
3,Short grassland,Ungrazed,Dry,518,15
3,Short grassland,Ungrazed,Dry,518,28
3,Short grassland,Ungrazed,Dry,518,13
3,Short grassland,Ungrazed,Dry,518,27
3,Short grassland,Grazed,Dry,518,5
3,Short grassland,Grazed,Dry,518,6
3,Short grassland,Grazed,Dry,518,4
3,Short grassland,Grazed,Dry,518,5
3,Short grassland,Grazed,Dry,518,7
3,Short grassland,Grazed,Dry,518,10
3,Short grassland,Grazed,Dry,518,8
3,Short grassland,Grazed,Dry,518,5
3,Medium-tall grassland,Ungrazed,Dry,518,34
3,Medium-tall grassland,Ungrazed,Dry,518,48
3,Medium-tall grassland,Ungrazed,Dry,518,30
3,Medium-tall grassland,Ungrazed,Dry,518,34
3,Medium-tall grassland,Ungrazed,Dry,518,27
3,Medium-tall grassland,Ungrazed,Dry,518,34
3,Medium-tall grassland,Ungrazed,Dry,518,30
3,Medium-tall grassland,Ungrazed,Dry,518,38
3,Medium-tall grassland,Grazed,Dry,518,10
3,Medium-tall grassland,Grazed,Dry,518,15
3,Medium-tall grassland,Grazed,Dry,518,12
3,Medium-tall grassland,Grazed,Dry,518,17
3,Medium-tall grassland,Grazed,Dry,518,6
3,Medium-tall grassland,Grazed,Dry,518,21
3,Medium-tall grassland,Grazed,Dry,518,9
3,Medium-tall grassland,Grazed,Dry,518,20
3,Tall grassland,Ungrazed,Dry,518,32
3,Tall grassland,Ungrazed,Dry,518,35
3,Tall grassland,Ungrazed,Dry,518,27
3,Tall grassland,Ungrazed,Dry,518,36
3,Tall grassland,Ungrazed,Dry,518,22
3,Tall grassland,Ungrazed,Dry,518,29
3,Tall grassland,Ungrazed,Dry,518,35
3,Tall grassland,Ungrazed,Dry,518,32
3,Tall grassland,Grazed,Dry,518,56
3,Tall grassland,Grazed,Dry,518,32
3,Tall grassland,Grazed,Dry,518,29
3,Tall grassland,Grazed,Dry,518,28
3,Tall grassland,Grazed,Dry,518,24
3,Tall grassland,Grazed,Dry,518,28
3,Tall grassland,Grazed,Dry,518,24
3,Tall grassland,Grazed,Dry,518,53
4,Short grassland,Ungrazed,Dry,518,30
4,Short grassland,Ungrazed,Dry,518,32
4,Short grassland,Ungrazed,Dry,518,46
4,Short grassland,Ungrazed,Dry,518,34
4,Short grassland,Ungrazed,Dry,518,40
4,Short grassland,Ungrazed,Dry,518,30
4,Short grassland,Ungrazed,Dry,518,30
4,Short grassland,Ungrazed,Dry,518,38
4,Medium-tall grassland,Ungrazed,Dry,518,36
4,Medium-tall grassland,Ungrazed,Dry,518,50
4,Medium-tall grassland,Ungrazed,Dry,518,31
4,Medium-tall grassland,Ungrazed,Dry,518,51
4,Medium-tall grassland,Ungrazed,Dry,518,40
4,Medium-tall grassland,Ungrazed,Dry,518,30
4,Medium-tall grassland,Ungrazed,Dry,518,25
4,Medium-tall grassland,Ungrazed,Dry,518,40
4,Medium-tall grassland,Grazed,Dry,518,17
4,Medium-tall grassland,Grazed,Dry,518,18
4,Medium-tall grassland,Grazed,Dry,518,42
4,Medium-tall grassland,Grazed,Dry,518,23
4,Medium-tall grassland,Grazed,Dry,518,28
4,Medium-tall grassland,Grazed,Dry,518,24
4,Medium-tall grassland,Grazed,Dry,518,20
4,Medium-tall grassland,Grazed,Dry,518,25
5,Medium-tall grassland,Ungrazed,Dry,518,48
5,Medium-tall grassland,Ungrazed,Dry,518,50
5,Medium-tall grassland,Ungrazed,Dry,518,55
5,Medium-tall grassland,Ungrazed,Dry,518,44
5,Medium-tall grassland,Ungrazed,Dry,518,36
5,Medium-tall grassland,Ungrazed,Dry,518,43
5,Medium-tall grassland,Ungrazed,Dry,518,27
5,Medium-tall grassland,Ungrazed,Dry,518,47
5,Medium-tall grassland,Grazed,Dry,518,7
5,Medium-tall grassland,Grazed,Dry,518,34
5,Medium-tall grassland,Grazed,Dry,518,23
5,Medium-tall grassland,Grazed,Dry,518,8
5,Medium-tall grassland,Grazed,Dry,518,24
5,Medium-tall grassland,Grazed,Dry,518,18
5,Medium-tall grassland,Grazed,Dry,518,22
5,Medium-tall grassland,Grazed,Dry,518,24
5,Tall grassland,Ungrazed,Dry,518,110
5,Tall grassland,Ungrazed,Dry,518,108
5,Tall grassland,Ungrazed,Dry,518,110
5,Tall grassland,Ungrazed,Dry,518,96
5,Tall grassland,Ungrazed,Dry,518,98
5,Tall grassland,Ungrazed,Dry,518,79
5,Tall grassland,Ungrazed,Dry,518,80
5,Tall grassland,Ungrazed,Dry,518,80
5,Tall grassland,Grazed,Dry,518,52
5,Tall grassland,Grazed,Dry,518,68
5,Tall grassland,Grazed,Dry,518,52
5,Tall grassland,Grazed,Dry,518,40
5,Tall grassland,Grazed,Dry,518,60
5,Tall grassland,Grazed,Dry,518,79
5,Tall grassland,Grazed,Dry,518,70
5,Tall grassland,Grazed,Dry,518,79
6,Short grassland,Ungrazed,Dry,518,44
6,Short grassland,Ungrazed,Dry,518,39
6,Short grassland,Ungrazed,Dry,518,42
6,Short grassland,Ungrazed,Dry,518,45
6,Short grassland,Ungrazed,Dry,518,42
6,Short grassland,Ungrazed,Dry,518,62
6,Short grassland,Ungrazed,Dry,518,64
6,Short grassland,Ungrazed,Dry,518,51
6,Short grassland,Grazed,Dry,518,5
6,Short grassland,Grazed,Dry,518,5
6,Short grassland,Grazed,Dry,518,3
6,Short grassland,Grazed,Dry,518,4
6,Short grassland,Grazed,Dry,518,4
6,Short grassland,Grazed,Dry,518,15
6,Short grassland,Grazed,Dry,518,4
6,Short grassland,Grazed,Dry,518,3
6,Medium-tall grassland,Ungrazed,Dry,518,85
6,Medium-tall grassland,Ungrazed,Dry,518,53
6,Medium-tall grassland,Ungrazed,Dry,518,46
6,Medium-tall grassland,Ungrazed,Dry,518,65
6,Medium-tall grassland,Ungrazed,Dry,518,43
6,Medium-tall grassland,Ungrazed,Dry,518,39
6,Medium-tall grassland,Ungrazed,Dry,518,61
6,Medium-tall grassland,Ungrazed,Dry,518,67
6,Medium-tall grassland,Grazed,Dry,518,27
6,Medium-tall grassland,Grazed,Dry,518,30
6,Medium-tall grassland,Grazed,Dry,518,10
6,Medium-tall grassland,Grazed,Dry,518,15
6,Medium-tall grassland,Grazed,Dry,518,33
6,Medium-tall grassland,Grazed,Dry,518,43
6,Medium-tall grassland,Grazed,Dry,518,11
6,Medium-tall grassland,Grazed,Dry,518,16
6,Tall grassland,Ungrazed,Dry,518,84
6,Tall grassland,Ungrazed,Dry,518,73
6,Tall grassland,Ungrazed,Dry,518,80
6,Tall grassland,Ungrazed,Dry,518,73
6,Tall grassland,Ungrazed,Dry,518,87
6,Tall grassland,Ungrazed,Dry,518,79
6,Tall grassland,Ungrazed,Dry,518,86
6,Tall grassland,Ungrazed,Dry,518,65
6,Tall grassland,Grazed,Dry,518,83
6,Tall grassland,Grazed,Dry,518,68
6,Tall grassland,Grazed,Dry,518,87
6,Tall grassland,Grazed,Dry,518,60
6,Tall grassland,Grazed,Dry,518,92
6,Tall grassland,Grazed,Dry,518,108
6,Tall grassland,Grazed,Dry,518,90
6,Tall grassland,Grazed,Dry,518,95
7,Short grassland,Ungrazed,Dry,518,34
7,Short grassland,Ungrazed,Dry,518,33
7,Short grassland,Ungrazed,Dry,518,47
7,Short grassland,Ungrazed,Dry,518,23
7,Short grassland,Ungrazed,Dry,518,45
7,Short grassland,Ungrazed,Dry,518,50
7,Short grassland,Ungrazed,Dry,518,32
7,Short grassland,Ungrazed,Dry,518,28
7,Short grassland,Grazed,Dry,518,14
7,Short grassland,Grazed,Dry,518,11
7,Short grassland,Grazed,Dry,518,10
7,Short grassland,Grazed,Dry,518,8
7,Short grassland,Grazed,Dry,518,5
7,Short grassland,Grazed,Dry,518,4
7,Short grassland,Grazed,Dry,518,6
7,Short grassland,Grazed,Dry,518,16
7,Medium-tall grassland,Ungrazed,Dry,518,21
7,Medium-tall grassland,Ungrazed,Dry,518,34
7,Medium-tall grassland,Ungrazed,Dry,518,30
7,Medium-tall grassland,Ungrazed,Dry,518,49
7,Medium-tall grassland,Ungrazed,Dry,518,42
7,Medium-tall grassland,Ungrazed,Dry,518,25
7,Medium-tall grassland,Ungrazed,Dry,518,20
7,Medium-tall grassland,Ungrazed,Dry,518,19
7,Medium-tall grassland,Grazed,Dry,518,25
7,Medium-tall grassland,Grazed,Dry,518,6
7,Medium-tall grassland,Grazed,Dry,518,15
7,Medium-tall grassland,Grazed,Dry,518,14
7,Medium-tall grassland,Grazed,Dry,518,10
7,Medium-tall grassland,Grazed,Dry,518,7
7,Medium-tall grassland,Grazed,Dry,518,15
7,Medium-tall grassland,Grazed,Dry,518,16
7,Tall grassland,Grazed,Dry,518,76
7,Tall grassland,Grazed,Dry,518,66
7,Tall grassland,Grazed,Dry,518,81
7,Tall grassland,Grazed,Dry,518,45
7,Tall grassland,Grazed,Dry,518,85
7,Tall grassland,Grazed,Dry,518,97
7,Tall grassland,Grazed,Dry,518,74
7,Tall grassland,Grazed,Dry,518,67
8,Short grassland,Ungrazed,Dry,518,47
8,Short grassland,Ungrazed,Dry,518,55
8,Short grassland,Ungrazed,Dry,518,62
8,Short grassland,Ungrazed,Dry,518,52
8,Short grassland,Ungrazed,Dry,518,49
8,Short grassland,Ungrazed,Dry,518,47
8,Short grassland,Ungrazed,Dry,518,90
8,Short grassland,Ungrazed,Dry,518,75
8,Short grassland,Grazed,Dry,518,8
8,Short grassland,Grazed,Dry,518,6
8,Short grassland,Grazed,Dry,518,12
8,Short grassland,Grazed,Dry,518,9
8,Short grassland,Grazed,Dry,518,5
8,Short grassland,Grazed,Dry,518,7
8,Short grassland,Grazed,Dry,518,11
8,Short grassland,Grazed,Dry,518,8
8,Medium-tall grassland,Ungrazed,Dry,518,58
8,Medium-tall grassland,Ungrazed,Dry,518,63
8,Medium-tall grassland,Ungrazed,Dry,518,42
8,Medium-tall grassland,Ungrazed,Dry,518,53
8,Medium-tall grassland,Ungrazed,Dry,518,54
8,Medium-tall grassland,Ungrazed,Dry,518,69
8,Medium-tall grassland,Ungrazed,Dry,518,64
8,Medium-tall grassland,Ungrazed,Dry,518,77
8,Medium-tall grassland,Grazed,Dry,518,15
8,Medium-tall grassland,Grazed,Dry,518,17
8,Medium-tall grassland,Grazed,Dry,518,22
8,Medium-tall grassland,Grazed,Dry,518,8
8,Medium-tall grassland,Grazed,Dry,518,12
8,Medium-tall grassland,Grazed,Dry,518,26
8,Medium-tall grassland,Grazed,Dry,518,11
8,Medium-tall grassland,Grazed,Dry,518,26
9,Short grassland,Ungrazed,Dry,518,22
9,Short grassland,Ungrazed,Dry,518,25
9,Short grassland,Ungrazed,Dry,518,18
9,Short grassland,Ungrazed,Dry,518,22
9,Short grassland,Ungrazed,Dry,518,23
9,Short grassland,Ungrazed,Dry,518,23
9,Short grassland,Ungrazed,Dry,518,32
9,Short grassland,Ungrazed,Dry,518,34
9,Short grassland,Grazed,Dry,518,7
9,Short grassland,Grazed,Dry,518,4
9,Short grassland,Grazed,Dry,518,5
9,Short grassland,Grazed,Dry,518,5
9,Short grassland,Grazed,Dry,518,7
9,Short grassland,Grazed,Dry,518,6
9,Short grassland,Grazed,Dry,518,8
9,Short grassland,Grazed,Dry,518,7
9,Medium-tall grassland,Ungrazed,Dry,518,42
9,Medium-tall grassland,Ungrazed,Dry,518,27
9,Medium-tall grassland,Ungrazed,Dry,518,35
9,Medium-tall grassland,Ungrazed,Dry,518,44
9,Medium-tall grassland,Ungrazed,Dry,518,30
9,Medium-tall grassland,Ungrazed,Dry,518,46
9,Medium-tall grassland,Ungrazed,Dry,518,44
9,Medium-tall grassland,Ungrazed,Dry,518,38
9,Medium-tall grassland,Grazed,Dry,518,13
9,Medium-tall grassland,Grazed,Dry,518,11
9,Medium-tall grassland,Grazed,Dry,518,16
9,Medium-tall grassland,Grazed,Dry,518,12
9,Medium-tall grassland,Grazed,Dry,518,13
9,Medium-tall grassland,Grazed,Dry,518,25
9,Medium-tall grassland,Grazed,Dry,518,27
9,Medium-tall grassland,Grazed,Dry,518,32
9,Tall grassland,Ungrazed,Dry,518,68
9,Tall grassland,Ungrazed,Dry,518,68
9,Tall grassland,Ungrazed,Dry,518,87
9,Tall grassland,Ungrazed,Dry,518,92
9,Tall grassland,Ungrazed,Dry,518,68
9,Tall grassland,Ungrazed,Dry,518,94
9,Tall grassland,Ungrazed,Dry,518,60
9,Tall grassland,Ungrazed,Dry,518,72
9,Tall grassland,Grazed,Dry,518,49
9,Tall grassland,Grazed,Dry,518,36
9,Tall grassland,Grazed,Dry,518,25
9,Tall grassland,Grazed,Dry,518,14
9,Tall grassland,Grazed,Dry,518,42
9,Tall grassland,Grazed,Dry,518,79
9,Tall grassland,Grazed,Dry,518,41
9,Tall grassland,Grazed,Dry,518,37
10,Short grassland,Ungrazed,Dry,518,32
10,Short grassland,Ungrazed,Dry,518,34
10,Short grassland,Ungrazed,Dry,518,26
10,Short grassland,Ungrazed,Dry,518,56
10,Short grassland,Ungrazed,Dry,518,33
10,Short grassland,Ungrazed,Dry,518,30
10,Short grassland,Ungrazed,Dry,518,15
10,Short grassland,Ungrazed,Dry,518,24
10,Short grassland,Grazed,Dry,518,6
10,Short grassland,Grazed,Dry,518,13
10,Short grassland,Grazed,Dry,518,12
10,Short grassland,Grazed,Dry,518,7
10,Short grassland,Grazed,Dry,518,4
10,Short grassland,Grazed,Dry,518,3
10,Short grassland,Grazed,Dry,518,8
10,Short grassland,Grazed,Dry,518,13
10,Medium-tall grassland,Ungrazed,Dry,518,47
10,Medium-tall grassland,Ungrazed,Dry,518,59
10,Medium-tall grassland,Ungrazed,Dry,518,42
10,Medium-tall grassland,Ungrazed,Dry,518,83
10,Medium-tall grassland,Ungrazed,Dry,518,69
10,Medium-tall grassland,Ungrazed,Dry,518,25
10,Medium-tall grassland,Ungrazed,Dry,518,61
10,Medium-tall grassland,Ungrazed,Dry,518,48
10,Medium-tall grassland,Grazed,Dry,518,13
10,Medium-tall grassland,Grazed,Dry,518,9
10,Medium-tall grassland,Grazed,Dry,518,12
10,Medium-tall grassland,Grazed,Dry,518,12
10,Medium-tall grassland,Grazed,Dry,518,14
10,Medium-tall grassland,Grazed,Dry,518,16
10,Medium-tall grassland,Grazed,Dry,518,32
10,Medium-tall grassland,Grazed,Dry,518,12
10,Tall grassland,Ungrazed,Dry,518,61
10,Tall grassland,Ungrazed,Dry,518,63
10,Tall grassland,Ungrazed,Dry,518,70
10,Tall grassland,Ungrazed,Dry,518,78
10,Tall grassland,Ungrazed,Dry,518,65
10,Tall grassland,Ungrazed,Dry,518,78
10,Tall grassland,Ungrazed,Dry,518,31
10,Tall grassland,Ungrazed,Dry,518,23
10,Tall grassland,Grazed,Dry,518,72
10,Tall grassland,Grazed,Dry,518,43
10,Tall grassland,Grazed,Dry,518,77
10,Tall grassland,Grazed,Dry,518,38
10,Tall grassland,Grazed,Dry,518,70
10,Tall grassland,Grazed,Dry,518,83
10,Tall grassland,Grazed,Dry,518,45
10,Tall grassland,Grazed,Dry,518,64
