Site,Type,Treatment,Season,Day,Species
1,Short grassland,Ungrazed,Wet,1,Steinchisma laxum
1,Short grassland,Ungrazed,Wet,1,Cyperus virens
1,Short grassland,Ungrazed,Wet,1,Luziola peruviana
1,Short grassland,Grazed,Wet,1,Ludwigia peploides
1,Short grassland,Grazed,Wet,1,Luziola peruviana
1,Short grassland,Grazed,Wet,1,Cyperus virens
1,Short grassland,Grazed,Wet,1,Axonopus fissifolius
1,Short grassland,Grazed,Wet,1,Paspalum almum
1,Medium-tall grassland,Ungrazed,Wet,1,Fimbristylis dichotoma
1,Medium-tall grassland,Ungrazed,Wet,1,Oxalis hispidula
1,Medium-tall grassland,Ungrazed,Wet,1,Eragrostis bahiensis
1,Medium-tall grassland,Ungrazed,Wet,1,Setaria parviflora
1,Medium-tall grassland,Ungrazed,Wet,1,Paspalum almum
1,Medium-tall grassland,Ungrazed,Wet,1,Axonopus fissifolius
1,Medium-tall grassland,Ungrazed,Wet,1,Paspalum notatum
1,Medium-tall grassland,Ungrazed,Wet,1,Nothoscordum inodorum
1,Medium-tall grassland,Ungrazed,Wet,1,Ciperacea 3
1,Medium-tall grassland,Grazed,Wet,1,Axonopus fissifolius
1,Medium-tall grassland,Grazed,Wet,1,Paspalum almum
1,Medium-tall grassland,Grazed,Wet,1,Vernonia incana
1,Medium-tall grassland,Grazed,Wet,1,Oxalis conorrhiza
1,Medium-tall grassland,Grazed,Wet,1,Eragrostis bahiensis
1,Medium-tall grassland,Grazed,Wet,1,Ludwigia peploides
1,Medium-tall grassland,Grazed,Wet,1,Hypoxis decumbens
1,Medium-tall grassland,Grazed,Wet,1,Steinchisma laxum
1,Medium-tall grassland,Grazed,Wet,1,Luziola peruviana
1,Tall grassland,Ungrazed,Wet,1,Sorghastrum setosum
1,Tall grassland,Ungrazed,Wet,1,Rhynchospora tenuis
1,Tall grassland,Grazed,Wet,1,Sorghastrum setosum
1,Tall grassland,Grazed,Wet,1,Sida spinosa
1,Tall grassland,Grazed,Wet,1,Chromolaena laevigata
1,Tall grassland,Grazed,Wet,1,Schizachyrium microstachyum
1,Tall grassland,Grazed,Wet,1,Oxalis sp.
1,Tall grassland,Grazed,Wet,1,Setaria parviflora
1,Tall grassland,Grazed,Wet,1,Rhynchospora tenuis
2,Short grassland,Ungrazed,Wet,1,Steinchisma laxum
2,Short grassland,Ungrazed,Wet,1,Paspalum almum
2,Short grassland,Ungrazed,Wet,1,Oxalis conorrhiza
2,Short grassland,Ungrazed,Wet,1,Eleocharis viridans
2,Short grassland,Ungrazed,Wet,1,Cyperus aggregatus
2,Short grassland,Grazed,Wet,1,Steinchisma laxum
2,Short grassland,Grazed,Wet,1,Eleocharis viridans
2,Short grassland,Grazed,Wet,1,Paspalum almum
2,Short grassland,Grazed,Wet,1,Hymenachne amplexicaulis
2,Short grassland,Grazed,Wet,1,Oxalis conorrhiza
2,Medium-tall grassland,Ungrazed,Wet,1,Setaria parviflora
2,Medium-tall grassland,Ungrazed,Wet,1,Paspalum dilatatum
2,Medium-tall grassland,Ungrazed,Wet,1,Oxalis hispidula
2,Medium-tall grassland,Ungrazed,Wet,1,Steinchisma laxum
2,Medium-tall grassland,Ungrazed,Wet,1,Nothoscordum inodorum
2,Medium-tall grassland,Grazed,Wet,1,Oxalis hispidula
2,Medium-tall grassland,Grazed,Wet,1,Setaria parviflora
2,Medium-tall grassland,Grazed,Wet,1,Steinchisma laxum
2,Medium-tall grassland,Grazed,Wet,1,Paspalum almum
2,Medium-tall grassland,Grazed,Wet,1,Nothoscordum inodorum
2,Medium-tall grassland,Grazed,Wet,1,Scoparia montevidensis
2,Medium-tall grassland,Grazed,Wet,1,Desmanthus virgatus
2,Medium-tall grassland,Grazed,Wet,1,Axonopus fissifolius
2,Tall grassland,Ungrazed,Wet,1,Setaria parviflora
2,Tall grassland,Ungrazed,Wet,1,Sorghastrum setosum
2,Tall grassland,Ungrazed,Wet,1,Oxalis hispidula
2,Tall grassland,Ungrazed,Wet,1,Andropogon lateralis
2,Tall grassland,Ungrazed,Wet,1,Scutellaria racemosa
2,Tall grassland,Ungrazed,Wet,1,Evolvulus sericeus
2,Tall grassland,Ungrazed,Wet,1,Fimbristylis dichotoma
2,Tall grassland,Grazed,Wet,1,Andropogon lateralis
2,Tall grassland,Grazed,Wet,1,Sorghastrum setosum
2,Tall grassland,Grazed,Wet,1,Oxalis hispidula
2,Tall grassland,Grazed,Wet,1,Scutellaria racemosa
3,Short grassland,Ungrazed,Wet,1,Paspalum almum
3,Short grassland,Ungrazed,Wet,1,Eragrostis airoides
3,Short grassland,Ungrazed,Wet,1,Oxalis hispidula
3,Short grassland,Ungrazed,Wet,1,Sida spinosa
3,Short grassland,Ungrazed,Wet,1,Steinchisma laxum
3,Short grassland,Ungrazed,Wet,1,Fimbristylis dichotoma
3,Short grassland,Ungrazed,Wet,1,Cyperus virens
3,Short grassland,Ungrazed,Wet,1,Richardia stellaris
3,Short grassland,Ungrazed,Wet,1,Oxalis bipartita
3,Short grassland,Ungrazed,Wet,1,Evolvulus sericeus
3,Short grassland,Ungrazed,Wet,1,Eragrostis bahiensis
3,Short grassland,Ungrazed,Wet,1,Glandularia pulchella
3,Short grassland,Ungrazed,Wet,1,Cypella herbertii
3,Short grassland,Grazed,Wet,1,Steinchisma laxum
3,Short grassland,Grazed,Wet,1,Fimbristylis dichotoma
3,Short grassland,Grazed,Wet,1,Richardia stellaris
3,Short grassland,Grazed,Wet,1,Oxalis hispidula
3,Short grassland,Grazed,Wet,1,Evolvulus sericeus
3,Short grassland,Grazed,Wet,1,Axonopus fissifolius
3,Short grassland,Grazed,Wet,1,Sida spinosa
3,Short grassland,Grazed,Wet,1,Cyperus virens
3,Short grassland,Grazed,Wet,1,Eragrostis airoides
3,Short grassland,Grazed,Wet,1,Ophioglossum nudicaule
3,Short grassland,Grazed,Wet,1,Nothoscordum inodorum
3,Short grassland,Grazed,Wet,1,Melochia pyramidata
3,Medium-tall grassland,Ungrazed,Wet,1,Paspalum plicatulum
3,Medium-tall grassland,Ungrazed,Wet,1,Oxalis hispidula
3,Medium-tall grassland,Ungrazed,Wet,1,Cyperus virens
3,Medium-tall grassland,Ungrazed,Wet,1,Pterocaulon discolor
3,Medium-tall grassland,Ungrazed,Wet,1,Eragrostis sp.
3,Medium-tall grassland,Ungrazed,Wet,1,Turnera sidoides
3,Medium-tall grassland,Ungrazed,Wet,1,Eragrostis bahiensis
3,Medium-tall grassland,Ungrazed,Wet,1,Steinchisma laxum
3,Medium-tall grassland,Ungrazed,Wet,1,Fimbristylis dichotoma
3,Medium-tall grassland,Grazed,Wet,1,Oxalis hispidula
3,Medium-tall grassland,Grazed,Wet,1,Axonopus fissifolius
3,Medium-tall grassland,Grazed,Wet,1,Paspalum almum
3,Medium-tall grassland,Grazed,Wet,1,Steinchisma laxum
3,Medium-tall grassland,Grazed,Wet,1,Eragrostis cilianensis
3,Medium-tall grassland,Grazed,Wet,1,Sporobolus indicus
3,Medium-tall grassland,Grazed,Wet,1,Fimbristylis dichotoma
3,Medium-tall grassland,Grazed,Wet,1,Cyperus virens
3,Medium-tall grassland,Grazed,Wet,1,Turnera sidoides
3,Medium-tall grassland,Grazed,Wet,1,Nothoscordum inodorum
3,Medium-tall grassland,Grazed,Wet,1,Cyperus aggregatus
3,Medium-tall grassland,Grazed,Wet,1,Melochia pyramidata
3,Medium-tall grassland,Grazed,Wet,1,Zornia crinita
3,Tall grassland,Ungrazed,Wet,1,Aristida jubata
3,Tall grassland,Ungrazed,Wet,1,Mitracarpus megapotamicus
3,Tall grassland,Ungrazed,Wet,1,Eragrostis bahiensis
3,Tall grassland,Ungrazed,Wet,1,Fimbristylis dichotoma
3,Tall grassland,Ungrazed,Wet,1,Pterocaulon alopecuroides
3,Tall grassland,Ungrazed,Wet,1,Cyperus virens
3,Tall grassland,Ungrazed,Wet,1,Neptunia pubescens
3,Tall grassland,Grazed,Wet,1,Neptunia pubescens
3,Tall grassland,Grazed,Wet,1,Aristida jubata
3,Tall grassland,Grazed,Wet,1,Nothoscordum inodorum
3,Tall grassland,Grazed,Wet,1,Setaria parviflora
3,Tall grassland,Grazed,Wet,1,Cyperus virens
3,Tall grassland,Grazed,Wet,1,Evolvulus sericeus
3,Tall grassland,Grazed,Wet,1,Gamochaeta coarctata
4,Short grassland,Ungrazed,Wet,1,Fimbristylis dichotoma
4,Short grassland,Ungrazed,Wet,1,Paspalum almum
4,Short grassland,Ungrazed,Wet,1,Oxalis conorrhiza
4,Short grassland,Ungrazed,Wet,1,Evolvulus sericeus
4,Short grassland,Ungrazed,Wet,1,Desmodium incanum
4,Short grassland,Grazed,Wet,1,Oxalis conorrhiza
4,Short grassland,Grazed,Wet,1,Paspalum almum
4,Short grassland,Grazed,Wet,1,Vernonia incana
4,Short grassland,Grazed,Wet,1,Juncus microcephalus
4,Short grassland,Grazed,Wet,1,Mimosa 2
4,Short grassland,Grazed,Wet,1,Evolvulus sericeus
4,Short grassland,Grazed,Wet,1,Kyllinga brevifolia
4,Short grassland,Grazed,Wet,1,Adesmia incana
4,Short grassland,Grazed,Wet,1,Eleusine tristachya
4,Short grassland,Grazed,Wet,1,Cyperus virens
4,Medium-tall grassland,Ungrazed,Wet,1,Oxalis hispidula
4,Medium-tall grassland,Ungrazed,Wet,1,Paspalum almum
4,Medium-tall grassland,Ungrazed,Wet,1,Setaria parviflora
4,Medium-tall grassland,Ungrazed,Wet,1,Cyperus virens
4,Medium-tall grassland,Ungrazed,Wet,1,Scutellaria racemosa
4,Medium-tall grassland,Grazed,Wet,1,Setaria parviflora
4,Medium-tall grassland,Grazed,Wet,1,Oxalis conorrhiza
4,Medium-tall grassland,Grazed,Wet,1,Paspalum almum
4,Medium-tall grassland,Grazed,Wet,1,Cyperus virens
4,Medium-tall grassland,Grazed,Wet,1,Nothoscordum inodorum
4,Medium-tall grassland,Grazed,Wet,1,Polygala molluginifolia
4,Tall grassland,Ungrazed,Wet,1,Chromolaena laevigata
4,Tall grassland,Ungrazed,Wet,1,Oxalis hispidula
4,Tall grassland,Ungrazed,Wet,1,Setaria parviflora
4,Tall grassland,Ungrazed,Wet,1,Paspalum almum
4,Tall grassland,Ungrazed,Wet,1,Fimbristylis dichotoma
4,Tall grassland,Ungrazed,Wet,1,Cyperus virens
4,Tall grassland,Ungrazed,Wet,1,Paspalum plicatulum
4,Tall grassland,Ungrazed,Wet,1,Fimbristylis complanata
4,Tall grassland,Ungrazed,Wet,1,Evolvulus sericeus
4,Tall grassland,Grazed,Wet,1,Eragrostis bahiensis
4,Tall grassland,Grazed,Wet,1,Setaria parviflora
4,Tall grassland,Grazed,Wet,1,Chromolaena laevigata
4,Tall grassland,Grazed,Wet,1,Andropogon lateralis
4,Tall grassland,Grazed,Wet,1,Eleocharis montana
4,Tall grassland,Grazed,Wet,1,Oxalis sp.
4,Tall grassland,Grazed,Wet,1,Sorghastrum setosum
5,Short grassland,Ungrazed,Wet,1,Paspalum dilatatum
5,Short grassland,Ungrazed,Wet,1,Evolvulus sericeus
5,Short grassland,Ungrazed,Wet,1,Melochia pyramidata
5,Short grassland,Ungrazed,Wet,1,Cuphea racemosa
5,Short grassland,Ungrazed,Wet,1,Croton
5,Short grassland,Ungrazed,Wet,1,Oxalis sp.
5,Short grassland,Ungrazed,Wet,1,Fimbristylis dichotoma
5,Short grassland,Ungrazed,Wet,1,Pterocaulon sp.
5,Short grassland,Grazed,Wet,1,Nothoscordum inodorum
5,Short grassland,Grazed,Wet,1,Sida spinosa
5,Short grassland,Grazed,Wet,1,Pterocaulon sp.
5,Short grassland,Grazed,Wet,1,Paspalum dilatatum
5,Short grassland,Grazed,Wet,1,Oxalis sp.
5,Short grassland,Grazed,Wet,1,Conyza bonariensis
5,Short grassland,Grazed,Wet,1,Axonopus argentinus
5,Short grassland,Grazed,Wet,1,Sisyrinchium pachyrhizum
5,Short grassland,Grazed,Wet,1,Fimbristylis dichotoma
5,Short grassland,Grazed,Wet,1,Croton
5,Short grassland,Grazed,Wet,1,Eragrostis bahiensis
5,Medium-tall grassland,Ungrazed,Wet,1,Pterocaulon sp.
5,Medium-tall grassland,Ungrazed,Wet,1,Fimbristylis dichotoma
5,Medium-tall grassland,Ungrazed,Wet,1,Eupatorium sp.
5,Medium-tall grassland,Ungrazed,Wet,1,Oxalis sp.
5,Medium-tall grassland,Ungrazed,Wet,1,Scoparia montevidensis
5,Medium-tall grassland,Ungrazed,Wet,1,Paspalum dilatatum
5,Medium-tall grassland,Ungrazed,Wet,1,Axonopus fissifolius
5,Medium-tall grassland,Ungrazed,Wet,1,Cuphea racemosa
5,Medium-tall grassland,Grazed,Wet,1,Steinchisma laxum
5,Medium-tall grassland,Grazed,Wet,1,Axonopus fissifolius
5,Medium-tall grassland,Grazed,Wet,1,Eleocharis montana
5,Medium-tall grassland,Grazed,Wet,1,Oxalis sp.
5,Medium-tall grassland,Grazed,Wet,1,Scoparia montevidensis
5,Medium-tall grassland,Grazed,Wet,1,Polygala molluginifolia
5,Medium-tall grassland,Grazed,Wet,1,Kyllinga brevifolia
5,Medium-tall grassland,Grazed,Wet,1,Sida sp.
5,Medium-tall grassland,Grazed,Wet,1,Porophyllum ruderale
5,Medium-tall grassland,Grazed,Wet,1,Paspalum almum
5,Tall grassland,Ungrazed,Wet,1,Andropogon lateralis
5,Tall grassland,Ungrazed,Wet,1,Polygonum punctatum
5,Tall grassland,Ungrazed,Wet,1,Oxalis sp.
5,Tall grassland,Ungrazed,Wet,1,Scutellaria racemosa
5,Tall grassland,Ungrazed,Wet,1,Eupatorium sp.
5,Tall grassland,Grazed,Wet,1,Porophyllum ruderale
5,Tall grassland,Grazed,Wet,1,Andropogon lateralis
5,Tall grassland,Grazed,Wet,1,Oxalis sp.
6,Short grassland,Ungrazed,Wet,1,Setaria parviflora
6,Short grassland,Ungrazed,Wet,1,Oxalis hispidula
6,Short grassland,Ungrazed,Wet,1,Oxalis conorrhiza
6,Short grassland,Ungrazed,Wet,1,Axonopus fissifolius
6,Short grassland,Ungrazed,Wet,1,Dichondra sericea
6,Short grassland,Ungrazed,Wet,1,Desmodium incanum
6,Short grassland,Ungrazed,Wet,1,Kyllinga brevifolia
6,Short grassland,Ungrazed,Wet,1,Eleusine tristachya
6,Short grassland,Ungrazed,Wet,1,Melochia pyramidata
6,Short grassland,Ungrazed,Wet,1,Cuphea racemosa
6,Short grassland,Ungrazed,Wet,1,Stachytarpheta cayennensis
6,Short grassland,Ungrazed,Wet,1,Gamochaeta americana
6,Short grassland,Grazed,Wet,1,Oxalis conorrhiza
6,Short grassland,Grazed,Wet,1,Paspalum almum
6,Short grassland,Grazed,Wet,1,Setaria parviflora
6,Short grassland,Grazed,Wet,1,Eragrostis bahiensis
6,Short grassland,Grazed,Wet,1,Sporobolus indicus
6,Short grassland,Grazed,Wet,1,Dichondra sericea
6,Short grassland,Grazed,Wet,1,Axonopus fissifolius
6,Short grassland,Grazed,Wet,1,Cuphea racemosa
6,Short grassland,Grazed,Wet,1,Conyza bonariensis
6,Medium-tall grassland,Ungrazed,Wet,1,Oxalis conorrhiza
6,Medium-tall grassland,Ungrazed,Wet,1,Paspalum almum
6,Medium-tall grassland,Ungrazed,Wet,1,Polygala molluginifolia
6,Medium-tall grassland,Ungrazed,Wet,1,Setaria parviflora
6,Medium-tall grassland,Ungrazed,Wet,1,Paspalum plicatulum
6,Medium-tall grassland,Ungrazed,Wet,1,Fimbristylis dichotoma
6,Medium-tall grassland,Ungrazed,Wet,1,Axonopus fissifolius
6,Medium-tall grassland,Ungrazed,Wet,1,Dichondra sericea
6,Medium-tall grassland,Ungrazed,Wet,1,Conyza bonariensis
6,Medium-tall grassland,Ungrazed,Wet,1,Evolvulus sericeus
6,Medium-tall grassland,Grazed,Wet,1,Kyllinga brevifolia
6,Medium-tall grassland,Grazed,Wet,1,Paspalum almum
6,Medium-tall grassland,Grazed,Wet,1,Oxalis hispidula
6,Medium-tall grassland,Grazed,Wet,1,Setaria parviflora
6,Medium-tall grassland,Grazed,Wet,1,Dichondra sericea
6,Medium-tall grassland,Grazed,Wet,1,Pterocaulon sp.
6,Medium-tall grassland,Grazed,Wet,1,Fimbristylis dichotoma
6,Medium-tall grassland,Grazed,Wet,1,Sporobolus indicus
6,Medium-tall grassland,Grazed,Wet,1,Axonopus fissifolius
6,Tall grassland,Ungrazed,Wet,1,Sorghastrum setosum
6,Tall grassland,Ungrazed,Wet,1,Rhynchospora scutellata
6,Tall grassland,Ungrazed,Wet,1,Macroptilium lathyroides
6,Tall grassland,Ungrazed,Wet,1,Scoparia montevidensis
6,Tall grassland,Ungrazed,Wet,1,Oxalis sp.
6,Tall grassland,Ungrazed,Wet,1,Polygala molluginifolia
6,Tall grassland,Grazed,Wet,1,Sorghastrum setosum
6,Tall grassland,Grazed,Wet,1,Setaria parviflora
6,Tall grassland,Grazed,Wet,1,Dolichandra cynanchoides
6,Tall grassland,Grazed,Wet,1,Mikania cordifolia
6,Tall grassland,Grazed,Wet,1,Steinchisma laxum
6,Tall grassland,Grazed,Wet,1,Adiantopsis chlorophylla
6,Tall grassland,Grazed,Wet,1,Oxalis sp.
6,Tall grassland,Grazed,Wet,1,Cyperus virens
6,Tall grassland,Grazed,Wet,1,Andropogon lateralis
7,Short grassland,Ungrazed,Wet,1,Pterocaulon sp.
7,Short grassland,Ungrazed,Wet,1,Desmodium incanum
7,Short grassland,Ungrazed,Wet,1,Oxalis sp.
7,Short grassland,Ungrazed,Wet,1,Paspalum almum
7,Short grassland,Ungrazed,Wet,1,Scutellaria racemosa
7,Short grassland,Ungrazed,Wet,1,Evolvulus sericeus
7,Short grassland,Ungrazed,Wet,1,Scoparia montevidensis
7,Short grassland,Ungrazed,Wet,1,Sida spinosa
7,Short grassland,Ungrazed,Wet,1,Neptunia pubescens
7,Short grassland,Grazed,Wet,1,Desmodium incanum
7,Short grassland,Grazed,Wet,1,Chaptalia nutans
7,Short grassland,Grazed,Wet,1,Cuphea racemosa
7,Short grassland,Grazed,Wet,1,Oxalis sp.
7,Short grassland,Grazed,Wet,1,Eustachys sp.
7,Short grassland,Grazed,Wet,1,Paspalum almum
7,Short grassland,Grazed,Wet,1,Cyperus virens
7,Short grassland,Grazed,Wet,1,Tripogandra glandulosa
7,Short grassland,Grazed,Wet,1,Chromolaena laevigata
7,Medium-tall grassland,Ungrazed,Wet,1,Mikania cordifolia
7,Medium-tall grassland,Ungrazed,Wet,1,Pterocaulon sp.
7,Medium-tall grassland,Ungrazed,Wet,1,Setaria parviflora
7,Medium-tall grassland,Ungrazed,Wet,1,Eleocharis montana
7,Medium-tall grassland,Ungrazed,Wet,1,Eustachys sp.
7,Medium-tall grassland,Ungrazed,Wet,1,Scoparia montevidensis
7,Medium-tall grassland,Ungrazed,Wet,1,Desmodium incanum
7,Medium-tall grassland,Ungrazed,Wet,1,Eupatorium sp.
7,Medium-tall grassland,Ungrazed,Wet,1,Araujia angustifolia
7,Medium-tall grassland,Ungrazed,Wet,1,Hydrocotyle ranunculoides
7,Medium-tall grassland,Ungrazed,Wet,1,Neptunia pubescens
7,Medium-tall grassland,Grazed,Wet,1,Sida spinosa
7,Medium-tall grassland,Grazed,Wet,1,Sporobolus indicus
7,Medium-tall grassland,Grazed,Wet,1,Eupatorium sp.
7,Medium-tall grassland,Grazed,Wet,1,Desmodium incanum
7,Medium-tall grassland,Grazed,Wet,1,Verbena litoralis
7,Medium-tall grassland,Grazed,Wet,1,Pterocaulon sp.
7,Medium-tall grassland,Grazed,Wet,1,Scoparia montevidensis
7,Medium-tall grassland,Grazed,Wet,1,Setaria parviflora
7,Medium-tall grassland,Grazed,Wet,1,Paspalum almum
7,Medium-tall grassland,Grazed,Wet,1,Eustachys sp.
7,Tall grassland,Ungrazed,Wet,1,Sida rhombifolia
7,Tall grassland,Ungrazed,Wet,1,Sorghastrum setosum
7,Tall grassland,Ungrazed,Wet,1,Setaria parviflora
7,Tall grassland,Ungrazed,Wet,1,Dolichandra cynanchoides
7,Tall grassland,Ungrazed,Wet,1,Steinchisma laxum
7,Tall grassland,Ungrazed,Wet,1,Axonopus fissifolius
7,Tall grassland,Ungrazed,Wet,1,Marsilea ancylopoda
7,Tall grassland,Ungrazed,Wet,1,Oxalis sp.
7,Tall grassland,Ungrazed,Wet,1,Muehlenbeckia sagittifolia
7,Tall grassland,Ungrazed,Wet,1,Sida spinosa
7,Tall grassland,Grazed,Wet,1,Sorghastrum setosum
7,Tall grassland,Grazed,Wet,1,Oxalis sp.
7,Tall grassland,Grazed,Wet,1,Marsilea ancylopoda
7,Tall grassland,Grazed,Wet,1,Eupatorium sp.
7,Tall grassland,Grazed,Wet,1,Setaria parviflora
7,Tall grassland,Grazed,Wet,1,Deyeuxia viridiflavescens
8,Short grassland,Ungrazed,Wet,1,Cyperus virens
8,Short grassland,Ungrazed,Wet,1,Oxalis conorrhiza
8,Short grassland,Ungrazed,Wet,1,Nothoscordum inodorum
8,Short grassland,Ungrazed,Wet,1,Steinchisma laxum
8,Short grassland,Ungrazed,Wet,1,Cuphea glutinosa
8,Short grassland,Ungrazed,Wet,1,Axonopus fissifolius
8,Short grassland,Ungrazed,Wet,1,Paspalum almum
8,Short grassland,Ungrazed,Wet,1,Setaria parviflora
8,Short grassland,Grazed,Wet,1,Oxalis conorrhiza
8,Short grassland,Grazed,Wet,1,Cuphea glutinosa
8,Short grassland,Grazed,Wet,1,Axonopus fissifolius
8,Short grassland,Grazed,Wet,1,Setaria parviflora
8,Short grassland,Grazed,Wet,1,Fimbristylis dichotoma
8,Short grassland,Grazed,Wet,1,Cyperus virens
8,Short grassland,Grazed,Wet,1,Porophyllum ruderale
8,Short grassland,Grazed,Wet,1,Paspalum almum
8,Short grassland,Grazed,Wet,1,Scutellaria racemosa
8,Medium-tall grassland,Ungrazed,Wet,1,Cuphea racemosa
8,Medium-tall grassland,Ungrazed,Wet,1,Oxalis conorrhiza
8,Medium-tall grassland,Ungrazed,Wet,1,Paspalum almum
8,Medium-tall grassland,Ungrazed,Wet,1,Setaria parviflora
8,Medium-tall grassland,Ungrazed,Wet,1,Cyperus virens
8,Medium-tall grassland,Ungrazed,Wet,1,Sida spinosa
8,Medium-tall grassland,Ungrazed,Wet,1,Scoparia montevidensis
8,Medium-tall grassland,Ungrazed,Wet,1,Dichondra sericea
8,Medium-tall grassland,Ungrazed,Wet,1,Fimbristylis dichotoma
8,Medium-tall grassland,Grazed,Wet,1,Cuphea racemosa
8,Medium-tall grassland,Grazed,Wet,1,Eragrostis bahiensis
8,Medium-tall grassland,Grazed,Wet,1,Oxalis hispidula
8,Medium-tall grassland,Grazed,Wet,1,Setaria parviflora
8,Medium-tall grassland,Grazed,Wet,1,Tripogandra glandulosa
8,Medium-tall grassland,Grazed,Wet,1,Steinchisma laxum
8,Medium-tall grassland,Grazed,Wet,1,Eleocharis viridans
8,Medium-tall grassland,Grazed,Wet,1,Dolichandra cynanchoides
8,Medium-tall grassland,Grazed,Wet,1,Paspalum almum
8,Tall grassland,Ungrazed,Wet,1,Sorghastrum setosum
8,Tall grassland,Ungrazed,Wet,1,Dolichandra cynanchoides
8,Tall grassland,Ungrazed,Wet,1,Steinchisma laxum
8,Tall grassland,Ungrazed,Wet,1,Scoparia montevidensis
8,Tall grassland,Ungrazed,Wet,1,Eragrostis bahiensis
8,Tall grassland,Ungrazed,Wet,1,Oxalis conorrhiza
8,Tall grassland,Grazed,Wet,1,Setaria parviflora
8,Tall grassland,Grazed,Wet,1,Sorghastrum setosum
8,Tall grassland,Grazed,Wet,1,Eragrostis bahiensis
8,Tall grassland,Grazed,Wet,1,Oxalis conorrhiza
8,Tall grassland,Grazed,Wet,1,Dolichandra cynanchoides
8,Tall grassland,Grazed,Wet,1,Scoparia montevidensis
8,Tall grassland,Grazed,Wet,1,Macroptilium lathyroides
8,Tall grassland,Grazed,Wet,1,Cuphea racemosa
8,Tall grassland,Grazed,Wet,1,Desmodium incanum
9,Short grassland,Ungrazed,Wet,1,Fimbristylis autumnalis
9,Short grassland,Ungrazed,Wet,1,Desmodium incanum
9,Short grassland,Ungrazed,Wet,1,Rhynchospora robusta
9,Short grassland,Ungrazed,Wet,1,Paspalum plicatulum
9,Short grassland,Ungrazed,Wet,1,Oxalis conorrhiza
9,Short grassland,Ungrazed,Wet,1,Axonopus fissifolius
9,Short grassland,Ungrazed,Wet,1,Steinchisma laxum
9,Short grassland,Grazed,Wet,1,Paspalum plicatulum
9,Short grassland,Grazed,Wet,1,Fimbristylis dichotoma
9,Short grassland,Grazed,Wet,1,Oxalis conorrhiza
9,Short grassland,Grazed,Wet,1,Axonopus fissifolius
9,Short grassland,Grazed,Wet,1,Evolvulus sericeus
9,Short grassland,Grazed,Wet,1,Rhynchospora robusta
9,Short grassland,Grazed,Wet,1,Elephantopus mollis
9,Medium-tall grassland,Ungrazed,Wet,1,Setaria parviflora
9,Medium-tall grassland,Ungrazed,Wet,1,Eragrostis cilianensis
9,Medium-tall grassland,Ungrazed,Wet,1,Cuphea racemosa
9,Medium-tall grassland,Ungrazed,Wet,1,Oxalis conorrhiza
9,Medium-tall grassland,Ungrazed,Wet,1,Sida rhombifolia
9,Medium-tall grassland,Ungrazed,Wet,1,Scoparia montevidensis
9,Medium-tall grassland,Ungrazed,Wet,1,Fimbristylis dichotoma
9,Medium-tall grassland,Ungrazed,Wet,1,Rhynchospora robusta
9,Medium-tall grassland,Grazed,Wet,1,Setaria parviflora
9,Medium-tall grassland,Grazed,Wet,1,Scoparia montevidensis
9,Medium-tall grassland,Grazed,Wet,1,Oxalis conorrhiza
9,Medium-tall grassland,Grazed,Wet,1,Eupatorium inulifolium
9,Medium-tall grassland,Grazed,Wet,1,Fimbristylis dichotoma
9,Medium-tall grassland,Grazed,Wet,1,Chaptalia nutans
9,Medium-tall grassland,Grazed,Wet,1,Cuphea racemosa
9,Medium-tall grassland,Grazed,Wet,1,Rhynchospora scutellata
9,Tall grassland,Ungrazed,Wet,1,Sorghastrum setosum
9,Tall grassland,Ungrazed,Wet,1,Steinchisma laxum
9,Tall grassland,Ungrazed,Wet,1,Oxalis sp.
9,Tall grassland,Ungrazed,Wet,1,Fimbristylis dichotoma
9,Tall grassland,Ungrazed,Wet,1,Eleocharis viridans
9,Tall grassland,Ungrazed,Wet,1,Rhynchospora robusta
9,Tall grassland,Ungrazed,Wet,1,Araujia angustifolia
9,Tall grassland,Ungrazed,Wet,1,Eleocharis montana
9,Tall grassland,Ungrazed,Wet,1,Eupatorium inulifolium
9,Tall grassland,Ungrazed,Wet,1,Setaria parviflora
9,Tall grassland,Ungrazed,Wet,1,Smilax campestris
9,Tall grassland,Grazed,Wet,1,Sida rhombifolia
9,Tall grassland,Grazed,Wet,1,Sorghastrum setosum
9,Tall grassland,Grazed,Wet,1,Setaria parviflora
9,Tall grassland,Grazed,Wet,1,Eupatorium inulifolium
9,Tall grassland,Grazed,Wet,1,Cuphea racemosa
9,Tall grassland,Grazed,Wet,1,Steinchisma laxum
9,Tall grassland,Grazed,Wet,1,Fimbristylis dichotoma
9,Tall grassland,Grazed,Wet,1,Hydrocotyle ranunculoides
9,Tall grassland,Grazed,Wet,1,Pavonia sp.
9,Tall grassland,Grazed,Wet,1,Rhynchospora robusta
10,Short grassland,Ungrazed,Wet,1,Kyllinga brevifolia
10,Short grassland,Ungrazed,Wet,1,Oxalis hispidula
10,Short grassland,Ungrazed,Wet,1,Oxalis conorrhiza
10,Short grassland,Ungrazed,Wet,1,Evolvulus sericeus
10,Short grassland,Ungrazed,Wet,1,Paspalum plicatulum
10,Short grassland,Ungrazed,Wet,1,Cypella herbertii
10,Short grassland,Ungrazed,Wet,1,Desmodium incanum
10,Short grassland,Ungrazed,Wet,1,Dichondra sericea
10,Short grassland,Ungrazed,Wet,1,Pterocaulon angustifolium
10,Short grassland,Grazed,Wet,1,Neptunia pubescens
10,Short grassland,Grazed,Wet,1,Paspalum plicatulum
10,Short grassland,Grazed,Wet,1,Dichondra sericea
10,Short grassland,Grazed,Wet,1,Steinchisma laxum
10,Short grassland,Grazed,Wet,1,Desmodium incanum
10,Short grassland,Grazed,Wet,1,Oxalis hispidula
10,Short grassland,Grazed,Wet,1,Fimbristylis dichotoma
10,Short grassland,Grazed,Wet,1,Cuphea glutinosa
10,Short grassland,Grazed,Wet,1,Pterocaulon angustifolium
10,Short grassland,Grazed,Wet,1,Evolvulus sericeus
10,Medium-tall grassland,Ungrazed,Wet,1,Oxalis hispidula
10,Medium-tall grassland,Ungrazed,Wet,1,Cuphea racemosa
10,Medium-tall grassland,Ungrazed,Wet,1,Fimbristylis dichotoma
10,Medium-tall grassland,Ungrazed,Wet,1,Kyllinga brevifolia
10,Medium-tall grassland,Ungrazed,Wet,1,Setaria parviflora
10,Medium-tall grassland,Ungrazed,Wet,1,Paspalum plicatulum
10,Medium-tall grassland,Ungrazed,Wet,1,Desmodium incanum
10,Medium-tall grassland,Ungrazed,Wet,1,Dichondra microcalyx
10,Medium-tall grassland,Ungrazed,Wet,1,Scutellaria racemosa
10,Medium-tall grassland,Ungrazed,Wet,1,Axonopus fissifolius
10,Medium-tall grassland,Ungrazed,Wet,1,Stemodia verticillata
10,Medium-tall grassland,Grazed,Wet,1,Oxalis hispidula
10,Medium-tall grassland,Grazed,Wet,1,Oxalis conorrhiza
10,Medium-tall grassland,Grazed,Wet,1,Sida spinosa
10,Medium-tall grassland,Grazed,Wet,1,Steinchisma laxum
10,Medium-tall grassland,Grazed,Wet,1,Dichondra microcalyx
10,Medium-tall grassland,Grazed,Wet,1,Desmodium incanum
10,Medium-tall grassland,Grazed,Wet,1,Evolvulus sericeus
10,Medium-tall grassland,Grazed,Wet,1,Paspalum plicatulum
10,Medium-tall grassland,Grazed,Wet,1,Paspalum almum
10,Medium-tall grassland,Grazed,Wet,1,Fimbristylis dichotoma
10,Tall grassland,Ungrazed,Wet,1,Sorghastrum setosum
10,Tall grassland,Ungrazed,Wet,1,Steinchisma laxum
10,Tall grassland,Ungrazed,Wet,1,Mikania cordifolia
10,Tall grassland,Ungrazed,Wet,1,Oxalis conorrhiza
10,Tall grassland,Ungrazed,Wet,1,Ludwigia peploides
10,Tall grassland,Ungrazed,Wet,1,Cuphea racemosa
10,Tall grassland,Ungrazed,Wet,1,Forsteronia glabrescens
10,Tall grassland,Grazed,Wet,1,Sorghastrum setosum
10,Tall grassland,Grazed,Wet,1,Chromolaena christieana
10,Tall grassland,Grazed,Wet,1,Steinchisma laxum
10,Tall grassland,Grazed,Wet,1,Oxalis conorrhiza
10,Tall grassland,Grazed,Wet,1,Desmodium incanum
10,Tall grassland,Grazed,Wet,1,Scutellaria racemosa
1,Short grassland,Ungrazed,Dry,161,Paspalum almum
1,Short grassland,Ungrazed,Dry,161,Acicarpha tribuloides
1,Short grassland,Ungrazed,Dry,161,Sisyrinchium micranthum
1,Short grassland,Ungrazed,Dry,161,Kyllinga vaginata
1,Short grassland,Ungrazed,Dry,161,Ludwigia peploides
1,Short grassland,Grazed,Dry,161,Paspalum almum
1,Short grassland,Grazed,Dry,161,Kyllinga brevifolia
1,Short grassland,Grazed,Dry,161,Acicarpha tribuloides
1,Short grassland,Grazed,Dry,161,Ludwigia neograndiflora
1,Short grassland,Grazed,Dry,161,Ludwigia bonariensis
1,Short grassland,Grazed,Dry,161,Axonopus fissifolius
1,Medium-tall grassland,Ungrazed,Dry,161,Paspalum almum
1,Medium-tall grassland,Ungrazed,Dry,161,Axonopus fissifolius
1,Medium-tall grassland,Ungrazed,Dry,161,Kyllinga brevifolia
1,Medium-tall grassland,Ungrazed,Dry,161,Oxalis conorrhiza
1,Medium-tall grassland,Ungrazed,Dry,161,Eragrostis bahiensis
1,Medium-tall grassland,Ungrazed,Dry,161,Ludwigia bonariensis
1,Medium-tall grassland,Grazed,Dry,161,Oxalis conorrhiza
1,Medium-tall grassland,Grazed,Dry,161,Paspalum almum
1,Medium-tall grassland,Grazed,Dry,161,Ludwigia neograndiflora
1,Medium-tall grassland,Grazed,Dry,161,Ludwigia bonariensis
1,Medium-tall grassland,Grazed,Dry,161,Hypericum lorentzianum
1,Medium-tall grassland,Grazed,Dry,161,Axonopus fissifolius
1,Medium-tall grassland,Grazed,Dry,161,Eragrostis bahiensis
1,Tall grassland,Ungrazed,Dry,161,Sorghastrum setosum
1,Tall grassland,Ungrazed,Dry,161,Aristeguietia glutinosa
1,Tall grassland,Ungrazed,Dry,161,Setaria parviflora
1,Tall grassland,Ungrazed,Dry,161,Rhynchospora tenuis
1,Tall grassland,Grazed,Dry,161,Steinchisma laxum
1,Tall grassland,Grazed,Dry,161,Chascolytrum uniolae
1,Tall grassland,Grazed,Dry,161,Chromolaena christieana
1,Tall grassland,Grazed,Dry,161,Sorghastrum setosum
1,Tall grassland,Grazed,Dry,161,Desmodium incanum
1,Tall grassland,Grazed,Dry,161,Setaria parviflora
2,Short grassland,Ungrazed,Dry,161,Kyllinga vaginata
2,Short grassland,Ungrazed,Dry,161,Acicarpha tribuloides
2,Short grassland,Ungrazed,Dry,161,Cienfuegosia
2,Short grassland,Ungrazed,Dry,161,Cynodon dactylon
2,Short grassland,Ungrazed,Dry,161,Glandularia pulchella
2,Short grassland,Ungrazed,Dry,161,Sisyrinchium minus
2,Short grassland,Ungrazed,Dry,161,Sisyrinchium micranthum
2,Short grassland,Ungrazed,Dry,161,Polygonum hydropiperoides
2,Short grassland,Grazed,Dry,161,Kyllinga vaginata
2,Short grassland,Grazed,Dry,161,Glandularia pulchella
2,Short grassland,Grazed,Dry,161,Stemodia stricta
2,Short grassland,Grazed,Dry,161,Scoparia montevidensis
2,Short grassland,Grazed,Dry,161,Cynodon dactylon
2,Short grassland,Grazed,Dry,161,Portulaca cryptopetala
2,Short grassland,Grazed,Dry,161,Polygonum hydropiperoides
2,Medium-tall grassland,Ungrazed,Dry,161,Acicarpha tribuloides
2,Medium-tall grassland,Ungrazed,Dry,161,Stemodia stricta
2,Medium-tall grassland,Ungrazed,Dry,161,Steinchisma laxum
2,Medium-tall grassland,Ungrazed,Dry,161,Paspalum almum
2,Medium-tall grassland,Grazed,Dry,161,Paspalum almum
2,Medium-tall grassland,Grazed,Dry,161,Plantago myosuros
2,Medium-tall grassland,Grazed,Dry,161,Steinchisma laxum
2,Medium-tall grassland,Grazed,Dry,161,Stemodia stricta
2,Medium-tall grassland,Grazed,Dry,161,Lepidium bonariense
2,Tall grassland,Ungrazed,Dry,161,Sorghastrum setosum
2,Tall grassland,Ungrazed,Dry,161,Schizachyrium microstachyum
2,Tall grassland,Ungrazed,Dry,161,Indigofera asperifolia
2,Tall grassland,Ungrazed,Dry,161,Ophioglossum nudicaule
2,Tall grassland,Ungrazed,Dry,161,Oxalis hispidula
2,Tall grassland,Ungrazed,Dry,161,Scutellaria racemosa
2,Tall grassland,Grazed,Dry,161,Sorghastrum setosum
2,Tall grassland,Grazed,Dry,161,Chromolaena christieana
2,Tall grassland,Grazed,Dry,161,Ophioglossum nudicaule
3,Short grassland,Ungrazed,Dry,161,Stemodia stricta
3,Short grassland,Ungrazed,Dry,161,Paspalum almum
3,Short grassland,Ungrazed,Dry,161,Mitracarpus megapotamicus
3,Short grassland,Ungrazed,Dry,161,Aristida jubata
3,Short grassland,Ungrazed,Dry,161,Sisyrinchium minus
3,Short grassland,Ungrazed,Dry,161,Evolvulus sericeus
3,Short grassland,Ungrazed,Dry,161,Zornia crinita
3,Short grassland,Ungrazed,Dry,161,Sisyrinchium micranthum
3,Short grassland,Ungrazed,Dry,161,Fimbristylis dichotoma
3,Short grassland,Ungrazed,Dry,161,Melochia pyramidata
3,Short grassland,Grazed,Dry,161,Aristida jubata
3,Short grassland,Grazed,Dry,161,Sisyrinchium micranthum
3,Short grassland,Grazed,Dry,161,Stemodia stricta
3,Short grassland,Grazed,Dry,161,Evolvulus sericeus
3,Short grassland,Grazed,Dry,161,Ophioglossum nudicaule
3,Short grassland,Grazed,Dry,161,Eragrostis cilianensis
3,Short grassland,Grazed,Dry,161,Lippia turnerifolia
3,Medium-tall grassland,Ungrazed,Dry,161,Setaria parviflora
3,Medium-tall grassland,Ungrazed,Dry,161,Juncus sp.
3,Medium-tall grassland,Ungrazed,Dry,161,Paspalum almum
3,Medium-tall grassland,Ungrazed,Dry,161,Eragrostis cilianensis
3,Medium-tall grassland,Ungrazed,Dry,161,Pterocaulon discolor
3,Medium-tall grassland,Ungrazed,Dry,161,Sisyrinchium micranthum
3,Medium-tall grassland,Ungrazed,Dry,161,Sisyrinchium minus
3,Medium-tall grassland,Ungrazed,Dry,161,Eryngium nudicaule
3,Medium-tall grassland,Ungrazed,Dry,161,Stemodia stricta
3,Medium-tall grassland,Ungrazed,Dry,161,Scoparia dulcis
3,Medium-tall grassland,Ungrazed,Dry,161,Gamochaeta americana
3,Medium-tall grassland,Ungrazed,Dry,161,Chascolytrum uniolae
3,Medium-tall grassland,Grazed,Dry,161,Sisyrinchium micranthum
3,Medium-tall grassland,Grazed,Dry,161,Stemodia stricta
3,Medium-tall grassland,Grazed,Dry,161,Aristida jubata
3,Medium-tall grassland,Grazed,Dry,161,Steinchisma laxum
3,Medium-tall grassland,Grazed,Dry,161,Setaria parviflora
3,Medium-tall grassland,Grazed,Dry,161,Kyllinga vaginata
3,Medium-tall grassland,Grazed,Dry,161,Melochia pyramidata
3,Medium-tall grassland,Grazed,Dry,161,Zornia crinita
3,Medium-tall grassland,Grazed,Dry,161,Cienfuegosia
3,Medium-tall grassland,Grazed,Dry,161,Evolvulus sericeus
3,Medium-tall grassland,Grazed,Dry,161,Axonopus fissifolius
3,Medium-tall grassland,Grazed,Dry,161,Eragrostis cilianensis
3,Tall grassland,Ungrazed,Dry,161,Piriqueta suborbicularis
3,Tall grassland,Ungrazed,Dry,161,Pterocaulon polystachyum
3,Tall grassland,Ungrazed,Dry,161,Rhynchospora scutellata
3,Tall grassland,Ungrazed,Dry,161,Rottboellia cochinchinensis
3,Tall grassland,Ungrazed,Dry,161,Sisyrinchium micranthum
3,Tall grassland,Ungrazed,Dry,161,Evolvulus sericeus
3,Tall grassland,Ungrazed,Dry,161,Glandularia pulchella
3,Tall grassland,Ungrazed,Dry,161,Mimosa balansae
3,Tall grassland,Ungrazed,Dry,161,Aspilia montevidensis
3,Tall grassland,Ungrazed,Dry,161,Poa sp.
3,Tall grassland,Grazed,Dry,161,Mimosa balansae
3,Tall grassland,Grazed,Dry,161,Rottboellia cochinchinensis
3,Tall grassland,Grazed,Dry,161,Aristida jubata
3,Tall grassland,Grazed,Dry,161,Piriqueta suborbicularis
3,Tall grassland,Grazed,Dry,161,Rhynchospora scutellata
3,Tall grassland,Grazed,Dry,161,Setaria parviflora
3,Tall grassland,Grazed,Dry,161,Evolvulus sericeus
3,Tall grassland,Grazed,Dry,161,Porophyllum ruderale
3,Tall grassland,Grazed,Dry,161,Aspilia montevidensis
4,Short grassland,Ungrazed,Dry,161,Desmodium incanum
4,Short grassland,Ungrazed,Dry,161,Trifolium sp.
4,Short grassland,Ungrazed,Dry,161,Paspalum almum
4,Short grassland,Ungrazed,Dry,161,Polygala pulchella
4,Short grassland,Ungrazed,Dry,161,Evolvulus sericeus
4,Short grassland,Ungrazed,Dry,161,Axonopus fissifolius
4,Short grassland,Ungrazed,Dry,161,Cuphea carthagenensis
4,Short grassland,Grazed,Dry,161,Nierembergia linariifolia
4,Short grassland,Grazed,Dry,161,Sisyrinchium micranthum
4,Short grassland,Grazed,Dry,161,Chascolytrum uniolae
4,Short grassland,Grazed,Dry,161,Kyllinga brevifolia
4,Short grassland,Grazed,Dry,161,Gamochaeta americana
4,Short grassland,Grazed,Dry,161,Paspalum almum
4,Short grassland,Grazed,Dry,161,Evolvulus sericeus
4,Short grassland,Grazed,Dry,161,Eleusine tristachya
4,Short grassland,Grazed,Dry,161,Indigofera asperifolia
4,Short grassland,Grazed,Dry,161,Dichondra microcalyx
4,Short grassland,Grazed,Dry,161,Trifolium sp.
4,Short grassland,Grazed,Dry,161,Axonopus fissifolius
4,Medium-tall grassland,Ungrazed,Dry,161,Rhynchospora scutellata
4,Medium-tall grassland,Ungrazed,Dry,161,Scutellaria racemosa
4,Medium-tall grassland,Ungrazed,Dry,161,Paspalum almum
4,Medium-tall grassland,Ungrazed,Dry,161,Cuphea carthagenensis
4,Medium-tall grassland,Ungrazed,Dry,161,Desmodium incanum
4,Medium-tall grassland,Ungrazed,Dry,161,Cuphea racemosa
4,Medium-tall grassland,Grazed,Dry,161,Paspalum almum
4,Medium-tall grassland,Grazed,Dry,161,Scutellaria racemosa
4,Medium-tall grassland,Grazed,Dry,161,Cuphea glutinosa
4,Medium-tall grassland,Grazed,Dry,161,Cyclospermum leptophyllum
4,Medium-tall grassland,Grazed,Dry,161,Chascolytrum uniolae
4,Medium-tall grassland,Grazed,Dry,161,Steinchisma laxum
4,Medium-tall grassland,Grazed,Dry,161,Acicarpha tribuloides
4,Medium-tall grassland,Grazed,Dry,161,Setaria parviflora
4,Medium-tall grassland,Grazed,Dry,161,Trifolium sp.
4,Medium-tall grassland,Grazed,Dry,161,Polygala molluginifolia
4,Medium-tall grassland,Grazed,Dry,161,Kyllinga vaginata
4,Medium-tall grassland,Grazed,Dry,161,Sisyrinchium micranthum
4,Medium-tall grassland,Grazed,Dry,161,Asteracea (hoja peluda)
4,Tall grassland,Ungrazed,Dry,161,Paspalum almum
4,Tall grassland,Ungrazed,Dry,161,Fimbristylis dichotoma
4,Tall grassland,Ungrazed,Dry,161,Trifolium sp.
4,Tall grassland,Ungrazed,Dry,161,Oxalis hispidula
4,Tall grassland,Ungrazed,Dry,161,Evolvulus sericeus
4,Tall grassland,Ungrazed,Dry,161,Setaria parviflora
4,Tall grassland,Ungrazed,Dry,161,Kyllinga vaginata
4,Tall grassland,Ungrazed,Dry,161,Eupatorium inulifolium
4,Tall grassland,Ungrazed,Dry,161,Rottboellia cochinchinensis
4,Tall grassland,Ungrazed,Dry,161,Cuphea racemosa
4,Tall grassland,Ungrazed,Dry,161,Fimbristylis complanata
4,Tall grassland,Grazed,Dry,161,Eupatorium inulifolium
4,Tall grassland,Grazed,Dry,161,Scoparia dulcis
4,Tall grassland,Grazed,Dry,161,Setaria parviflora
4,Tall grassland,Grazed,Dry,161,Chascolytrum uniolae
4,Tall grassland,Grazed,Dry,161,Eragrostis bahiensis
4,Tall grassland,Grazed,Dry,161,Kyllinga vaginata
4,Tall grassland,Grazed,Dry,161,Oxalis corniculata
4,Tall grassland,Grazed,Dry,161,Paspalum almum
5,Short grassland,Ungrazed,Dry,161,Stemodia stricta
5,Short grassland,Ungrazed,Dry,161,Melochia pyramidata
5,Short grassland,Ungrazed,Dry,161,Acicarpha tribuloides
5,Short grassland,Ungrazed,Dry,161,Sisyrinchium micranthum
5,Short grassland,Ungrazed,Dry,161,Zornia crinita
5,Short grassland,Ungrazed,Dry,161,Polygala pulchella
5,Short grassland,Ungrazed,Dry,161,Evolvulus sericeus
5,Short grassland,Ungrazed,Dry,161,Cuphea racemosa
5,Short grassland,Ungrazed,Dry,161,Paspalum almum
5,Short grassland,Grazed,Dry,161,Glandularia pulchella
5,Short grassland,Grazed,Dry,161,Paspalum almum
5,Short grassland,Grazed,Dry,161,Cuphea carthagenensis
5,Short grassland,Grazed,Dry,161,Polygala molluginifolia
5,Short grassland,Grazed,Dry,161,Acicarpha tribuloides
5,Short grassland,Grazed,Dry,161,Stemodia stricta
5,Short grassland,Grazed,Dry,161,Sisyrinchium micranthum
5,Short grassland,Grazed,Dry,161,Eragrostis cilianensis
5,Short grassland,Grazed,Dry,161,Kyllinga vaginata
5,Short grassland,Grazed,Dry,161,Evolvulus sericeus
5,Short grassland,Grazed,Dry,161,Polygala pulchella
5,Short grassland,Grazed,Dry,161,Eryngium nudicaule
5,Short grassland,Grazed,Dry,161,Sida spinosa
5,Short grassland,Grazed,Dry,161,Gamochaeta americana
5,Short grassland,Grazed,Dry,161,Trifolium sp.
5,Short grassland,Grazed,Dry,161,Pterocaulon polystachyum
5,Medium-tall grassland,Ungrazed,Dry,161,Rhynchospora scutellata
5,Medium-tall grassland,Ungrazed,Dry,161,Steinchisma laxum
5,Medium-tall grassland,Ungrazed,Dry,161,Scoparia dulcis
5,Medium-tall grassland,Ungrazed,Dry,161,Eupatorium inulifolium
5,Medium-tall grassland,Ungrazed,Dry,161,Fimbristylis complanata
5,Medium-tall grassland,Ungrazed,Dry,161,Scutellaria racemosa
5,Medium-tall grassland,Ungrazed,Dry,161,Evolvulus sericeus
5,Medium-tall grassland,Ungrazed,Dry,161,Paspalum almum
5,Medium-tall grassland,Grazed,Dry,161,Paspalum almum
5,Medium-tall grassland,Grazed,Dry,161,Sisyrinchium micranthum
5,Medium-tall grassland,Grazed,Dry,161,Gamochaeta americana
5,Medium-tall grassland,Grazed,Dry,161,Scoparia dulcis
5,Medium-tall grassland,Grazed,Dry,161,Melochia pyramidata
5,Medium-tall grassland,Grazed,Dry,161,Hypochaeris albiflora
5,Medium-tall grassland,Grazed,Dry,161,Eleocharis montana
5,Medium-tall grassland,Grazed,Dry,161,Cuphea racemosa
5,Medium-tall grassland,Grazed,Dry,161,Nothoscordum inodorum
5,Tall grassland,Ungrazed,Dry,161,Andropogon lateralis
5,Tall grassland,Ungrazed,Dry,161,Vernonia nitidula
5,Tall grassland,Ungrazed,Dry,161,Chromolaena laevigata
5,Tall grassland,Ungrazed,Dry,161,Cyperus virens
5,Tall grassland,Ungrazed,Dry,161,Scutellaria racemosa
5,Tall grassland,Grazed,Dry,161,Nothoscordum inodorum
5,Tall grassland,Grazed,Dry,161,Andropogon lateralis
5,Tall grassland,Grazed,Dry,161,Chromolaena laevigata
6,Short grassland,Ungrazed,Dry,161,Carex trachycystis
6,Short grassland,Ungrazed,Dry,161,Sisyrinchium micranthum
6,Short grassland,Ungrazed,Dry,161,Eryngium nudicaule
6,Short grassland,Ungrazed,Dry,161,Trifolium polymorphum
6,Short grassland,Ungrazed,Dry,161,Acicarpha tribuloides
6,Short grassland,Ungrazed,Dry,161,Gamochaeta americana
6,Short grassland,Ungrazed,Dry,161,Hypochaeris albiflora
6,Short grassland,Ungrazed,Dry,161,Herbertia lahue
6,Short grassland,Ungrazed,Dry,161,Eleusine tristachya
6,Short grassland,Ungrazed,Dry,161,Dichondra microcalyx
6,Short grassland,Ungrazed,Dry,161,Cuphea racemosa
6,Short grassland,Ungrazed,Dry,161,Stemodia stricta
6,Short grassland,Ungrazed,Dry,161,Micropsis dasycarpa
6,Short grassland,Ungrazed,Dry,161,Pluchea sagittalis
6,Short grassland,Ungrazed,Dry,161,Axonopus fissifolius
6,Short grassland,Grazed,Dry,161,Micropsis dasycarpa
6,Short grassland,Grazed,Dry,161,Acicarpha tribuloides
6,Short grassland,Grazed,Dry,161,Paspalum almum
6,Short grassland,Grazed,Dry,161,Stemodia stricta
6,Short grassland,Grazed,Dry,161,Chascolytrum uniolae
6,Short grassland,Grazed,Dry,161,Steinchisma laxum
6,Short grassland,Grazed,Dry,161,Sisyrinchium micranthum
6,Short grassland,Grazed,Dry,161,Cuphea racemosa
6,Short grassland,Grazed,Dry,161,Trifolium sp.
6,Short grassland,Grazed,Dry,161,Plantago myosuros
6,Short grassland,Grazed,Dry,161,Gamochaeta americana
6,Short grassland,Grazed,Dry,161,Fimbristylis dichotoma
6,Short grassland,Grazed,Dry,161,Evolvulus sericeus
6,Short grassland,Grazed,Dry,161,Hypochaeris albiflora
6,Short grassland,Grazed,Dry,161,Dichondra microcalyx
6,Short grassland,Grazed,Dry,161,Scutellaria racemosa
6,Short grassland,Grazed,Dry,161,Polygala pulchella
6,Medium-tall grassland,Ungrazed,Dry,161,Sisyrinchium micranthum
6,Medium-tall grassland,Ungrazed,Dry,161,Rhynchospora scutellata
6,Medium-tall grassland,Ungrazed,Dry,161,Chascolytrum uniolae
6,Medium-tall grassland,Ungrazed,Dry,161,Polygala molluginifolia
6,Medium-tall grassland,Ungrazed,Dry,161,Herbertia lahue
6,Medium-tall grassland,Ungrazed,Dry,161,Paspalum plicatulum
6,Medium-tall grassland,Ungrazed,Dry,161,Scoparia dulcis
6,Medium-tall grassland,Ungrazed,Dry,161,Dichondra microcalyx
6,Medium-tall grassland,Ungrazed,Dry,161,Gamochaeta americana
6,Medium-tall grassland,Ungrazed,Dry,161,Hypochaeris albiflora
6,Medium-tall grassland,Ungrazed,Dry,161,Fimbristylis dichotoma
6,Medium-tall grassland,Ungrazed,Dry,161,Paspalum almum
6,Medium-tall grassland,Grazed,Dry,161,Evolvulus sericeus
6,Medium-tall grassland,Grazed,Dry,161,Acicarpha tribuloides
6,Medium-tall grassland,Grazed,Dry,161,Polygala molluginifolia
6,Medium-tall grassland,Grazed,Dry,161,Dichondra microcalyx
6,Medium-tall grassland,Grazed,Dry,161,Pterocaulon polystachyum
6,Medium-tall grassland,Grazed,Dry,161,Setaria parviflora
6,Medium-tall grassland,Grazed,Dry,161,Chascolytrum uniolae
6,Medium-tall grassland,Grazed,Dry,161,Sisyrinchium micranthum
6,Medium-tall grassland,Grazed,Dry,161,Eryngium nudicaule
6,Medium-tall grassland,Grazed,Dry,161,Ruellia morongii
6,Medium-tall grassland,Grazed,Dry,161,Cuphea carthagenensis
6,Medium-tall grassland,Grazed,Dry,161,Galium richardianum
6,Medium-tall grassland,Grazed,Dry,161,Paspalum almum
6,Medium-tall grassland,Grazed,Dry,161,Paspalum plicatulum
6,Tall grassland,Ungrazed,Dry,161,Sorghastrum setosum
6,Tall grassland,Ungrazed,Dry,161,Chascolytrum uniolae
6,Tall grassland,Ungrazed,Dry,161,Dolichandra cynanchoides
6,Tall grassland,Ungrazed,Dry,161,Desmodium incanum
6,Tall grassland,Ungrazed,Dry,161,Galium richardianum
6,Tall grassland,Ungrazed,Dry,161,Scutellaria racemosa
6,Tall grassland,Ungrazed,Dry,161,Oxalis hispidula
6,Tall grassland,Grazed,Dry,161,Iresine diffusa
6,Tall grassland,Grazed,Dry,161,Centella asiatica
6,Tall grassland,Grazed,Dry,161,Dolichandra cynanchoides
6,Tall grassland,Grazed,Dry,161,Sorghastrum setosum
6,Tall grassland,Grazed,Dry,161,Scutellaria racemosa
6,Tall grassland,Grazed,Dry,161,Eleocharis montana
6,Tall grassland,Grazed,Dry,161,Desmodium incanum
6,Tall grassland,Grazed,Dry,161,Oxalis hispidula
6,Tall grassland,Grazed,Dry,161,Paspalum almum
6,Tall grassland,Grazed,Dry,161,Cuphea racemosa
7,Short grassland,Ungrazed,Dry,161,Pluchea sagittalis
7,Short grassland,Ungrazed,Dry,161,Nassella neesiana
7,Short grassland,Ungrazed,Dry,161,Desmodium incanum
7,Short grassland,Ungrazed,Dry,161,Chascolytrum uniolae
7,Short grassland,Ungrazed,Dry,161,Eragrostis cilianensis
7,Short grassland,Ungrazed,Dry,161,Mimosa sp.
7,Short grassland,Ungrazed,Dry,161,Sisyrinchium micranthum
7,Short grassland,Ungrazed,Dry,161,Paspalum almum
7,Short grassland,Ungrazed,Dry,161,Evolvulus sericeus
7,Short grassland,Ungrazed,Dry,161,Sida spinosa
7,Short grassland,Ungrazed,Dry,161,Galium richardianum
7,Short grassland,Ungrazed,Dry,161,Cyclospermum leptophyllum
7,Short grassland,Ungrazed,Dry,161,Gamochaeta americana
7,Short grassland,Ungrazed,Dry,161,Dichondra microcalyx
7,Short grassland,Ungrazed,Dry,161,Pterocaulon polystachyum
7,Short grassland,Grazed,Dry,161,Sisyrinchium micranthum
7,Short grassland,Grazed,Dry,161,Cuphea racemosa
7,Short grassland,Grazed,Dry,161,Paspalum almum
7,Short grassland,Grazed,Dry,161,Desmodium incanum
7,Short grassland,Grazed,Dry,161,Axonopus fissifolius
7,Short grassland,Grazed,Dry,161,Melochia pyramidata
7,Short grassland,Grazed,Dry,161,Elephantopus mollis
7,Short grassland,Grazed,Dry,161,Plantago myosuros
7,Short grassland,Grazed,Dry,161,Gamochaeta americana
7,Medium-tall grassland,Ungrazed,Dry,161,Mikania cordifolia
7,Medium-tall grassland,Ungrazed,Dry,161,Setaria parviflora
7,Medium-tall grassland,Ungrazed,Dry,161,Chascolytrum uniolae
7,Medium-tall grassland,Ungrazed,Dry,161,Eleocharis montana
7,Medium-tall grassland,Ungrazed,Dry,161,Galium richardianum
7,Medium-tall grassland,Ungrazed,Dry,161,Verbena litoralis
7,Medium-tall grassland,Ungrazed,Dry,161,Disynaphia halimifolia
7,Medium-tall grassland,Ungrazed,Dry,161,Cuphea racemosa
7,Medium-tall grassland,Ungrazed,Dry,161,Cyclospermum leptophyllum
7,Medium-tall grassland,Ungrazed,Dry,161,Sisyrinchium micranthum
7,Medium-tall grassland,Ungrazed,Dry,161,Araujia angustifolia
7,Medium-tall grassland,Ungrazed,Dry,161,Desmodium incanum
7,Medium-tall grassland,Ungrazed,Dry,161,Pterocaulon sp.
7,Medium-tall grassland,Ungrazed,Dry,161,Croton bonplandianus
7,Medium-tall grassland,Ungrazed,Dry,161,Elephantopus mollis
7,Medium-tall grassland,Ungrazed,Dry,161,Paspalum almum
7,Medium-tall grassland,Grazed,Dry,161,Sisyrinchium micranthum
7,Medium-tall grassland,Grazed,Dry,161,Evolvulus sericeus
7,Medium-tall grassland,Grazed,Dry,161,Sida spinosa
7,Medium-tall grassland,Grazed,Dry,161,Desmodium incanum
7,Medium-tall grassland,Grazed,Dry,161,Gamochaeta americana
7,Medium-tall grassland,Grazed,Dry,161,Neptunia pubescens
7,Medium-tall grassland,Grazed,Dry,161,Chascolytrum uniolae
7,Medium-tall grassland,Grazed,Dry,161,Galium richardianum
7,Medium-tall grassland,Grazed,Dry,161,Eupatorium inulifolium
7,Medium-tall grassland,Grazed,Dry,161,Setaria parviflora
7,Medium-tall grassland,Grazed,Dry,161,Pterocaulon sp.
7,Medium-tall grassland,Grazed,Dry,161,Plantago myosuros
7,Medium-tall grassland,Grazed,Dry,161,Croton bonplandianus
7,Tall grassland,Ungrazed,Dry,161,Sorghastrum setosum
7,Tall grassland,Ungrazed,Dry,161,Cissus verticillata
7,Tall grassland,Ungrazed,Dry,161,Chascolytrum uniolae
7,Tall grassland,Ungrazed,Dry,161,Phalaris angusta
7,Tall grassland,Ungrazed,Dry,161,Setaria parviflora
7,Tall grassland,Ungrazed,Dry,161,Vicia epetiolaris
7,Tall grassland,Ungrazed,Dry,161,Scutellaria racemosa
7,Tall grassland,Ungrazed,Dry,161,Mikania cordifolia
7,Tall grassland,Ungrazed,Dry,161,Muehlenbeckia sagittifolia
7,Tall grassland,Ungrazed,Dry,161,Marsilea ancylopoda
7,Tall grassland,Ungrazed,Dry,161,Portulaca cryptopetala
7,Tall grassland,Ungrazed,Dry,161,Alternanthera philoxeroides
7,Tall grassland,Grazed,Dry,161,Sorghastrum setosum
7,Tall grassland,Grazed,Dry,161,Oxalis conorrhiza
7,Tall grassland,Grazed,Dry,161,Eupatorium inulifolium
7,Tall grassland,Grazed,Dry,161,Vicia epetiolaris
7,Tall grassland,Grazed,Dry,161,Desmodium incanum
7,Tall grassland,Grazed,Dry,161,Setaria parviflora
7,Tall grassland,Grazed,Dry,161,Marsilea ancylopoda
7,Tall grassland,Grazed,Dry,161,Eleocharis montana
8,Short grassland,Ungrazed,Dry,161,Sisyrinchium micranthum
8,Short grassland,Ungrazed,Dry,161,Trifolium sp.
8,Short grassland,Ungrazed,Dry,161,Paspalum almum
8,Short grassland,Ungrazed,Dry,161,Polygala pulchella
8,Short grassland,Ungrazed,Dry,161,Cuphea racemosa
8,Short grassland,Ungrazed,Dry,161,Cuphea glutinosa
8,Short grassland,Ungrazed,Dry,161,Sida spinosa
8,Short grassland,Ungrazed,Dry,161,Evolvulus sericeus
8,Short grassland,Ungrazed,Dry,161,Steinchisma laxum
8,Short grassland,Ungrazed,Dry,161,Ambrosia maritima
8,Short grassland,Grazed,Dry,161,Acicarpha tribuloides
8,Short grassland,Grazed,Dry,161,Sisyrinchium minus
8,Short grassland,Grazed,Dry,161,Stemodia stricta
8,Short grassland,Grazed,Dry,161,Gamochaeta americana
8,Short grassland,Grazed,Dry,161,Trifolium sp.
8,Short grassland,Grazed,Dry,161,Oxalis conorrhiza
8,Short grassland,Grazed,Dry,161,Kyllinga brevifolia
8,Short grassland,Grazed,Dry,161,Paspalum almum
8,Short grassland,Grazed,Dry,161,Cuphea racemosa
8,Short grassland,Grazed,Dry,161,Desmodium incanum
8,Medium-tall grassland,Ungrazed,Dry,161,Eleocharis montana
8,Medium-tall grassland,Ungrazed,Dry,161,Acicarpha tribuloides
8,Medium-tall grassland,Ungrazed,Dry,161,Sisyrinchium micranthum
8,Medium-tall grassland,Ungrazed,Dry,161,Cuphea racemosa
8,Medium-tall grassland,Ungrazed,Dry,161,Scutellaria racemosa
8,Medium-tall grassland,Ungrazed,Dry,161,Hypochaeris albiflora
8,Medium-tall grassland,Ungrazed,Dry,161,Sida rhombifolia
8,Medium-tall grassland,Ungrazed,Dry,161,Chascolytrum uniolae
8,Medium-tall grassland,Ungrazed,Dry,161,Scoparia dulcis
8,Medium-tall grassland,Ungrazed,Dry,161,Oxalis conorrhiza
8,Medium-tall grassland,Ungrazed,Dry,161,Aspilia montevidensis
8,Medium-tall grassland,Ungrazed,Dry,161,Eryngium nudicaule
8,Medium-tall grassland,Ungrazed,Dry,161,Chromolaena laevigata
8,Medium-tall grassland,Ungrazed,Dry,161,Pfaffia glomerata
8,Medium-tall grassland,Ungrazed,Dry,161,Paspalum almum
8,Medium-tall grassland,Ungrazed,Dry,161,Trifolium sp.
8,Medium-tall grassland,Grazed,Dry,161,Eleocharis viridans
8,Medium-tall grassland,Grazed,Dry,161,Trifolium polymorphum
8,Medium-tall grassland,Grazed,Dry,161,Cuphea racemosa
8,Medium-tall grassland,Grazed,Dry,161,Tripogandra glandulosa
8,Medium-tall grassland,Grazed,Dry,161,Galium richardianum
8,Medium-tall grassland,Grazed,Dry,161,Sisyrinchium minus
8,Medium-tall grassland,Grazed,Dry,161,Scutellaria racemosa
8,Medium-tall grassland,Grazed,Dry,161,Phalaris angusta
8,Medium-tall grassland,Grazed,Dry,161,Setaria parviflora
8,Medium-tall grassland,Grazed,Dry,161,Dolichandra cynanchoides
8,Medium-tall grassland,Grazed,Dry,161,Melochia pyramidata
8,Medium-tall grassland,Grazed,Dry,161,Chascolytrum uniolae
8,Medium-tall grassland,Grazed,Dry,161,Parietaria debilis
8,Medium-tall grassland,Grazed,Dry,161,Oxalis conorrhiza
8,Medium-tall grassland,Grazed,Dry,161,Paspalum almum
8,Tall grassland,Ungrazed,Dry,161,Dolichandra cynanchoides
8,Tall grassland,Ungrazed,Dry,161,Scutellaria racemosa
8,Tall grassland,Ungrazed,Dry,161,Sorghastrum setosum
8,Tall grassland,Ungrazed,Dry,161,Pfaffia glomerata
8,Tall grassland,Ungrazed,Dry,161,Evolvulus sericeus
8,Tall grassland,Ungrazed,Dry,161,Stemodia verticillata
8,Tall grassland,Ungrazed,Dry,161,Steinchisma laxum
8,Tall grassland,Ungrazed,Dry,161,Oxalis conorrhiza
8,Tall grassland,Ungrazed,Dry,161,Paspalum urvillei
8,Tall grassland,Grazed,Dry,161,Desmodium incanum
8,Tall grassland,Grazed,Dry,161,Sorghastrum setosum
8,Tall grassland,Grazed,Dry,161,Scutellaria racemosa
8,Tall grassland,Grazed,Dry,161,Dolichandra cynanchoides
8,Tall grassland,Grazed,Dry,161,Galium richardianum
8,Tall grassland,Grazed,Dry,161,Poa sp.
8,Tall grassland,Grazed,Dry,161,Barrosoa candolleana
9,Short grassland,Ungrazed,Dry,161,Acicarpha tribuloides
9,Short grassland,Ungrazed,Dry,161,Schyzaquirium micranthus
9,Short grassland,Ungrazed,Dry,161,Rhynchospora scutellata
9,Short grassland,Ungrazed,Dry,161,Trifolium sp.
9,Short grassland,Ungrazed,Dry,161,Desmodium incanum
9,Short grassland,Ungrazed,Dry,161,Stemodia stricta
9,Short grassland,Ungrazed,Dry,161,Sisyrinchium micranthum
9,Short grassland,Ungrazed,Dry,161,Nothoscordum gracile
9,Short grassland,Ungrazed,Dry,161,Paspalum almum
9,Short grassland,Ungrazed,Dry,161,Polygala pulchella
9,Short grassland,Grazed,Dry,161,Sisyrinchium micranthum
9,Short grassland,Grazed,Dry,161,Evolvulus sericeus
9,Short grassland,Grazed,Dry,161,Acicarpha tribuloides
9,Short grassland,Grazed,Dry,161,Stemodia stricta
9,Short grassland,Grazed,Dry,161,Paspalum almum
9,Short grassland,Grazed,Dry,161,Zornia diphylla
9,Short grassland,Grazed,Dry,161,Eryngium nudicaule
9,Short grassland,Grazed,Dry,161,Rhynchospora scutellata
9,Short grassland,Grazed,Dry,161,Ruellia morongii
9,Short grassland,Grazed,Dry,161,Cuphea racemosa
9,Short grassland,Grazed,Dry,161,Polygala pulchella
9,Short grassland,Grazed,Dry,161,Plantago myosuros
9,Short grassland,Grazed,Dry,161,Glandularia pulchella
9,Short grassland,Grazed,Dry,161,Micropsis dasycarpa
9,Medium-tall grassland,Ungrazed,Dry,161,Rottboellia cochinchinensis
9,Medium-tall grassland,Ungrazed,Dry,161,Vicia epetiolaris
9,Medium-tall grassland,Ungrazed,Dry,161,Scutellaria racemosa
9,Medium-tall grassland,Ungrazed,Dry,161,Oxalis conorrhiza
9,Medium-tall grassland,Ungrazed,Dry,161,Galium richardianum
9,Medium-tall grassland,Ungrazed,Dry,161,Sida rhombifolia
9,Medium-tall grassland,Ungrazed,Dry,161,Paspalum almum
9,Medium-tall grassland,Grazed,Dry,161,Trifolium sp.
9,Medium-tall grassland,Grazed,Dry,161,Nothoscordum montevidense
9,Medium-tall grassland,Grazed,Dry,161,Sisyrinchium micranthum
9,Medium-tall grassland,Grazed,Dry,161,Scutellaria racemosa
9,Medium-tall grassland,Grazed,Dry,161,Eupatorium inulifolium
9,Medium-tall grassland,Grazed,Dry,161,Vicia epetiolaris
9,Medium-tall grassland,Grazed,Dry,161,Chascolytrum uniolae
9,Medium-tall grassland,Grazed,Dry,161,Paspalum almum
9,Medium-tall grassland,Grazed,Dry,161,Evolvulus sericeus
9,Medium-tall grassland,Grazed,Dry,161,Galium richardianum
9,Tall grassland,Ungrazed,Dry,161,Deyeuxia viridiflavescens
9,Tall grassland,Ungrazed,Dry,161,Sorghastrum setosum
9,Tall grassland,Ungrazed,Dry,161,Vicia epetiolaris
9,Tall grassland,Ungrazed,Dry,161,Scutellaria racemosa
9,Tall grassland,Ungrazed,Dry,161,Dolichandra cynanchoides
9,Tall grassland,Ungrazed,Dry,161,Eupatorium inulifolium
9,Tall grassland,Ungrazed,Dry,161,Galium richardianum
9,Tall grassland,Grazed,Dry,161,Cuphea racemosa
9,Tall grassland,Grazed,Dry,161,Sorghastrum setosum
9,Tall grassland,Grazed,Dry,161,Chascolytrum uniolae
9,Tall grassland,Grazed,Dry,161,Piptochaetium montevidense
9,Tall grassland,Grazed,Dry,161,Eupatorium inulifolium
9,Tall grassland,Grazed,Dry,161,Cyclospermum leptophyllum
9,Tall grassland,Grazed,Dry,161,Sida rhombifolia
9,Tall grassland,Grazed,Dry,161,Eleocharis viridans
9,Tall grassland,Grazed,Dry,161,Scutellaria racemosa
9,Tall grassland,Grazed,Dry,161,Geranium carolinianum
9,Tall grassland,Grazed,Dry,161,Neptunia pubescens
9,Tall grassland,Grazed,Dry,161,Trifolium sp.
10,Short grassland,Ungrazed,Dry,161,Setaria parviflora
10,Short grassland,Ungrazed,Dry,161,Paspalum almum
10,Short grassland,Ungrazed,Dry,161,Trifolium sp.
10,Short grassland,Ungrazed,Dry,161,Cuphea racemosa
10,Short grassland,Ungrazed,Dry,161,Dichondra microcalyx
10,Short grassland,Ungrazed,Dry,161,Scutellaria racemosa
10,Short grassland,Ungrazed,Dry,161,Nothoscordum montevidense
10,Short grassland,Grazed,Dry,161,Paspalum almum
10,Short grassland,Grazed,Dry,161,Evolvulus sericeus
10,Short grassland,Grazed,Dry,161,Sida spinosa
10,Short grassland,Grazed,Dry,161,Cuphea racemosa
10,Short grassland,Grazed,Dry,161,Neptunia pubescens
10,Short grassland,Grazed,Dry,161,Stemodia stricta
10,Short grassland,Grazed,Dry,161,Steinchisma laxum
10,Short grassland,Grazed,Dry,161,Dichondra microcalyx
10,Short grassland,Grazed,Dry,161,Melochia pyramidata
10,Short grassland,Grazed,Dry,161,Trifolium sp.
10,Short grassland,Grazed,Dry,161,Asteracea sp.
10,Medium-tall grassland,Ungrazed,Dry,161,Scutellaria racemosa
10,Medium-tall grassland,Ungrazed,Dry,161,Trifolium sp.
10,Medium-tall grassland,Ungrazed,Dry,161,Paspalum almum
10,Medium-tall grassland,Ungrazed,Dry,161,Barrosoa candolleana
10,Medium-tall grassland,Ungrazed,Dry,161,Acicarpha tribuloides
10,Medium-tall grassland,Ungrazed,Dry,161,Evolvulus sericeus
10,Medium-tall grassland,Ungrazed,Dry,161,Dichondra microcalyx
10,Medium-tall grassland,Ungrazed,Dry,161,Cuphea racemosa
10,Medium-tall grassland,Ungrazed,Dry,161,Chascolytrum uniolae
10,Medium-tall grassland,Grazed,Dry,161,Sisyrinchium micranthum
10,Medium-tall grassland,Grazed,Dry,161,Desmodium incanum
10,Medium-tall grassland,Grazed,Dry,161,Steinchisma laxum
10,Medium-tall grassland,Grazed,Dry,161,Trifolium sp.
10,Medium-tall grassland,Grazed,Dry,161,Sida spinosa
10,Medium-tall grassland,Grazed,Dry,161,Dichondra microcalyx
10,Medium-tall grassland,Grazed,Dry,161,Carex trachycystis
10,Medium-tall grassland,Grazed,Dry,161,Paspalum almum
10,Medium-tall grassland,Grazed,Dry,161,Acmella decumbens
10,Medium-tall grassland,Grazed,Dry,161,Nassella neesiana
10,Tall grassland,Ungrazed,Dry,161,Forsteronia glabrescens
10,Tall grassland,Ungrazed,Dry,161,Mikania cordifolia
10,Tall grassland,Ungrazed,Dry,161,Sorghastrum setosum
10,Tall grassland,Ungrazed,Dry,161,Iresine diffusa
10,Tall grassland,Ungrazed,Dry,161,Deyeuxia viridiflavescens
10,Tall grassland,Ungrazed,Dry,161,Vicia epetiolaris
10,Tall grassland,Ungrazed,Dry,161,Scutellaria racemosa
10,Tall grassland,Grazed,Dry,161,Sorghastrum setosum
10,Tall grassland,Grazed,Dry,161,Steinchisma laxum
10,Tall grassland,Grazed,Dry,161,Iresine diffusa
10,Tall grassland,Grazed,Dry,161,Scutellaria racemosa
10,Tall grassland,Grazed,Dry,161,Oxalis conorrhiza
10,Tall grassland,Grazed,Dry,161,Cuphea racemosa
10,Tall grassland,Grazed,Dry,161,Ambrosia maritima
10,Tall grassland,Grazed,Dry,161,Galium richardianum
1,Medium-tall grassland,Ungrazed,Wet,389,Steinchisma laxum
1,Medium-tall grassland,Ungrazed,Wet,389,Setaria parviflora
1,Medium-tall grassland,Ungrazed,Wet,389,Luziola peruviana
1,Medium-tall grassland,Grazed,Wet,389,Ludwigia peploides
1,Medium-tall grassland,Grazed,Wet,389,Polygonum hydropiperoides
1,Medium-tall grassland,Grazed,Wet,389,Leersia hexandra
1,Medium-tall grassland,Grazed,Wet,389,Salvinia biloba
1,Medium-tall grassland,Grazed,Wet,389,Paspalum almum
1,Tall grassland,Ungrazed,Wet,389,Sorghastrum setosum
1,Tall grassland,Ungrazed,Wet,389,Chromolaena laevigata
1,Tall grassland,Ungrazed,Wet,389,Setaria parviflora
1,Tall grassland,Grazed,Wet,389,Sorghastrum setosum
1,Tall grassland,Grazed,Wet,389,Setaria parviflora
1,Tall grassland,Grazed,Wet,389,Chromolaena laevigata
1,Tall grassland,Grazed,Wet,389,Oxalis hispidula
1,Tall grassland,Grazed,Wet,389,Scutellaria racemosa
1,Tall grassland,Grazed,Wet,389,Sida spinosa
1,Tall grassland,Grazed,Wet,389,Rhynchospora tenuis
1,Tall grassland,Grazed,Wet,389,Sida riedelii
1,Tall grassland,Grazed,Wet,389,Schizachyrium microstachyum
2,Medium-tall grassland,Ungrazed,Wet,389,Setaria parviflora
2,Medium-tall grassland,Ungrazed,Wet,389,Oxalis hispidula
2,Medium-tall grassland,Ungrazed,Wet,389,Luziola peruviana
2,Medium-tall grassland,Grazed,Wet,389,Oxalis hispidula
2,Medium-tall grassland,Grazed,Wet,389,Steinchisma laxum
2,Medium-tall grassland,Grazed,Wet,389,Setaria parviflora
2,Medium-tall grassland,Grazed,Wet,389,Paspalum almum
2,Tall grassland,Ungrazed,Wet,389,Sorghastrum setosum
2,Tall grassland,Ungrazed,Wet,389,Andropogon lateralis
2,Tall grassland,Ungrazed,Wet,389,Oxalis hispidula
2,Tall grassland,Ungrazed,Wet,389,Scutellaria racemosa
2,Tall grassland,Grazed,Wet,389,Sorghastrum setosum
2,Tall grassland,Grazed,Wet,389,Andropogon lateralis
2,Tall grassland,Grazed,Wet,389,Oxalis hispidula
2,Tall grassland,Grazed,Wet,389,Commelina sp.
3,Short grassland,Ungrazed,Wet,389,Paspalum almum
3,Short grassland,Ungrazed,Wet,389,Oxalis hispidula
3,Short grassland,Ungrazed,Wet,389,Eragrostis airoides
3,Short grassland,Ungrazed,Wet,389,Steinchisma laxum
3,Short grassland,Ungrazed,Wet,389,Nothoscordum gracile
3,Short grassland,Grazed,Wet,389,Axonopus fissifolius
3,Short grassland,Grazed,Wet,389,Oxalis hispidula
3,Short grassland,Grazed,Wet,389,Turnera sidoides
3,Short grassland,Grazed,Wet,389,Steinchisma laxum
3,Short grassland,Grazed,Wet,389,Evolvulus sericeus
3,Short grassland,Grazed,Wet,389,Eragrostis cilianensis
3,Short grassland,Grazed,Wet,389,Fimbristylis dichotoma
3,Short grassland,Grazed,Wet,389,Eragrostis airoides
3,Short grassland,Grazed,Wet,389,Sisyrinchium minus
3,Short grassland,Grazed,Wet,389,Richardia stellaris
3,Medium-tall grassland,Ungrazed,Wet,389,Setaria parviflora
3,Medium-tall grassland,Ungrazed,Wet,389,Eragrostis airoides
3,Medium-tall grassland,Ungrazed,Wet,389,Paspalum almum
3,Medium-tall grassland,Ungrazed,Wet,389,Oxalis hispidula
3,Medium-tall grassland,Ungrazed,Wet,389,Turnera sidoides
3,Medium-tall grassland,Grazed,Wet,389,Axonopus fissifolius
3,Medium-tall grassland,Grazed,Wet,389,Eragrostis cilianensis
3,Medium-tall grassland,Grazed,Wet,389,Oxalis hispidula
3,Medium-tall grassland,Grazed,Wet,389,Sisyrinchium minus
3,Medium-tall grassland,Grazed,Wet,389,Setaria parviflora
3,Medium-tall grassland,Grazed,Wet,389,Steinchisma laxum
3,Medium-tall grassland,Grazed,Wet,389,Melochia pyramidata
3,Medium-tall grassland,Grazed,Wet,389,Zornia diphylla
3,Medium-tall grassland,Grazed,Wet,389,Fimbristylis dichotoma
3,Medium-tall grassland,Grazed,Wet,389,Turnera sidoides
3,Medium-tall grassland,Grazed,Wet,389,Galium richardianum
3,Medium-tall grassland,Grazed,Wet,389,Eragrostis airoides
3,Medium-tall grassland,Grazed,Wet,389,Stemodia stricta
3,Tall grassland,Ungrazed,Wet,389,Pterocaulon polystachyum
3,Tall grassland,Ungrazed,Wet,389,Aristida jubata
3,Tall grassland,Ungrazed,Wet,389,Schizachyrium microstachyum
3,Tall grassland,Ungrazed,Wet,389,Axonopus fissifolius
3,Tall grassland,Ungrazed,Wet,389,Fimbristylis dichotoma
3,Tall grassland,Grazed,Wet,389,Senecio grisebachii
3,Tall grassland,Grazed,Wet,389,Desmanthus virgatus
3,Tall grassland,Grazed,Wet,389,Aristida jubata
3,Tall grassland,Grazed,Wet,389,Axonopus fissifolius
3,Tall grassland,Grazed,Wet,389,Setaria parviflora
3,Tall grassland,Grazed,Wet,389,Fimbristylis dichotoma
3,Tall grassland,Grazed,Wet,389,Evolvulus sericeus
4,Short grassland,Ungrazed,Wet,389,Cuphea racemosa
4,Short grassland,Ungrazed,Wet,389,Fimbristylis dichotoma
4,Short grassland,Ungrazed,Wet,389,Fimbristylis autumnalis
4,Short grassland,Ungrazed,Wet,389,Desmodium incanum
4,Short grassland,Ungrazed,Wet,389,Axonopus fissifolius
4,Short grassland,Ungrazed,Wet,389,Evolvulus sericeus
4,Short grassland,Ungrazed,Wet,389,Paspalum almum
4,Short grassland,Ungrazed,Wet,389,Axonopus argentinus
4,Short grassland,Grazed,Wet,389,Paspalum almum
4,Short grassland,Grazed,Wet,389,Oxalis conorrhiza
4,Short grassland,Grazed,Wet,389,Evolvulus sericeus
4,Short grassland,Grazed,Wet,389,Dichondra sericea
4,Short grassland,Grazed,Wet,389,Scutellaria racemosa
4,Short grassland,Grazed,Wet,389,Trifolium sp.
4,Short grassland,Grazed,Wet,389,Indigofera asperifolia
4,Short grassland,Grazed,Wet,389,Neptunia pubescens
4,Medium-tall grassland,Ungrazed,Wet,389,Eleocharis viridans
4,Medium-tall grassland,Ungrazed,Wet,389,Steinchisma laxum
4,Medium-tall grassland,Ungrazed,Wet,389,Fimbristylis autumnalis
4,Medium-tall grassland,Ungrazed,Wet,389,Galium richardianum
4,Medium-tall grassland,Grazed,Wet,389,Setaria parviflora
4,Medium-tall grassland,Grazed,Wet,389,Fimbristylis autumnalis
4,Medium-tall grassland,Grazed,Wet,389,Paspalum plicatulum
4,Medium-tall grassland,Grazed,Wet,389,Eleocharis viridans
4,Medium-tall grassland,Grazed,Wet,389,Oxalis hispidula
4,Medium-tall grassland,Grazed,Wet,389,Sisyrinchium minus
4,Medium-tall grassland,Grazed,Wet,389,Sonchus asper
4,Tall grassland,Ungrazed,Wet,389,Schizachyrium microstachyum
4,Tall grassland,Ungrazed,Wet,389,Chromolaena laevigata
4,Tall grassland,Ungrazed,Wet,389,Oxalis hispidula
4,Tall grassland,Ungrazed,Wet,389,Cyperus virens
4,Tall grassland,Ungrazed,Wet,389,Trifolium sp.
4,Tall grassland,Ungrazed,Wet,389,Cuphea racemosa
4,Tall grassland,Ungrazed,Wet,389,Paspalum almum
4,Tall grassland,Ungrazed,Wet,389,Steinchisma laxum
4,Tall grassland,Ungrazed,Wet,389,Setaria parviflora
4,Tall grassland,Grazed,Wet,389,Sorghastrum setosum
4,Tall grassland,Grazed,Wet,389,Fimbristylis complanata
4,Tall grassland,Grazed,Wet,389,Chromolaena laevigata
4,Tall grassland,Grazed,Wet,389,Fimbristylis autumnalis
4,Tall grassland,Grazed,Wet,389,Setaria parviflora
4,Tall grassland,Grazed,Wet,389,Oxalis hispidula
4,Tall grassland,Grazed,Wet,389,Paspalum plicatulum
4,Tall grassland,Grazed,Wet,389,Eragrostis bahiensis
4,Tall grassland,Grazed,Wet,389,Fimbristylis dichotoma
4,Tall grassland,Grazed,Wet,389,Eleocharis viridans
4,Tall grassland,Grazed,Wet,389,Eleocharis montana
4,Tall grassland,Grazed,Wet,389,Sporobolus indicus
5,Short grassland,Ungrazed,Wet,389,Fimbristylis complanata
5,Short grassland,Ungrazed,Wet,389,Paspalum almum
5,Short grassland,Ungrazed,Wet,389,Setaria parviflora
5,Short grassland,Ungrazed,Wet,389,Melochia pyramidata
5,Short grassland,Ungrazed,Wet,389,Oxalis sp.
5,Short grassland,Ungrazed,Wet,389,Fimbristylis autumnalis
5,Short grassland,Ungrazed,Wet,389,Fimbristylis dichotoma
5,Short grassland,Ungrazed,Wet,389,Trifolium sp.
5,Short grassland,Grazed,Wet,389,Paspalum almum
5,Short grassland,Grazed,Wet,389,Eleocharis viridans
5,Short grassland,Grazed,Wet,389,Trifolium sp.
5,Short grassland,Grazed,Wet,389,Chromolaena laevigata
5,Short grassland,Grazed,Wet,389,Polygala pulchella
5,Short grassland,Grazed,Wet,389,Axonopus fissifolius
5,Short grassland,Grazed,Wet,389,Pterocaulon polystachyum
5,Medium-tall grassland,Ungrazed,Wet,389,Chromolaena laevigata
5,Medium-tall grassland,Ungrazed,Wet,389,Oxalis sp.
5,Medium-tall grassland,Ungrazed,Wet,389,Steinchisma laxum
5,Medium-tall grassland,Ungrazed,Wet,389,Cyperus virens
5,Medium-tall grassland,Ungrazed,Wet,389,Scutellaria racemosa
5,Medium-tall grassland,Ungrazed,Wet,389,Fimbristylis autumnalis
5,Medium-tall grassland,Ungrazed,Wet,389,Paspalum almum
5,Medium-tall grassland,Grazed,Wet,389,Cuphea racemosa
5,Medium-tall grassland,Grazed,Wet,389,Oxalis hispidula
5,Medium-tall grassland,Grazed,Wet,389,Sporobolus indicus
5,Medium-tall grassland,Grazed,Wet,389,Setaria parviflora
5,Medium-tall grassland,Grazed,Wet,389,Juncus microcephalus
5,Medium-tall grassland,Grazed,Wet,389,Axonopus fissifolius
5,Medium-tall grassland,Grazed,Wet,389,Polygala molluginifolia
5,Medium-tall grassland,Grazed,Wet,389,Cyperus virens
5,Tall grassland,Ungrazed,Wet,389,Andropogon lateralis
5,Tall grassland,Ungrazed,Wet,389,Chromolaena laevigata
5,Tall grassland,Grazed,Wet,389,Andropogon lateralis
5,Tall grassland,Grazed,Wet,389,Setaria parviflora
5,Tall grassland,Grazed,Wet,389,Galium richardianum
5,Tall grassland,Grazed,Wet,389,Passiflora caerulea
6,Short grassland,Ungrazed,Wet,389,Solidago chilensis
6,Short grassland,Ungrazed,Wet,389,Setaria parviflora
6,Short grassland,Ungrazed,Wet,389,Fimbristylis autumnalis
6,Short grassland,Ungrazed,Wet,389,Oxalis sp.
6,Short grassland,Ungrazed,Wet,389,Fimbristylis dichotoma
6,Short grassland,Ungrazed,Wet,389,Axonopus fissifolius
6,Short grassland,Ungrazed,Wet,389,Evolvulus sericeus
6,Short grassland,Grazed,Wet,389,Dichondra microcalyx
6,Short grassland,Grazed,Wet,389,Elephantopus mollis
6,Short grassland,Grazed,Wet,389,Cuphea racemosa
6,Short grassland,Grazed,Wet,389,Conyza bonariensis
6,Short grassland,Grazed,Wet,389,Axonopus fissifolius
6,Short grassland,Grazed,Wet,389,Stemodia stricta
6,Short grassland,Grazed,Wet,389,Trifolium sp.
6,Short grassland,Grazed,Wet,389,Setaria parviflora
6,Short grassland,Grazed,Wet,389,Evolvulus sericeus
6,Short grassland,Grazed,Wet,389,Pterocaulon polystachyum
6,Medium-tall grassland,Ungrazed,Wet,389,Scutellaria racemosa
6,Medium-tall grassland,Ungrazed,Wet,389,Glandularia pulchella
6,Medium-tall grassland,Ungrazed,Wet,389,Oxalis hispidula
6,Medium-tall grassland,Ungrazed,Wet,389,Sorghastrum setosum
6,Medium-tall grassland,Ungrazed,Wet,389,Axonopus fissifolius
6,Medium-tall grassland,Ungrazed,Wet,389,Bothriochloa laguroides
6,Medium-tall grassland,Ungrazed,Wet,389,Fimbristylis dichotoma
6,Medium-tall grassland,Grazed,Wet,389,Sporobolus indicus
6,Medium-tall grassland,Grazed,Wet,389,Chromolaena laevigata
6,Medium-tall grassland,Grazed,Wet,389,Dichondra microcalyx
6,Medium-tall grassland,Grazed,Wet,389,Setaria parviflora
6,Medium-tall grassland,Grazed,Wet,389,Fimbristylis dichotoma
6,Medium-tall grassland,Grazed,Wet,389,Oxalis hispidula
6,Medium-tall grassland,Grazed,Wet,389,Acicarpha tribuloides
6,Medium-tall grassland,Grazed,Wet,389,Elephantopus mollis
6,Medium-tall grassland,Grazed,Wet,389,Solidago chilensis
6,Medium-tall grassland,Grazed,Wet,389,Polygala verticillata
6,Medium-tall grassland,Grazed,Wet,389,Cuphea racemosa
6,Tall grassland,Ungrazed,Wet,389,Sorghastrum setosum
6,Tall grassland,Ungrazed,Wet,389,Scutellaria racemosa
6,Tall grassland,Ungrazed,Wet,389,Desmodium incanum
6,Tall grassland,Ungrazed,Wet,389,Steinchisma laxum
6,Tall grassland,Grazed,Wet,389,Mikania cordifolia
6,Tall grassland,Grazed,Wet,389,Andropogon lateralis
6,Tall grassland,Grazed,Wet,389,Sorghastrum setosum
6,Tall grassland,Grazed,Wet,389,Dolichandra cynanchoides
6,Tall grassland,Grazed,Wet,389,Desmodium incanum
6,Tall grassland,Grazed,Wet,389,Oxalis hispidula
6,Tall grassland,Grazed,Wet,389,Doryopteris sp.
7,Short grassland,Ungrazed,Wet,389,Scutellaria racemosa
7,Short grassland,Ungrazed,Wet,389,Desmodium incanum
7,Short grassland,Ungrazed,Wet,389,Paspalum almum
7,Short grassland,Ungrazed,Wet,389,Conyza bonariensis
7,Short grassland,Ungrazed,Wet,389,Fimbristylis dichotoma
7,Short grassland,Ungrazed,Wet,389,Galium richardianum
7,Short grassland,Grazed,Wet,389,Desmodium incanum
7,Short grassland,Grazed,Wet,389,Elephantopus mollis
7,Short grassland,Grazed,Wet,389,Chromolaena laevigata
7,Short grassland,Grazed,Wet,389,Sida spinosa
7,Short grassland,Grazed,Wet,389,Tripogandra sp.
7,Short grassland,Grazed,Wet,389,Paspalum almum
7,Short grassland,Grazed,Wet,389,Galium richardianum
7,Short grassland,Grazed,Wet,389,Fimbristylis complanata
7,Medium-tall grassland,Ungrazed,Wet,389,Galium richardianum
7,Medium-tall grassland,Ungrazed,Wet,389,Chromolaena laevigata
7,Medium-tall grassland,Ungrazed,Wet,389,Mikania cordifolia
7,Medium-tall grassland,Ungrazed,Wet,389,Cestrum guaraniticum
7,Medium-tall grassland,Ungrazed,Wet,389,Desmodium incanum
7,Medium-tall grassland,Ungrazed,Wet,389,Elephantopus mollis
7,Medium-tall grassland,Ungrazed,Wet,389,Setaria parviflora
7,Medium-tall grassland,Ungrazed,Wet,389,Paspalum almum
7,Medium-tall grassland,Ungrazed,Wet,389,Eleocharis viridans
7,Medium-tall grassland,Grazed,Wet,389,Sida spinosa
7,Medium-tall grassland,Grazed,Wet,389,Chromolaena laevigata
7,Medium-tall grassland,Grazed,Wet,389,Desmodium incanum
7,Medium-tall grassland,Grazed,Wet,389,Verbena litoralis
7,Medium-tall grassland,Grazed,Wet,389,Galium richardianum
7,Medium-tall grassland,Grazed,Wet,389,Chaptalia nutans
7,Medium-tall grassland,Grazed,Wet,389,Setaria parviflora
7,Medium-tall grassland,Grazed,Wet,389,Paspalum almum
7,Medium-tall grassland,Grazed,Wet,389,Mimosa sp.
7,Medium-tall grassland,Grazed,Wet,389,Rodobrium sp.
7,Medium-tall grassland,Grazed,Wet,389,Indigofera asperifolia
7,Medium-tall grassland,Grazed,Wet,389,Pterocaulon sp.
7,Medium-tall grassland,Grazed,Wet,389,Elephantopus mollis
7,Medium-tall grassland,Grazed,Wet,389,Dichondra microcalyx
7,Tall grassland,Ungrazed,Wet,389,Sorghastrum setosum
7,Tall grassland,Ungrazed,Wet,389,Cissus verticillata
7,Tall grassland,Ungrazed,Wet,389,Paspalum urvillei
7,Tall grassland,Ungrazed,Wet,389,Scutellaria racemosa
7,Tall grassland,Ungrazed,Wet,389,Oxalis conorrhiza
7,Tall grassland,Grazed,Wet,389,Sorghastrum setosum
7,Tall grassland,Grazed,Wet,389,Chromolaena laevigata
7,Tall grassland,Grazed,Wet,389,Polygonum hydropiperoides
7,Tall grassland,Grazed,Wet,389,Oxalis sp.
8,Short grassland,Ungrazed,Wet,389,Setaria parviflora
8,Short grassland,Ungrazed,Wet,389,Chromolaena christieana
8,Short grassland,Ungrazed,Wet,389,Chromolaena laevigata
8,Short grassland,Ungrazed,Wet,389,Fimbristylis complanata
8,Short grassland,Ungrazed,Wet,389,Scutellaria racemosa
8,Short grassland,Ungrazed,Wet,389,Oxalis hispidula
8,Short grassland,Ungrazed,Wet,389,Fimbristylis autumnalis
8,Short grassland,Ungrazed,Wet,389,Paspalum plicatulum
8,Short grassland,Ungrazed,Wet,389,Fimbristylis dichotoma
8,Short grassland,Ungrazed,Wet,389,Cyperus odoratus
8,Short grassland,Grazed,Wet,389,Paspalum almum
8,Short grassland,Grazed,Wet,389,Oxalis sp.
8,Short grassland,Grazed,Wet,389,Fimbristylis dichotoma
8,Short grassland,Grazed,Wet,389,Scutellaria racemosa
8,Short grassland,Grazed,Wet,389,Vernonia nitidula
8,Short grassland,Grazed,Wet,389,Cuphea racemosa
8,Short grassland,Grazed,Wet,389,Verbena litoralis
8,Medium-tall grassland,Ungrazed,Wet,389,Eleocharis viridans
8,Medium-tall grassland,Ungrazed,Wet,389,Chromolaena laevigata
8,Medium-tall grassland,Ungrazed,Wet,389,Setaria parviflora
8,Medium-tall grassland,Ungrazed,Wet,389,Eryngium nudicaule
8,Medium-tall grassland,Ungrazed,Wet,389,Sida rhombifolia
8,Medium-tall grassland,Ungrazed,Wet,389,Galium richardianum
8,Medium-tall grassland,Ungrazed,Wet,389,Oxalis hispidula
8,Medium-tall grassland,Ungrazed,Wet,389,Hyptis mutabilis
8,Medium-tall grassland,Ungrazed,Wet,389,Cyperus virens
8,Medium-tall grassland,Ungrazed,Wet,389,Paspalum almum
8,Medium-tall grassland,Grazed,Wet,389,Sida rhombifolia
8,Medium-tall grassland,Grazed,Wet,389,Scutellaria racemosa
8,Medium-tall grassland,Grazed,Wet,389,Fimbristylis autumnalis
8,Medium-tall grassland,Grazed,Wet,389,Galium richardianum
8,Medium-tall grassland,Grazed,Wet,389,Chromolaena laevigata
8,Medium-tall grassland,Grazed,Wet,389,Kyllinga brevifolia
8,Medium-tall grassland,Grazed,Wet,389,Melochia pyramidata
8,Medium-tall grassland,Grazed,Wet,389,Steinchisma laxum
8,Medium-tall grassland,Grazed,Wet,389,Tripogandra glandulosa
8,Medium-tall grassland,Grazed,Wet,389,Dolichandra cynanchoides
8,Medium-tall grassland,Grazed,Wet,389,Oxalis conorrhiza
8,Medium-tall grassland,Grazed,Wet,389,Setaria parviflora
8,Medium-tall grassland,Grazed,Wet,389,Paspalum almum
8,Medium-tall grassland,Grazed,Wet,389,Hypochaeris albiflora
8,Tall grassland,Ungrazed,Wet,389,Dolichandra cynanchoides
8,Tall grassland,Ungrazed,Wet,389,Sorghastrum setosum
8,Tall grassland,Grazed,Wet,389,Sorghastrum setosum
8,Tall grassland,Grazed,Wet,389,Conyza bonariensis
8,Tall grassland,Grazed,Wet,389,Prosopis affinis
8,Tall grassland,Grazed,Wet,389,Eleocharis viridans
8,Tall grassland,Grazed,Wet,389,Oxalis conorrhiza
8,Tall grassland,Grazed,Wet,389,Paspalum urvillei
8,Tall grassland,Grazed,Wet,389,Galium richardianum
8,Tall grassland,Grazed,Wet,389,Passiflora caerulea
8,Tall grassland,Grazed,Wet,389,Scutellaria racemosa
9,Short grassland,Ungrazed,Wet,389,Schizachyrium microstachyum
9,Short grassland,Ungrazed,Wet,389,Fimbristylis dichotoma
9,Short grassland,Ungrazed,Wet,389,Fimbristylis autumnalis
9,Short grassland,Ungrazed,Wet,389,Oxalis conorrhiza
9,Short grassland,Ungrazed,Wet,389,Scutellaria racemosa
9,Short grassland,Ungrazed,Wet,389,Desmodium incanum
9,Short grassland,Ungrazed,Wet,389,Stemodia stricta
9,Short grassland,Ungrazed,Wet,389,Paspalum almum
9,Short grassland,Grazed,Wet,389,Dolichandra cynanchoides
9,Short grassland,Grazed,Wet,389,Evolvulus sericeus
9,Short grassland,Grazed,Wet,389,Trifolium polymorphum
9,Short grassland,Grazed,Wet,389,Paspalum almum
9,Short grassland,Grazed,Wet,389,Dichondra microcalyx
9,Short grassland,Grazed,Wet,389,Conyza bonariensis
9,Short grassland,Grazed,Wet,389,Zornia diphylla
9,Short grassland,Grazed,Wet,389,Cuphea racemosa
9,Short grassland,Grazed,Wet,389,Sisyrinchium micranthum
9,Short grassland,Grazed,Wet,389,Elephantopus mollis
9,Short grassland,Grazed,Wet,389,Setaria parviflora
9,Medium-tall grassland,Ungrazed,Wet,389,Paspalum urvillei
9,Medium-tall grassland,Ungrazed,Wet,389,Scutellaria racemosa
9,Medium-tall grassland,Ungrazed,Wet,389,Setaria parviflora
9,Medium-tall grassland,Ungrazed,Wet,389,Sorghastrum setosum
9,Medium-tall grassland,Ungrazed,Wet,389,Sida rhombifolia
9,Medium-tall grassland,Ungrazed,Wet,389,Melochia pyramidata
9,Medium-tall grassland,Ungrazed,Wet,389,Chromolaena laevigata
9,Medium-tall grassland,Grazed,Wet,389,Setaria parviflora
9,Medium-tall grassland,Grazed,Wet,389,Trifolium polymorphum
9,Medium-tall grassland,Grazed,Wet,389,Fimbristylis autumnalis
9,Medium-tall grassland,Grazed,Wet,389,Fimbristylis dichotoma
9,Medium-tall grassland,Grazed,Wet,389,Steinchisma laxum
9,Medium-tall grassland,Grazed,Wet,389,Chromolaena laevigata
9,Medium-tall grassland,Grazed,Wet,389,Ophioglossum nudicaule
9,Medium-tall grassland,Grazed,Wet,389,Scutellaria racemosa
9,Medium-tall grassland,Grazed,Wet,389,Eleocharis montana
9,Medium-tall grassland,Grazed,Wet,389,Verbena litoralis
9,Tall grassland,Ungrazed,Wet,389,Mikania cordifolia
9,Tall grassland,Ungrazed,Wet,389,Sorghastrum setosum
9,Tall grassland,Grazed,Wet,389,Eleocharis viridans
9,Tall grassland,Grazed,Wet,389,Chromolaena laevigata
9,Tall grassland,Grazed,Wet,389,Mikania cordifolia
9,Tall grassland,Grazed,Wet,389,Melochia pyramidata
9,Tall grassland,Grazed,Wet,389,Setaria parviflora
9,Tall grassland,Grazed,Wet,389,Sorghastrum setosum
9,Tall grassland,Grazed,Wet,389,Cuphea racemosa
9,Tall grassland,Grazed,Wet,389,Sida rhombifolia
10,Short grassland,Ungrazed,Wet,389,Cyperus virens
10,Short grassland,Ungrazed,Wet,389,Setaria parviflora
10,Short grassland,Ungrazed,Wet,389,Desmodium incanum
10,Short grassland,Ungrazed,Wet,389,Oxalis hispidula
10,Short grassland,Ungrazed,Wet,389,Scutellaria racemosa
10,Short grassland,Ungrazed,Wet,389,Steinchisma laxum
10,Short grassland,Grazed,Wet,389,Elephantopus mollis
10,Short grassland,Grazed,Wet,389,Scutellaria racemosa
10,Short grassland,Grazed,Wet,389,Trifolium sp.
10,Short grassland,Grazed,Wet,389,Oxalis hispidula
10,Short grassland,Grazed,Wet,389,Neptunia pubescens
10,Short grassland,Grazed,Wet,389,Paspalum almum
10,Short grassland,Grazed,Wet,389,Dichondra microcalyx
10,Short grassland,Grazed,Wet,389,Desmodium incanum
10,Short grassland,Grazed,Wet,389,Fimbristylis dichotoma
10,Short grassland,Grazed,Wet,389,Evolvulus sericeus
10,Short grassland,Grazed,Wet,389,Steinchisma laxum
10,Medium-tall grassland,Ungrazed,Wet,389,Setaria parviflora
10,Medium-tall grassland,Ungrazed,Wet,389,Fimbristylis dichotoma
10,Medium-tall grassland,Ungrazed,Wet,389,Melochia pyramidata
10,Medium-tall grassland,Ungrazed,Wet,389,Chromolaena laevigata
10,Medium-tall grassland,Ungrazed,Wet,389,Cyperus virens
10,Medium-tall grassland,Ungrazed,Wet,389,Galium richardianum
10,Medium-tall grassland,Ungrazed,Wet,389,Verbena litoralis
10,Medium-tall grassland,Ungrazed,Wet,389,Evolvulus sericeus
10,Medium-tall grassland,Ungrazed,Wet,389,Scutellaria racemosa
10,Medium-tall grassland,Ungrazed,Wet,389,Steinchisma laxum
10,Medium-tall grassland,Grazed,Wet,389,Fimbristylis sp.
10,Medium-tall grassland,Grazed,Wet,389,Sida spinosa
10,Medium-tall grassland,Grazed,Wet,389,Cyperus virens
10,Medium-tall grassland,Grazed,Wet,389,Steinchisma laxum
10,Medium-tall grassland,Grazed,Wet,389,Scutellaria racemosa
10,Medium-tall grassland,Grazed,Wet,389,Elephantopus mollis
10,Medium-tall grassland,Grazed,Wet,389,Oxalis hispidula
10,Medium-tall grassland,Grazed,Wet,389,Chromolaena laevigata
10,Medium-tall grassland,Grazed,Wet,389,Trifolium sp.
10,Medium-tall grassland,Grazed,Wet,389,Desmodium incanum
10,Medium-tall grassland,Grazed,Wet,389,Dichondra microcalyx
10,Medium-tall grassland,Grazed,Wet,389,Paspalum almum
10,Tall grassland,Ungrazed,Wet,389,Sorghastrum setosum
10,Tall grassland,Ungrazed,Wet,389,Luziola peruviana
10,Tall grassland,Ungrazed,Wet,389,Polygonum punctatum
10,Tall grassland,Ungrazed,Wet,389,Iresine diffusa
10,Tall grassland,Ungrazed,Wet,389,Eleocharis viridans
10,Tall grassland,Ungrazed,Wet,389,Forsteronia glabrescens
10,Tall grassland,Ungrazed,Wet,389,Vernonia nitidula
10,Tall grassland,Grazed,Wet,389,Mikania cordifolia
10,Tall grassland,Grazed,Wet,389,Sorghastrum setosum
10,Tall grassland,Grazed,Wet,389,Luziola peruviana
10,Tall grassland,Grazed,Wet,389,Scutellaria racemosa
10,Tall grassland,Grazed,Wet,389,Galium richardianum
10,Tall grassland,Grazed,Wet,389,Bowlesia incana
10,Tall grassland,Grazed,Wet,389,Chromolaena laevigata
10,Tall grassland,Grazed,Wet,389,Vernonia nitidula
1,Medium-tall grassland,Ungrazed,Dry,518,Setaria parviflora
1,Medium-tall grassland,Ungrazed,Dry,518,Luziola peruviana
1,Medium-tall grassland,Ungrazed,Dry,518,Steinchisma laxum
1,Medium-tall grassland,Ungrazed,Dry,518,Eragrostis bahiensis
1,Medium-tall grassland,Ungrazed,Dry,518,Paspalum almum
1,Medium-tall grassland,Grazed,Dry,518,Oxalis conorrhiza
1,Medium-tall grassland,Grazed,Dry,518,Eleocharis viridans
1,Medium-tall grassland,Grazed,Dry,518,Paspalum almum
1,Medium-tall grassland,Grazed,Dry,518,Luziola peruviana
1,Medium-tall grassland,Grazed,Dry,518,Polygonum hydropiperoides
1,Tall grassland,Ungrazed,Dry,518,Sorghastrum setosum
1,Tall grassland,Ungrazed,Dry,518,Scutellaria racemosa
1,Tall grassland,Ungrazed,Dry,518,Chascolytrum uniolae
1,Tall grassland,Ungrazed,Dry,518,Desmodium incanum
1,Tall grassland,Grazed,Dry,518,Sorghastrum setosum
1,Tall grassland,Grazed,Dry,518,Eupatorium sp.
1,Tall grassland,Grazed,Dry,518,Oxalis sp.
2,Medium-tall grassland,Ungrazed,Dry,518,Setaria parviflora
2,Medium-tall grassland,Ungrazed,Dry,518,Paspalum almum
2,Medium-tall grassland,Ungrazed,Dry,518,Oxalis hispidula
2,Medium-tall grassland,Grazed,Dry,518,Paspalum almum
2,Medium-tall grassland,Grazed,Dry,518,Micropsis dasycarpa
2,Medium-tall grassland,Grazed,Dry,518,Oxalis hispidula
2,Medium-tall grassland,Grazed,Dry,518,Setaria parviflora
2,Medium-tall grassland,Grazed,Dry,518,Chromolaena laevigata
2,Tall grassland,Ungrazed,Dry,518,Sorghastrum setosum
2,Tall grassland,Ungrazed,Dry,518,Oxalis hispidula
2,Tall grassland,Ungrazed,Dry,518,Adiantopsis chlorophylla
2,Tall grassland,Ungrazed,Dry,518,Andropogon lateralis
2,Tall grassland,Grazed,Dry,518,Sorghastrum setosum
2,Tall grassland,Grazed,Dry,518,Scutellaria racemosa
2,Tall grassland,Grazed,Dry,518,Oxalis sp.
3,Short grassland,Ungrazed,Dry,518,Evolvulus sericeus
3,Short grassland,Ungrazed,Dry,518,Oxalis hispidula
3,Short grassland,Ungrazed,Dry,518,Zornia crinita
3,Short grassland,Ungrazed,Dry,518,Paspalum almum
3,Short grassland,Ungrazed,Dry,518,Melochia pyramidata
3,Short grassland,Ungrazed,Dry,518,Sporobolus indicus
3,Short grassland,Grazed,Dry,518,Turnera sidoides
3,Short grassland,Grazed,Dry,518,Sisyrinchium minus
3,Short grassland,Grazed,Dry,518,Glandularia pulchella
3,Short grassland,Grazed,Dry,518,Micropsis dasycarpa
3,Short grassland,Grazed,Dry,518,Eragrostis bahiensis
3,Short grassland,Grazed,Dry,518,Axonopus fissifolius
3,Short grassland,Grazed,Dry,518,Evolvulus sericeus
3,Short grassland,Grazed,Dry,518,Melochia pyramidata
3,Short grassland,Grazed,Dry,518,Richardia stellaris
3,Short grassland,Grazed,Dry,518,Fimbristylis dichotoma
3,Short grassland,Grazed,Dry,518,Paspalum almum
3,Short grassland,Grazed,Dry,518,Sida spinosa
3,Medium-tall grassland,Ungrazed,Dry,518,Eryngium nudicaule
3,Medium-tall grassland,Ungrazed,Dry,518,Setaria parviflora
3,Medium-tall grassland,Ungrazed,Dry,518,Eragrostis bahiensis
3,Medium-tall grassland,Ungrazed,Dry,518,Turnera sidoides
3,Medium-tall grassland,Ungrazed,Dry,518,Micropsis dasycarpa
3,Medium-tall grassland,Ungrazed,Dry,518,Pterocaulon alopecuroides
3,Medium-tall grassland,Ungrazed,Dry,518,Poa sp.
3,Medium-tall grassland,Grazed,Dry,518,Axonopus fissifolius
3,Medium-tall grassland,Grazed,Dry,518,Eragrostis cilianensis
3,Medium-tall grassland,Grazed,Dry,518,Melochia pyramidata
3,Medium-tall grassland,Grazed,Dry,518,Sida spinosa
3,Medium-tall grassland,Grazed,Dry,518,Zornia crinita
3,Medium-tall grassland,Grazed,Dry,518,Sisyrinchium minus
3,Medium-tall grassland,Grazed,Dry,518,Aristida jubata
3,Medium-tall grassland,Grazed,Dry,518,Stemodia stricta
3,Medium-tall grassland,Grazed,Dry,518,Cyperus odoratus
3,Tall grassland,Ungrazed,Dry,518,Rhynchospora scutellata
3,Tall grassland,Ungrazed,Dry,518,Aristida jubata
3,Tall grassland,Ungrazed,Dry,518,Axonopus fissifolius
3,Tall grassland,Ungrazed,Dry,518,Sisyrinchium minus
3,Tall grassland,Ungrazed,Dry,518,Rottboellia cochinchinensis
3,Tall grassland,Grazed,Dry,518,Rottboellia cochinchinensis
3,Tall grassland,Grazed,Dry,518,Turnera sidoides
3,Tall grassland,Grazed,Dry,518,Senecio grisebachii
3,Tall grassland,Grazed,Dry,518,Rhynchospora scutellata
3,Tall grassland,Grazed,Dry,518,Mimosa balansae
3,Tall grassland,Grazed,Dry,518,Evolvulus sericeus
3,Tall grassland,Grazed,Dry,518,Aristida jubata
3,Tall grassland,Grazed,Dry,518,Setaria parviflora
4,Short grassland,Ungrazed,Dry,518,Cuphea racemosa
4,Short grassland,Ungrazed,Dry,518,Desmodium incanum
4,Short grassland,Ungrazed,Dry,518,Paspalum almum
4,Short grassland,Ungrazed,Dry,518,Solanum commersonii
4,Short grassland,Ungrazed,Dry,518,Scutellaria racemosa
4,Medium-tall grassland,Ungrazed,Dry,518,Scutellaria racemosa
4,Medium-tall grassland,Ungrazed,Dry,518,Galium richardianum
4,Medium-tall grassland,Ungrazed,Dry,518,Mikania periplocifolia
4,Medium-tall grassland,Ungrazed,Dry,518,Deyeuxia viridiflavescens
4,Medium-tall grassland,Grazed,Dry,518,Steinchisma laxum
4,Medium-tall grassland,Grazed,Dry,518,Polygala molluginifolia
4,Medium-tall grassland,Grazed,Dry,518,Eleocharis montana
4,Medium-tall grassland,Grazed,Dry,518,Setaria parviflora
4,Medium-tall grassland,Grazed,Dry,518,Scutellaria racemosa
4,Medium-tall grassland,Grazed,Dry,518,Chascolytrum uniolae
5,Medium-tall grassland,Ungrazed,Dry,518,Chromolaena laevigata
5,Medium-tall grassland,Ungrazed,Dry,518,Scutellaria racemosa
5,Medium-tall grassland,Ungrazed,Dry,518,Dichondra microcalyx
5,Medium-tall grassland,Ungrazed,Dry,518,Rhynchospora scutellata
5,Medium-tall grassland,Ungrazed,Dry,518,Setaria parviflora
5,Medium-tall grassland,Grazed,Dry,518,Sisyrinchium minus
5,Medium-tall grassland,Grazed,Dry,518,Hypochaeris albiflora
5,Medium-tall grassland,Grazed,Dry,518,Sporobolus indicus
5,Medium-tall grassland,Grazed,Dry,518,Polygala molluginifolia
5,Medium-tall grassland,Grazed,Dry,518,Eleocharis viridans
5,Medium-tall grassland,Grazed,Dry,518,Evolvulus sericeus
5,Medium-tall grassland,Grazed,Dry,518,Cuphea glutinosa
5,Medium-tall grassland,Grazed,Dry,518,Axonopus fissifolius
5,Medium-tall grassland,Grazed,Dry,518,Paspalum almum
5,Tall grassland,Ungrazed,Dry,518,Andropogon lateralis
5,Tall grassland,Ungrazed,Dry,518,Chromolaena laevigata
5,Tall grassland,Grazed,Dry,518,Andropogon lateralis
5,Tall grassland,Grazed,Dry,518,Dolichandra cynanchoides
5,Tall grassland,Grazed,Dry,518,Passiflora caerulea
6,Short grassland,Ungrazed,Dry,518,Chascolytrum uniolae
6,Short grassland,Ungrazed,Dry,518,Eleocharis montana
6,Short grassland,Ungrazed,Dry,518,Oxalis sp.
6,Short grassland,Ungrazed,Dry,518,Steinchisma laxum
6,Short grassland,Ungrazed,Dry,518,Pluchea sagittalis
6,Short grassland,Ungrazed,Dry,518,Desmodium incanum
6,Short grassland,Grazed,Dry,518,Gamochaeta americana
6,Short grassland,Grazed,Dry,518,Polygala
6,Short grassland,Grazed,Dry,518,Stemodia stricta
6,Short grassland,Grazed,Dry,518,Dichondra microcalyx
6,Short grassland,Grazed,Dry,518,Evolvulus sericeus
6,Short grassland,Grazed,Dry,518,Cynodon dactylon
6,Short grassland,Grazed,Dry,518,Acicarpha tribuloides
6,Short grassland,Grazed,Dry,518,Cuphea racemosa
6,Short grassland,Grazed,Dry,518,Polygala molluginifolia
6,Short grassland,Grazed,Dry,518,Elephantopus mollis
6,Short grassland,Grazed,Dry,518,Axonopus fissifolius
6,Medium-tall grassland,Ungrazed,Dry,518,Prosopis affinis
6,Medium-tall grassland,Ungrazed,Dry,518,Andropogon lateralis
6,Medium-tall grassland,Ungrazed,Dry,518,Polygala molluginifolia
6,Medium-tall grassland,Ungrazed,Dry,518,Scutellaria racemosa
6,Medium-tall grassland,Ungrazed,Dry,518,Steinchisma laxum
6,Medium-tall grassland,Grazed,Dry,518,Acicarpha tribuloides
6,Medium-tall grassland,Grazed,Dry,518,Chromolaena laevigata
6,Medium-tall grassland,Grazed,Dry,518,Scutellaria racemosa
6,Medium-tall grassland,Grazed,Dry,518,Oxalis sp.
6,Medium-tall grassland,Grazed,Dry,518,Glandularia pulchella
6,Medium-tall grassland,Grazed,Dry,518,Polygala molluginifolia
6,Medium-tall grassland,Grazed,Dry,518,Elephantopus mollis
6,Medium-tall grassland,Grazed,Dry,518,Rhynchospora megapotamica
6,Medium-tall grassland,Grazed,Dry,518,Galium richardianum
6,Medium-tall grassland,Grazed,Dry,518,Dichondra microcalyx
6,Medium-tall grassland,Grazed,Dry,518,Sporobolus indicus
6,Tall grassland,Ungrazed,Dry,518,Sorghastrum setosum
6,Tall grassland,Ungrazed,Dry,518,Scutellaria racemosa
6,Tall grassland,Ungrazed,Dry,518,Dolichandra cynanchoides
6,Tall grassland,Ungrazed,Dry,518,Cuphea racemosa
6,Tall grassland,Ungrazed,Dry,518,Desmodium incanum
6,Tall grassland,Ungrazed,Dry,518,Galium richardianum
6,Tall grassland,Ungrazed,Dry,518,Adiantopsis chlorophylla
6,Tall grassland,Grazed,Dry,518,Chromolaena christieana
6,Tall grassland,Grazed,Dry,518,Oxalis sp.
6,Tall grassland,Grazed,Dry,518,Dolichandra cynanchoides
6,Tall grassland,Grazed,Dry,518,Centella asiatica
6,Tall grassland,Grazed,Dry,518,Sorghastrum setosum
7,Short grassland,Ungrazed,Dry,518,Chascolytrum uniolae
7,Short grassland,Ungrazed,Dry,518,Desmodium incanum
7,Short grassland,Ungrazed,Dry,518,Scutellaria racemosa
7,Short grassland,Ungrazed,Dry,518,Galium richardianum
7,Short grassland,Ungrazed,Dry,518,Eragrostis cilianensis
7,Short grassland,Ungrazed,Dry,518,Evolvulus sericeus
7,Short grassland,Ungrazed,Dry,518,Desmanthus virgatus
7,Short grassland,Ungrazed,Dry,518,Rhynchospora robusta
7,Short grassland,Grazed,Dry,518,Melochia pyramidata
7,Short grassland,Grazed,Dry,518,Sisyrinchium micranthum
7,Short grassland,Grazed,Dry,518,Paspalum almum
7,Short grassland,Grazed,Dry,518,Elephantopus mollis
7,Short grassland,Grazed,Dry,518,Chromolaena laevigata
7,Short grassland,Grazed,Dry,518,Pterocaulon sp.
7,Short grassland,Grazed,Dry,518,Evolvulus sericeus
7,Short grassland,Grazed,Dry,518,Gamochaeta americana
7,Short grassland,Grazed,Dry,518,Desmodium incanum
7,Short grassland,Grazed,Dry,518,Rhynchospora robusta
7,Short grassland,Grazed,Dry,518,Cuphea racemosa
7,Medium-tall grassland,Ungrazed,Dry,518,Chascolytrum uniolae
7,Medium-tall grassland,Ungrazed,Dry,518,Verbena litoralis
7,Medium-tall grassland,Ungrazed,Dry,518,Eleocharis montana
7,Medium-tall grassland,Ungrazed,Dry,518,Cestrum guaraniticum
7,Medium-tall grassland,Ungrazed,Dry,518,Parietaria debilis
7,Medium-tall grassland,Ungrazed,Dry,518,Chromolaena laevigata
7,Medium-tall grassland,Ungrazed,Dry,518,Cuphea racemosa
7,Medium-tall grassland,Grazed,Dry,518,Gamochaeta americana
7,Medium-tall grassland,Grazed,Dry,518,Chascolytrum subaristatum
7,Medium-tall grassland,Grazed,Dry,518,Indigofera asperifolia
7,Medium-tall grassland,Grazed,Dry,518,Elephantopus mollis
7,Medium-tall grassland,Grazed,Dry,518,Desmodium incanum
7,Medium-tall grassland,Grazed,Dry,518,Verbena litoralis
7,Medium-tall grassland,Grazed,Dry,518,Desmanthus virgatus
7,Medium-tall grassland,Grazed,Dry,518,Eleocharis montana
7,Medium-tall grassland,Grazed,Dry,518,Rhynchospora robusta
7,Medium-tall grassland,Grazed,Dry,518,Cyclospermum leptophyllum
7,Medium-tall grassland,Grazed,Dry,518,Pluchea sagittalis
7,Medium-tall grassland,Grazed,Dry,518,Steinchisma laxum
7,Tall grassland,Grazed,Dry,518,Sorghastrum setosum
7,Tall grassland,Grazed,Dry,518,Sida rhombifolia
7,Tall grassland,Grazed,Dry,518,Cuphea racemosa
7,Tall grassland,Grazed,Dry,518,Oxalis conorrhiza
7,Tall grassland,Grazed,Dry,518,Eupatorium sp.
7,Tall grassland,Grazed,Dry,518,Cynodon dactylon
8,Short grassland,Ungrazed,Dry,518,Scutellaria racemosa
8,Short grassland,Ungrazed,Dry,518,Cuphea racemosa
8,Short grassland,Ungrazed,Dry,518,Andropogon lateralis
8,Short grassland,Ungrazed,Dry,518,Chascolytrum uniolae
8,Short grassland,Ungrazed,Dry,518,Melochia pyramidata
8,Short grassland,Ungrazed,Dry,518,Evolvulus sericeus
8,Short grassland,Ungrazed,Dry,518,Trifolium polymorphum
8,Short grassland,Grazed,Dry,518,Stemodia stricta
8,Short grassland,Grazed,Dry,518,Acicarpha tribuloides
8,Short grassland,Grazed,Dry,518,Verbena litoralis
8,Short grassland,Grazed,Dry,518,Scutellaria racemosa
8,Short grassland,Grazed,Dry,518,Sisyrinchium minus
8,Short grassland,Grazed,Dry,518,Steinchisma laxum
8,Short grassland,Grazed,Dry,518,Gamochaeta americana
8,Medium-tall grassland,Ungrazed,Dry,518,Steinchisma laxum
8,Medium-tall grassland,Ungrazed,Dry,518,Scutellaria racemosa
8,Medium-tall grassland,Ungrazed,Dry,518,Prosopis affinis
8,Medium-tall grassland,Ungrazed,Dry,518,Chascolytrum uniolae
8,Medium-tall grassland,Grazed,Dry,518,Dolichandra cynanchoides
8,Medium-tall grassland,Grazed,Dry,518,Sisyrinchium minus
8,Medium-tall grassland,Grazed,Dry,518,Chascolytrum uniolae
8,Medium-tall grassland,Grazed,Dry,518,Galium richardianum
8,Medium-tall grassland,Grazed,Dry,518,Scutellaria racemosa
8,Medium-tall grassland,Grazed,Dry,518,Steinchisma laxum
8,Medium-tall grassland,Grazed,Dry,518,Chromolaena laevigata
8,Medium-tall grassland,Grazed,Dry,518,Isostigma sp.
8,Medium-tall grassland,Grazed,Dry,518,Hypochaeris albiflora
8,Medium-tall grassland,Grazed,Dry,518,Micranthemum umbrosum
8,Medium-tall grassland,Grazed,Dry,518,Tripogandra glandulosa
9,Short grassland,Ungrazed,Dry,518,Piptochaetium montevidense
9,Short grassland,Ungrazed,Dry,518,Schizachyrium microstachyum
9,Short grassland,Ungrazed,Dry,518,Desmodium incanum
9,Short grassland,Ungrazed,Dry,518,Scutellaria racemosa
9,Short grassland,Ungrazed,Dry,518,Oxalis sp.
9,Short grassland,Ungrazed,Dry,518,Trifolium sp.
9,Short grassland,Ungrazed,Dry,518,Galium richardianum
9,Short grassland,Ungrazed,Dry,518,Rhynchospora robusta
9,Short grassland,Grazed,Dry,518,Micropsis dasycarpa
9,Short grassland,Grazed,Dry,518,Eryngium nudicaule
9,Short grassland,Grazed,Dry,518,Paspalum almum
9,Short grassland,Grazed,Dry,518,Sisyrinchium minus
9,Short grassland,Grazed,Dry,518,Gamochaeta americana
9,Short grassland,Grazed,Dry,518,Melochia pyramidata
9,Short grassland,Grazed,Dry,518,Axonopus fissifolius
9,Medium-tall grassland,Ungrazed,Dry,518,Scutellaria racemosa
9,Medium-tall grassland,Ungrazed,Dry,518,Chascolytrum uniolae
9,Medium-tall grassland,Ungrazed,Dry,518,Desmodium incanum
9,Medium-tall grassland,Grazed,Dry,518,Verbena litoralis
9,Medium-tall grassland,Grazed,Dry,518,Trifolium polymorphum
9,Medium-tall grassland,Grazed,Dry,518,Scutellaria racemosa
9,Medium-tall grassland,Grazed,Dry,518,Vicia epetiolaris
9,Medium-tall grassland,Grazed,Dry,518,Nothoscordum gracile
9,Medium-tall grassland,Grazed,Dry,518,Sisyrinchium sp.
9,Medium-tall grassland,Grazed,Dry,518,Galium richardianum
9,Medium-tall grassland,Grazed,Dry,518,Evolvulus sericeus
9,Medium-tall grassland,Grazed,Dry,518,Eleocharis montana
9,Medium-tall grassland,Grazed,Dry,518,Setaria parviflora
9,Tall grassland,Ungrazed,Dry,518,Smilax campestris
9,Tall grassland,Ungrazed,Dry,518,Dolichandra cynanchoides
9,Tall grassland,Ungrazed,Dry,518,Mikania cordifolia
9,Tall grassland,Ungrazed,Dry,518,Passiflora caerulea
9,Tall grassland,Ungrazed,Dry,518,Prosopis affinis
9,Tall grassland,Ungrazed,Dry,518,Sida rhombifolia
9,Tall grassland,Ungrazed,Dry,518,Sorghastrum setosum
9,Tall grassland,Ungrazed,Dry,518,Chromolaena laevigata
9,Tall grassland,Grazed,Dry,518,Desmodium incanum
9,Tall grassland,Grazed,Dry,518,Mikania cordifolia
9,Tall grassland,Grazed,Dry,518,Smilax campestris
9,Tall grassland,Grazed,Dry,518,Chromolaena laevigata
9,Tall grassland,Grazed,Dry,518,Vicia epetiolaris
9,Tall grassland,Grazed,Dry,518,Trifolium polymorphum
9,Tall grassland,Grazed,Dry,518,Cyclospermum leptophyllum
9,Tall grassland,Grazed,Dry,518,Scutellaria racemosa
9,Tall grassland,Grazed,Dry,518,Passiflora caerulea
9,Tall grassland,Grazed,Dry,518,Eleocharis viridans
9,Tall grassland,Grazed,Dry,518,Sorghastrum setosum
10,Short grassland,Ungrazed,Dry,518,Senecio grisebachii
10,Short grassland,Ungrazed,Dry,518,Cyperus virens
10,Short grassland,Ungrazed,Dry,518,Scutellaria racemosa
10,Short grassland,Ungrazed,Dry,518,Setaria parviflora
10,Short grassland,Ungrazed,Dry,518,Cuphea glutinosa
10,Short grassland,Ungrazed,Dry,518,Desmodium incanum
10,Short grassland,Ungrazed,Dry,518,Paspalum almum
10,Short grassland,Grazed,Dry,518,Dichondra microcalyx
10,Short grassland,Grazed,Dry,518,Desmodium incanum
10,Short grassland,Grazed,Dry,518,Elephantopus mollis
10,Short grassland,Grazed,Dry,518,Sisyrinchium micranthum
10,Short grassland,Grazed,Dry,518,Scutellaria racemosa
10,Short grassland,Grazed,Dry,518,Neptunia pubescens
10,Short grassland,Grazed,Dry,518,Trifolium sp.
10,Short grassland,Grazed,Dry,518,Paspalum almum
10,Medium-tall grassland,Ungrazed,Dry,518,Scutellaria racemosa
10,Medium-tall grassland,Ungrazed,Dry,518,Verbena litoralis
10,Medium-tall grassland,Ungrazed,Dry,518,Adiantopsis chlorophylla
10,Medium-tall grassland,Ungrazed,Dry,518,Galium richardianum
10,Medium-tall grassland,Ungrazed,Dry,518,Paspalum urvillei
10,Medium-tall grassland,Ungrazed,Dry,518,Cyperus virens
10,Medium-tall grassland,Ungrazed,Dry,518,Chascolytrum uniolae
10,Medium-tall grassland,Ungrazed,Dry,518,Setaria parviflora
10,Medium-tall grassland,Grazed,Dry,518,Desmodium incanum
10,Medium-tall grassland,Grazed,Dry,518,Dichondra microcalyx
10,Medium-tall grassland,Grazed,Dry,518,Sisyrinchium micranthum
10,Medium-tall grassland,Grazed,Dry,518,Steinchisma laxum
10,Medium-tall grassland,Grazed,Dry,518,Sida spinosa
10,Medium-tall grassland,Grazed,Dry,518,Evolvulus sericeus
10,Medium-tall grassland,Grazed,Dry,518,Polygala pulchella
10,Medium-tall grassland,Grazed,Dry,518,Scutellaria racemosa
10,Medium-tall grassland,Grazed,Dry,518,Ruellia morongii
10,Medium-tall grassland,Grazed,Dry,518,Oxalis sp.
10,Medium-tall grassland,Grazed,Dry,518,Paspalum almum
10,Tall grassland,Ungrazed,Dry,518,Sorghastrum setosum
10,Tall grassland,Ungrazed,Dry,518,Passiflora caerulea
10,Tall grassland,Ungrazed,Dry,518,Marsilea ancylopoda
10,Tall grassland,Ungrazed,Dry,518,Scutellaria racemosa
10,Tall grassland,Ungrazed,Dry,518,Forsteronia glabrescens
10,Tall grassland,Ungrazed,Dry,518,Iresine diffusa
10,Tall grassland,Ungrazed,Dry,518,Mikania periplocifolia
10,Tall grassland,Ungrazed,Dry,518,Eleocharis viridans
10,Tall grassland,Grazed,Dry,518,Sorghastrum setosum
10,Tall grassland,Grazed,Dry,518,Acca
10,Tall grassland,Grazed,Dry,518,Scutellaria racemosa
10,Tall grassland,Grazed,Dry,518,Luziola peruviana
10,Tall grassland,Grazed,Dry,518,Glandularia pulchella
10,Tall grassland,Grazed,Dry,518,Setaria parviflora
