Site.Name,Reintroduction.Time,Grewia.SA_m2,Grewia.Den_0.05ha,Comapi.SA_m2,Comapi.Den_0.05ha,All.Shrub.Den_0.05ha,All.Shrub.SA_m2,All.Shurb.Damage_Percent,CWD.Small.Abu_Int150points,CWD.Medium.Abu_Int150points,CWD.Large.Abu_Int150points,HBT.Small.Hollow.Den_10ha,HBT.Medium.Hollow.Den_10ha,HBT.Large.Hollow.Den_10ha,All.Tree.Den_10ha,Sen.nig.Den_10ha,Scl.bir.Den_10ha,All.Tree.Damage_percent
krug_1,1927,0,0,342.3163255,20,43,521.9674262,33,35,38,6,7,27,0,29,0,0,40
krug_10,1927,0,0,224.8019218,13,46,560.6918322,28,33,37,0,0,39,5,22,0,16,100
krug_11,1927,0,0,464.9008575,46,59,543.1164385,19,35,23,0,10,36,7,8,0,7,100
krug_2,1927,0,0,482.8072959,26,48,625.5916766,42,42,37,2,18,34,5,38,0,22,88
krug_3,1927,0,0,438.9263886,31,37,480.8193067,38,35,36,0,0,0,5,16,6,10,67
krug_4,1927,0,0,269.7943973,15,38,422.3177939,42,31,30,1,0,17,7,29,8,14,100
krug_5,1927,0,0,0,0,20,176.3579599,25,22,37,0,0,0,0,18,0,0,0
krug_6,1927,0,0,398.9040481,19,39,543.3513584,64,11,24,0,6,0,0,30,6,19,67
krug_7,1927,6.483314176,1,178.1792245,11,19,229.8942541,42,2,14,1,22,13,11,40,25,16,14
krug_8,1927,0,0,207.8753312,9,19,285.629258,32,9,21,4,6,11,5,29,0,23,50
krug_9,1927,0,0,489.8532748,32,36,509.4113066,36,25,22,0,24,44,18,38,14,12,83
klas_1,1972,43.65141916,5,231.483461,11,24,345.257588,50,23,17,2,7,24,5,15,0,10,100
klas_10,1972,243.7093745,19,762.5147542,19,51,1119.202531,33,36,23,1,7,12,0,21,22,0,0
klas_11,1972,171.0076351,12,581.6846484,33,52,832.9201448,33,30,38,3,7,24,5,61,34,5,25
klas_2,1972,56.61761264,7,245.0496653,9,27,389.3496675,52,28,23,0,18,50,14,86,63,13,17
klas_3,1972,120.5602785,13,294.5661484,7,26,491.9176672,54,29,21,4,15,42,0,36,26,6,83
klas_4,1972,164.4779149,18,133.0373622,4,25,313.5732082,32,23,19,1,0,34,0,36,8,20,60
klas_5,1972,102.1793034,11,372.8176184,27,58,635.3680206,16,29,33,8,6,33,9,33,15,9,86
klas_6,1972,23.45990273,3,257.3342155,8,19,363.3547448,63,27,23,0,8,0,0,20,14,6,33
klas_7,1972,60.91460396,4,204.7245737,7,15,309.1709785,27,25,22,2,5,29,4,28,4,19,71
klas_8,1972,248.4408788,32,244.7857881,15,58,625.0520853,40,57,32,1,20,0,0,64,26,30,50
klas_9,1972,10.76459469,2,433.648761,19,26,582.4711974,62,48,41,0,17,32,0,61,45,19,33
mak_1,1995,119.6653407,4,402.69535,34,56,741.4848172,23,19,25,2,29,18,0,83,74,7,9
mak_10,1995,55.76663135,7,25.69321389,4,13,87.20499622,69,20,44,6,40,0,5,116,109,5,5
mak_2,1995,438.5015592,23,783.5667216,26,61,1387.982959,33,37,43,1,8,28,0,97,66,28,31
mak_3,1995,34.99278787,1,184.2563035,9,22,278.5542353,0,11,35,2,11,30,0,91,71,16,24
mak_4,1995,71.73990835,2,469.0974609,39,47,588.7188556,2,21,20,1,8,16,0,100,80,6,0
mak_5,1995,98.05010534,15,631.5791452,19,39,766.0126385,41,35,32,1,39,48,0,168,161,10,9
mak_6,1995,288.4743137,10,644.2487752,15,28,977.1793847,61,20,48,0,21,38,0,140,107,23,18
mak_7,1995,359.2069841,33,845.367344,30,66,1262.344635,65,35,56,8,22,14,0,156,76,76,26
mak_8,1995,51.65292315,8,766.9312907,24,43,867.0914225,33,18,40,5,36,33,7,127,100,20,17
mak_9,1995,276.7584093,18,372.0944264,10,34,721.8362943,38,35,48,15,28,25,7,72,67,10,20
bal_1,2003,130.5220603,17,358.7071962,26,48,543.3842578,42,26,71,5,22,16,3,38,23,10,27
bal_10,2003,30.35740444,4,111.9942519,7,21,278.5613433,38,12,39,3,8,0,0,12,0,12,100
bal_2,2003,335.2722221,34,253.5560433,24,65,853.8545996,15,37,50,0,31,29,0,196,187,23,0
bal_3,2003,190.0637971,22,467.820417,41,71,746.1264362,24,50,42,2,26,0,0,46,39,10,56
bal_4,2003,400.762302,46,310.3735085,58,124,1115.117098,25,29,60,2,14,25,0,65,35,30,50
bal_5,2003,77.44238814,10,198.1527095,16,35,618.1089988,29,24,51,1,39,43,0,110,67,40,33
bal_6,2003,71.5091395,8,87.02688386,7,21,274.1670617,38,23,45,1,44,48,0,69,53,6,40
bal_7,2003,102.9750558,15,409.7354199,22,48,621.7629189,46,22,53,2,16,29,0,62,48,18,40
bal_8,2003,123.6260962,12,295.7805568,15,34,666.3716745,71,25,38,2,50,15,0,98,92,6,20
bal_9,2003,52.06811422,5,256.3443992,8,16,359.9744204,62,24,36,0,8,15,0,65,28,30,40
bz_1,none,233.0543556,13,285.4628264,15,59,1121.247967,2,32,3,0,0,0,0,23,0,17,0
bz_2,none,427.892496,27,269.4787641,9,48,1020.098266,8,32,17,1,13,24,0,275,11,248,4
bz_3,none,184.6750057,8,524.5947324,18,40,1054.341187,10,74,4,0,0,24,0,141,55,85,7
bz_4,none,440.9637399,19,118.7883454,6,37,1273.788549,0,74,6,0,17,32,0,176,44,114,0
bz_5,none,227.9734977,6,482.2945117,13,23,976.622998,13,74,10,0,33,0,0,174,85,90,0
bz_6,none,127.8796639,7,284.2022716,9,32,1019.254722,6,63,0,0,20,0,0,103,52,37,15
ek_1,none,308.7948096,16,400.8769637,10,32,763.2973627,19,16,1,0,16,29,12,136,74,12,9
ek_2,none,524.0284628,31,333.124422,13,56,1256.230769,14,53,13,0,67,24,0,282,91,176,0
ek_3,none,354.403208,23,4.699692393,1,42,587.1143411,2,41,20,0,24,44,0,215,163,53,0
ek_4,none,634.4448015,35,192.6350829,9,55,1129.360391,13,46,13,0,24,43,0,203,121,78,5