"";"plot";"treatment";"num.species";"year";"season";"enclosure";"exclosure";"observer"
"5";"112G";"grazed";9;"2015";"spring";"1";"1";"B"
"6";"112U";"ungrazed";8;"2015";"spring";"1";"1";"B"
"7";"113G";"grazed";7;"2015";"spring";"1";"1";"B"
"8";"113U";"ungrazed";4;"2015";"spring";"1";"1";"B"
"9";"114G";"grazed";8;"2015";"spring";"1";"1";"B"
"10";"114U";"ungrazed";10;"2015";"spring";"1";"1";"B"
"11";"115G";"grazed";7;"2015";"spring";"1";"1";"B"
"12";"115U";"ungrazed";6;"2015";"spring";"1";"1";"B"
"13";"116G";"grazed";7;"2015";"spring";"1";"1";"B"
"14";"116U";"ungrazed";4;"2015";"spring";"1";"1";"B"
"15";"117G";"grazed";7;"2015";"spring";"1";"1";"B"
"16";"117U";"ungrazed";3;"2015";"spring";"1";"1";"B"
"17";"121G";"grazed";6;"2015";"spring";"1";"2";"B"
"18";"121U";"ungrazed";6;"2015";"spring";"1";"2";"B"
"19";"122G";"grazed";11;"2015";"spring";"1";"2";"B"
"20";"122U";"ungrazed";7;"2015";"spring";"1";"2";"B"
"21";"123G";"grazed";4;"2015";"spring";"1";"2";"B"
"22";"123U";"ungrazed";6;"2015";"spring";"1";"2";"B"
"23";"124G";"grazed";9;"2015";"spring";"1";"2";"B"
"24";"124U";"ungrazed";3;"2015";"spring";"1";"2";"B"
"25";"125G";"grazed";9;"2015";"spring";"1";"2";"B"
"26";"125U";"ungrazed";6;"2015";"spring";"1";"2";"B"
"27";"126G";"grazed";11;"2015";"spring";"1";"2";"B"
"28";"126U";"ungrazed";7;"2015";"spring";"1";"2";"B"
"29";"127G";"grazed";6;"2015";"spring";"1";"2";"B"
"30";"127U";"ungrazed";7;"2015";"spring";"1";"2";"B"
"31";"131G";"grazed";7;"2015";"spring";"1";"3";"B"
"32";"131U";"ungrazed";5;"2015";"spring";"1";"3";"B"
"33";"132G";"grazed";9;"2015";"spring";"1";"3";"B"
"34";"132U";"ungrazed";6;"2015";"spring";"1";"3";"B"
"35";"133G";"grazed";9;"2015";"spring";"1";"3";"B"
"36";"133U";"ungrazed";8;"2015";"spring";"1";"3";"B"
"37";"134G";"grazed";8;"2015";"spring";"1";"3";"B"
"38";"134U";"ungrazed";11;"2015";"spring";"1";"3";"B"
"39";"135G";"grazed";10;"2015";"spring";"1";"3";"B"
"40";"135U";"ungrazed";11;"2015";"spring";"1";"3";"B"
"41";"136G";"grazed";11;"2015";"spring";"1";"3";"B"
"42";"136U";"ungrazed";7;"2015";"spring";"1";"3";"B"
"43";"137G";"grazed";10;"2015";"spring";"1";"3";"B"
"44";"137U";"ungrazed";13;"2015";"spring";"1";"3";"B"
"45";"211G";"grazed";7;"2015";"spring";"2";"1";"B"
"46";"211U";"ungrazed";4;"2015";"spring";"2";"1";"B"
"47";"212G";"grazed";8;"2015";"spring";"2";"1";"B"
"48";"212U";"ungrazed";6;"2015";"spring";"2";"1";"B"
"49";"213G";"grazed";11;"2015";"spring";"2";"1";"B"
"50";"213U";"ungrazed";7;"2015";"spring";"2";"1";"B"
"51";"214G";"grazed";4;"2015";"spring";"2";"1";"B"
"52";"214U";"ungrazed";3;"2015";"spring";"2";"1";"B"
"53";"215G";"grazed";7;"2015";"spring";"2";"1";"B"
"54";"215U";"ungrazed";8;"2015";"spring";"2";"1";"B"
"55";"216G";"grazed";10;"2015";"spring";"2";"1";"B"
"56";"216U";"ungrazed";9;"2015";"spring";"2";"1";"B"
"57";"217G";"grazed";9;"2015";"spring";"2";"1";"B"
"58";"217U";"ungrazed";6;"2015";"spring";"2";"1";"B"
"59";"221G";"grazed";12;"2015";"spring";"2";"2";"B"
"60";"221U";"ungrazed";8;"2015";"spring";"2";"2";"B"
"61";"222G";"grazed";9;"2015";"spring";"2";"2";"B"
"62";"222U";"ungrazed";7;"2015";"spring";"2";"2";"B"
"63";"223G";"grazed";7;"2015";"spring";"2";"2";"B"
"64";"223U";"ungrazed";4;"2015";"spring";"2";"2";"B"
"65";"224G";"grazed";9;"2015";"spring";"2";"2";"B"
"66";"224U";"ungrazed";2;"2015";"spring";"2";"2";"B"
"67";"225G";"grazed";6;"2015";"spring";"2";"2";"B"
"68";"225U";"ungrazed";4;"2015";"spring";"2";"2";"B"
"69";"226G";"grazed";7;"2015";"spring";"2";"2";"B"
"70";"226U";"ungrazed";5;"2015";"spring";"2";"2";"B"
"71";"227G";"grazed";7;"2015";"spring";"2";"2";"B"
"72";"227U";"ungrazed";4;"2015";"spring";"2";"2";"B"
"73";"231G";"grazed";8;"2015";"spring";"2";"3";"B"
"74";"231U";"ungrazed";9;"2015";"spring";"2";"3";"B"
"75";"232G";"grazed";8;"2015";"spring";"2";"3";"B"
"76";"232U";"ungrazed";6;"2015";"spring";"2";"3";"B"
"77";"233G";"grazed";10;"2015";"spring";"2";"3";"B"
"78";"233U";"ungrazed";9;"2015";"spring";"2";"3";"B"
"79";"234G";"grazed";9;"2015";"spring";"2";"3";"B"
"80";"234U";"ungrazed";6;"2015";"spring";"2";"3";"B"
"81";"235G";"grazed";9;"2015";"spring";"2";"3";"B"
"82";"235U";"ungrazed";5;"2015";"spring";"2";"3";"B"
"83";"236G";"grazed";14;"2015";"spring";"2";"3";"B"
"84";"236U";"ungrazed";7;"2015";"spring";"2";"3";"B"
"85";"237G";"grazed";6;"2015";"spring";"2";"3";"B"
"86";"237U";"ungrazed";5;"2015";"spring";"2";"3";"B"
"87";"311G";"grazed";10;"2015";"spring";"3";"1";"B"
"88";"311U";"ungrazed";9;"2015";"spring";"3";"1";"B"
"89";"312G";"grazed";12;"2015";"spring";"3";"1";"B"
"90";"312U";"ungrazed";8;"2015";"spring";"3";"1";"B"
"91";"313G";"grazed";8;"2015";"spring";"3";"1";"B"
"92";"313U";"ungrazed";7;"2015";"spring";"3";"1";"B"
"93";"314G";"grazed";5;"2015";"spring";"3";"1";"B"
"94";"314U";"ungrazed";8;"2015";"spring";"3";"1";"B"
"95";"315G";"grazed";7;"2015";"spring";"3";"1";"B"
"96";"315U";"ungrazed";6;"2015";"spring";"3";"1";"B"
"97";"316G";"grazed";5;"2015";"spring";"3";"1";"B"
"98";"316U";"ungrazed";5;"2015";"spring";"3";"1";"B"
"99";"317G";"grazed";6;"2015";"spring";"3";"1";"B"
"100";"317U";"ungrazed";4;"2015";"spring";"3";"1";"B"
"101";"321G";"grazed";13;"2015";"spring";"3";"2";"B"
"102";"321U";"ungrazed";9;"2015";"spring";"3";"2";"B"
"103";"322G";"grazed";8;"2015";"spring";"3";"2";"B"
"104";"322U";"ungrazed";5;"2015";"spring";"3";"2";"B"
"105";"323G";"grazed";5;"2015";"spring";"3";"2";"B"
"106";"323U";"ungrazed";7;"2015";"spring";"3";"2";"B"
"107";"324G";"grazed";4;"2015";"spring";"3";"2";"B"
"108";"324U";"ungrazed";3;"2015";"spring";"3";"2";"B"
"109";"325G";"grazed";3;"2015";"spring";"3";"2";"B"
"110";"325U";"ungrazed";2;"2015";"spring";"3";"2";"B"
"111";"326G";"grazed";3;"2015";"spring";"3";"2";"B"
"112";"326U";"ungrazed";5;"2015";"spring";"3";"2";"B"
"113";"327G";"grazed";6;"2015";"spring";"3";"2";"B"
"114";"327U";"ungrazed";4;"2015";"spring";"3";"2";"B"
"115";"331G";"grazed";8;"2015";"spring";"3";"3";"B"
"116";"331U";"ungrazed";8;"2015";"spring";"3";"3";"B"
"117";"332G";"grazed";7;"2015";"spring";"3";"3";"B"
"118";"332U";"ungrazed";4;"2015";"spring";"3";"3";"B"
"119";"333G";"grazed";2;"2015";"spring";"3";"3";"B"
"120";"333U";"ungrazed";5;"2015";"spring";"3";"3";"B"
"121";"334G";"grazed";7;"2015";"spring";"3";"3";"B"
"122";"334U";"ungrazed";5;"2015";"spring";"3";"3";"B"
"123";"335G";"grazed";4;"2015";"spring";"3";"3";"B"
"124";"335U";"ungrazed";7;"2015";"spring";"3";"3";"B"
"125";"336G";"grazed";8;"2015";"spring";"3";"3";"B"
"126";"336U";"ungrazed";6;"2015";"spring";"3";"3";"B"
"127";"337G";"grazed";5;"2015";"spring";"3";"3";"B"
"128";"337U";"ungrazed";5;"2015";"spring";"3";"3";"B"
"129";"111G";"grazed";3;"2016";"spring";"1";"1";"B"
"130";"111U";"ungrazed";8;"2016";"spring";"1";"1";"B"
"131";"112G";"grazed";7;"2016";"spring";"1";"1";"B"
"132";"112U";"ungrazed";10;"2016";"spring";"1";"1";"B"
"133";"113G";"grazed";8;"2016";"spring";"1";"1";"B"
"134";"113U";"ungrazed";7;"2016";"spring";"1";"1";"B"
"135";"114G";"grazed";11;"2016";"spring";"1";"1";"B"
"136";"114U";"ungrazed";8;"2016";"spring";"1";"1";"B"
"137";"115G";"grazed";9;"2016";"spring";"1";"1";"B"
"138";"115U";"ungrazed";9;"2016";"spring";"1";"1";"B"
"139";"116G";"grazed";9;"2016";"spring";"1";"1";"B"
"140";"116U";"ungrazed";5;"2016";"spring";"1";"1";"B"
"141";"117G";"grazed";11;"2016";"spring";"1";"1";"B"
"142";"117U";"ungrazed";9;"2016";"spring";"1";"1";"B"
"143";"121G";"grazed";7;"2016";"spring";"1";"2";"B"
"144";"121U";"ungrazed";6;"2016";"spring";"1";"2";"B"
"145";"122G";"grazed";10;"2016";"spring";"1";"2";"B"
"146";"122U";"ungrazed";8;"2016";"spring";"1";"2";"B"
"147";"123G";"grazed";7;"2016";"spring";"1";"2";"B"
"148";"123U";"ungrazed";7;"2016";"spring";"1";"2";"B"
"149";"124G";"grazed";10;"2016";"spring";"1";"2";"B"
"150";"124U";"ungrazed";4;"2016";"spring";"1";"2";"B"
"151";"125G";"grazed";8;"2016";"spring";"1";"2";"B"
"152";"125U";"ungrazed";8;"2016";"spring";"1";"2";"B"
"153";"126G";"grazed";10;"2016";"spring";"1";"2";"B"
"154";"126U";"ungrazed";6;"2016";"spring";"1";"2";"B"
"155";"127G";"grazed";11;"2016";"spring";"1";"2";"B"
"156";"127U";"ungrazed";9;"2016";"spring";"1";"2";"B"
"157";"131G";"grazed";10;"2016";"spring";"1";"3";"B"
"158";"131U";"ungrazed";9;"2016";"spring";"1";"3";"B"
"159";"132G";"grazed";9;"2016";"spring";"1";"3";"B"
"160";"132U";"ungrazed";7;"2016";"spring";"1";"3";"B"
"161";"133G";"grazed";12;"2016";"spring";"1";"3";"B"
"162";"133U";"ungrazed";8;"2016";"spring";"1";"3";"B"
"163";"134G";"grazed";8;"2016";"spring";"1";"3";"B"
"164";"134U";"ungrazed";8;"2016";"spring";"1";"3";"B"
"165";"135G";"grazed";10;"2016";"spring";"1";"3";"B"
"166";"135U";"ungrazed";11;"2016";"spring";"1";"3";"B"
"167";"136G";"grazed";11;"2016";"spring";"1";"3";"B"
"168";"136U";"ungrazed";7;"2016";"spring";"1";"3";"B"
"169";"137G";"grazed";11;"2016";"spring";"1";"3";"B"
"170";"137U";"ungrazed";11;"2016";"spring";"1";"3";"B"
"171";"211G";"grazed";8;"2016";"spring";"2";"1";"B"
"172";"211U";"ungrazed";4;"2016";"spring";"2";"1";"B"
"173";"212G";"grazed";9;"2016";"spring";"2";"1";"B"
"174";"212U";"ungrazed";6;"2016";"spring";"2";"1";"B"
"175";"213G";"grazed";12;"2016";"spring";"2";"1";"B"
"176";"213U";"ungrazed";3;"2016";"spring";"2";"1";"B"
"177";"214G";"grazed";6;"2016";"spring";"2";"1";"B"
"178";"214U";"ungrazed";1;"2016";"spring";"2";"1";"B"
"179";"215G";"grazed";7;"2016";"spring";"2";"1";"B"
"180";"215U";"ungrazed";5;"2016";"spring";"2";"1";"B"
"181";"216G";"grazed";13;"2016";"spring";"2";"1";"B"
"182";"216U";"ungrazed";4;"2016";"spring";"2";"1";"B"
"183";"217G";"grazed";11;"2016";"spring";"2";"1";"B"
"184";"217U";"ungrazed";8;"2016";"spring";"2";"1";"B"
"185";"221G";"grazed";13;"2016";"spring";"2";"2";"B"
"186";"221U";"ungrazed";8;"2016";"spring";"2";"2";"B"
"187";"222G";"grazed";10;"2016";"spring";"2";"2";"B"
"188";"222U";"ungrazed";6;"2016";"spring";"2";"2";"B"
"189";"223G";"grazed";7;"2016";"spring";"2";"2";"B"
"190";"223U";"ungrazed";6;"2016";"spring";"2";"2";"B"
"191";"224G";"grazed";8;"2016";"spring";"2";"2";"B"
"192";"224U";"ungrazed";4;"2016";"spring";"2";"2";"B"
"193";"225G";"grazed";9;"2016";"spring";"2";"2";"B"
"194";"225U";"ungrazed";4;"2016";"spring";"2";"2";"B"
"195";"226G";"grazed";10;"2016";"spring";"2";"2";"B"
"196";"226U";"ungrazed";7;"2016";"spring";"2";"2";"B"
"197";"227G";"grazed";8;"2016";"spring";"2";"2";"B"
"198";"227U";"ungrazed";4;"2016";"spring";"2";"2";"B"
"199";"231G";"grazed";10;"2016";"spring";"2";"3";"B"
"200";"231U";"ungrazed";10;"2016";"spring";"2";"3";"B"
"201";"232G";"grazed";8;"2016";"spring";"2";"3";"B"
"202";"232U";"ungrazed";8;"2016";"spring";"2";"3";"B"
"203";"233G";"grazed";12;"2016";"spring";"2";"3";"B"
"204";"233U";"ungrazed";10;"2016";"spring";"2";"3";"B"
"205";"234G";"grazed";11;"2016";"spring";"2";"3";"B"
"206";"234U";"ungrazed";7;"2016";"spring";"2";"3";"B"
"207";"235G";"grazed";8;"2016";"spring";"2";"3";"B"
"208";"235U";"ungrazed";6;"2016";"spring";"2";"3";"B"
"209";"236G";"grazed";14;"2016";"spring";"2";"3";"B"
"210";"236U";"ungrazed";7;"2016";"spring";"2";"3";"B"
"211";"237G";"grazed";10;"2016";"spring";"2";"3";"B"
"212";"237U";"ungrazed";7;"2016";"spring";"2";"3";"B"
"213";"311G";"grazed";15;"2016";"spring";"3";"1";"B"
"214";"311U";"ungrazed";8;"2016";"spring";"3";"1";"B"
"215";"312G";"grazed";10;"2016";"spring";"3";"1";"B"
"216";"312U";"ungrazed";7;"2016";"spring";"3";"1";"B"
"217";"313G";"grazed";13;"2016";"spring";"3";"1";"B"
"218";"313U";"ungrazed";7;"2016";"spring";"3";"1";"B"
"219";"314G";"grazed";6;"2016";"spring";"3";"1";"B"
"220";"314U";"ungrazed";7;"2016";"spring";"3";"1";"B"
"221";"315G";"grazed";9;"2016";"spring";"3";"1";"B"
"222";"315U";"ungrazed";7;"2016";"spring";"3";"1";"B"
"223";"316G";"grazed";6;"2016";"spring";"3";"1";"B"
"224";"316U";"ungrazed";5;"2016";"spring";"3";"1";"B"
"225";"317G";"grazed";7;"2016";"spring";"3";"1";"B"
"226";"317U";"ungrazed";5;"2016";"spring";"3";"1";"B"
"227";"321G";"grazed";12;"2016";"spring";"3";"2";"B"
"228";"321U";"ungrazed";9;"2016";"spring";"3";"2";"B"
"229";"322G";"grazed";7;"2016";"spring";"3";"2";"B"
"230";"322U";"ungrazed";7;"2016";"spring";"3";"2";"B"
"231";"323G";"grazed";7;"2016";"spring";"3";"2";"B"
"232";"323U";"ungrazed";6;"2016";"spring";"3";"2";"B"
"233";"324G";"grazed";5;"2016";"spring";"3";"2";"B"
"234";"324U";"ungrazed";5;"2016";"spring";"3";"2";"B"
"235";"325G";"grazed";5;"2016";"spring";"3";"2";"B"
"236";"325U";"ungrazed";4;"2016";"spring";"3";"2";"B"
"237";"326G";"grazed";4;"2016";"spring";"3";"2";"B"
"238";"326U";"ungrazed";5;"2016";"spring";"3";"2";"B"
"239";"327G";"grazed";5;"2016";"spring";"3";"2";"B"
"240";"327U";"ungrazed";5;"2016";"spring";"3";"2";"B"
"241";"331G";"grazed";7;"2016";"spring";"3";"3";"B"
"242";"331U";"ungrazed";8;"2016";"spring";"3";"3";"B"
"243";"332G";"grazed";7;"2016";"spring";"3";"3";"B"
"244";"332U";"ungrazed";4;"2016";"spring";"3";"3";"B"
"245";"333G";"grazed";7;"2016";"spring";"3";"3";"B"
"246";"333U";"ungrazed";6;"2016";"spring";"3";"3";"B"
"247";"334G";"grazed";7;"2016";"spring";"3";"3";"B"
"248";"334U";"ungrazed";6;"2016";"spring";"3";"3";"B"
"249";"335G";"grazed";5;"2016";"spring";"3";"3";"B"
"250";"335U";"ungrazed";5;"2016";"spring";"3";"3";"B"
"251";"336G";"grazed";4;"2016";"spring";"3";"3";"B"
"252";"336U";"ungrazed";5;"2016";"spring";"3";"3";"B"
"253";"337G";"grazed";5;"2016";"spring";"3";"3";"B"
"254";"337U";"ungrazed";6;"2016";"spring";"3";"3";"B"
"255";"111G";"grazed";11;"2014";"summer";"1";"1";"A"
"256";"111U";"ungrazed";13;"2014";"summer";"1";"1";"A"
"257";"112G";"grazed";12;"2014";"summer";"1";"1";"A"
"258";"112U";"ungrazed";11;"2014";"summer";"1";"1";"A"
"259";"113G";"grazed";14;"2014";"summer";"1";"1";"A"
"260";"113U";"ungrazed";13;"2014";"summer";"1";"1";"A"
"261";"114G";"grazed";12;"2014";"summer";"1";"1";"A"
"262";"114U";"ungrazed";12;"2014";"summer";"1";"1";"A"
"263";"115G";"grazed";9;"2014";"summer";"1";"1";"A"
"264";"115U";"ungrazed";11;"2014";"summer";"1";"1";"A"
"265";"116G";"grazed";12;"2014";"summer";"1";"1";"A"
"266";"116U";"ungrazed";8;"2014";"summer";"1";"1";"A"
"267";"117G";"grazed";9;"2014";"summer";"1";"1";"A"
"268";"117U";"ungrazed";10;"2014";"summer";"1";"1";"A"
"269";"121G";"grazed";5;"2014";"summer";"1";"2";"A"
"270";"121U";"ungrazed";5;"2014";"summer";"1";"2";"A"
"271";"122G";"grazed";13;"2014";"summer";"1";"2";"A"
"272";"122U";"ungrazed";8;"2014";"summer";"1";"2";"A"
"273";"123G";"grazed";8;"2014";"summer";"1";"2";"A"
"274";"123U";"ungrazed";11;"2014";"summer";"1";"2";"A"
"275";"124G";"grazed";9;"2014";"summer";"1";"2";"A"
"276";"124U";"ungrazed";10;"2014";"summer";"1";"2";"A"
"277";"125G";"grazed";7;"2014";"summer";"1";"2";"A"
"278";"125U";"ungrazed";7;"2014";"summer";"1";"2";"A"
"279";"126G";"grazed";14;"2014";"summer";"1";"2";"A"
"280";"126U";"ungrazed";9;"2014";"summer";"1";"2";"A"
"281";"127G";"grazed";11;"2014";"summer";"1";"2";"A"
"282";"127U";"ungrazed";8;"2014";"summer";"1";"2";"A"
"283";"131G";"grazed";6;"2014";"summer";"1";"3";"A"
"284";"131U";"ungrazed";7;"2014";"summer";"1";"3";"A"
"285";"132G";"grazed";9;"2014";"summer";"1";"3";"A"
"286";"132U";"ungrazed";12;"2014";"summer";"1";"3";"A"
"287";"133G";"grazed";13;"2014";"summer";"1";"3";"A"
"288";"133U";"ungrazed";10;"2014";"summer";"1";"3";"A"
"289";"134G";"grazed";10;"2014";"summer";"1";"3";"A"
"290";"134U";"ungrazed";11;"2014";"summer";"1";"3";"A"
"291";"135G";"grazed";10;"2014";"summer";"1";"3";"A"
"292";"135U";"ungrazed";12;"2014";"summer";"1";"3";"A"
"293";"136G";"grazed";15;"2014";"summer";"1";"3";"A"
"294";"136U";"ungrazed";11;"2014";"summer";"1";"3";"A"
"295";"137G";"grazed";12;"2014";"summer";"1";"3";"A"
"296";"137U";"ungrazed";15;"2014";"summer";"1";"3";"A"
"297";"211G";"grazed";9;"2014";"summer";"2";"1";"A"
"298";"211U";"ungrazed";8;"2014";"summer";"2";"1";"A"
"299";"212G";"grazed";7;"2014";"summer";"2";"1";"A"
"300";"212U";"ungrazed";8;"2014";"summer";"2";"1";"A"
"301";"213G";"grazed";8;"2014";"summer";"2";"1";"A"
"302";"213U";"ungrazed";10;"2014";"summer";"2";"1";"A"
"303";"214G";"grazed";8;"2014";"summer";"2";"1";"A"
"304";"214U";"ungrazed";6;"2014";"summer";"2";"1";"A"
"305";"215G";"grazed";7;"2014";"summer";"2";"1";"A"
"306";"215U";"ungrazed";8;"2014";"summer";"2";"1";"A"
"307";"216G";"grazed";16;"2014";"summer";"2";"1";"A"
"308";"216U";"ungrazed";12;"2014";"summer";"2";"1";"A"
"309";"217G";"grazed";8;"2014";"summer";"2";"1";"A"
"310";"217U";"ungrazed";14;"2014";"summer";"2";"1";"A"
"311";"221G";"grazed";14;"2014";"summer";"2";"2";"A"
"312";"221U";"ungrazed";12;"2014";"summer";"2";"2";"A"
"313";"222G";"grazed";11;"2014";"summer";"2";"2";"A"
"314";"222U";"ungrazed";11;"2014";"summer";"2";"2";"A"
"315";"223G";"grazed";10;"2014";"summer";"2";"2";"A"
"316";"223U";"ungrazed";10;"2014";"summer";"2";"2";"A"
"317";"224G";"grazed";10;"2014";"summer";"2";"2";"A"
"318";"224U";"ungrazed";8;"2014";"summer";"2";"2";"A"
"319";"225G";"grazed";11;"2014";"summer";"2";"2";"A"
"320";"225U";"ungrazed";12;"2014";"summer";"2";"2";"A"
"321";"226G";"grazed";8;"2014";"summer";"2";"2";"A"
"322";"226U";"ungrazed";10;"2014";"summer";"2";"2";"A"
"323";"227G";"grazed";8;"2014";"summer";"2";"2";"A"
"324";"227U";"ungrazed";8;"2014";"summer";"2";"2";"A"
"325";"231G";"grazed";14;"2014";"summer";"2";"3";"A"
"326";"231U";"ungrazed";15;"2014";"summer";"2";"3";"A"
"327";"232G";"grazed";10;"2014";"summer";"2";"3";"A"
"328";"232U";"ungrazed";9;"2014";"summer";"2";"3";"A"
"329";"233G";"grazed";7;"2014";"summer";"2";"3";"A"
"330";"233U";"ungrazed";7;"2014";"summer";"2";"3";"A"
"331";"234G";"grazed";14;"2014";"summer";"2";"3";"A"
"332";"234U";"ungrazed";8;"2014";"summer";"2";"3";"A"
"333";"235G";"grazed";13;"2014";"summer";"2";"3";"A"
"334";"235U";"ungrazed";7;"2014";"summer";"2";"3";"A"
"335";"236G";"grazed";13;"2014";"summer";"2";"3";"A"
"336";"236U";"ungrazed";9;"2014";"summer";"2";"3";"A"
"337";"237G";"grazed";7;"2014";"summer";"2";"3";"A"
"338";"237U";"ungrazed";7;"2014";"summer";"2";"3";"A"
"339";"311G";"grazed";13;"2014";"summer";"3";"1";"A"
"340";"311U";"ungrazed";11;"2014";"summer";"3";"1";"A"
"341";"312G";"grazed";10;"2014";"summer";"3";"1";"A"
"342";"312U";"ungrazed";11;"2014";"summer";"3";"1";"A"
"343";"313G";"grazed";10;"2014";"summer";"3";"1";"A"
"344";"313U";"ungrazed";9;"2014";"summer";"3";"1";"A"
"345";"314G";"grazed";7;"2014";"summer";"3";"1";"A"
"346";"314U";"ungrazed";7;"2014";"summer";"3";"1";"A"
"347";"315G";"grazed";12;"2014";"summer";"3";"1";"A"
"348";"315U";"ungrazed";7;"2014";"summer";"3";"1";"A"
"349";"316G";"grazed";12;"2014";"summer";"3";"1";"A"
"350";"316U";"ungrazed";8;"2014";"summer";"3";"1";"A"
"351";"317G";"grazed";6;"2014";"summer";"3";"1";"A"
"352";"317U";"ungrazed";5;"2014";"summer";"3";"1";"A"
"353";"321G";"grazed";13;"2014";"summer";"3";"2";"A"
"354";"321U";"ungrazed";10;"2014";"summer";"3";"2";"A"
"355";"322G";"grazed";10;"2014";"summer";"3";"2";"A"
"356";"322U";"ungrazed";6;"2014";"summer";"3";"2";"A"
"357";"323G";"grazed";6;"2014";"summer";"3";"2";"A"
"358";"323U";"ungrazed";9;"2014";"summer";"3";"2";"A"
"359";"324G";"grazed";8;"2014";"summer";"3";"2";"A"
"360";"324U";"ungrazed";6;"2014";"summer";"3";"2";"A"
"361";"325G";"grazed";3;"2014";"summer";"3";"2";"A"
"362";"325U";"ungrazed";5;"2014";"summer";"3";"2";"A"
"363";"326G";"grazed";5;"2014";"summer";"3";"2";"A"
"364";"326U";"ungrazed";7;"2014";"summer";"3";"2";"A"
"365";"327G";"grazed";6;"2014";"summer";"3";"2";"A"
"366";"327U";"ungrazed";7;"2014";"summer";"3";"2";"A"
"367";"331G";"grazed";9;"2014";"summer";"3";"3";"A"
"368";"331U";"ungrazed";10;"2014";"summer";"3";"3";"A"
"369";"332G";"grazed";8;"2014";"summer";"3";"3";"A"
"370";"332U";"ungrazed";9;"2014";"summer";"3";"3";"A"
"371";"333G";"grazed";6;"2014";"summer";"3";"3";"A"
"372";"333U";"ungrazed";6;"2014";"summer";"3";"3";"A"
"373";"334G";"grazed";7;"2014";"summer";"3";"3";"A"
"374";"334U";"ungrazed";6;"2014";"summer";"3";"3";"A"
"375";"335G";"grazed";8;"2014";"summer";"3";"3";"A"
"376";"335U";"ungrazed";9;"2014";"summer";"3";"3";"A"
"377";"336G";"grazed";8;"2014";"summer";"3";"3";"A"
"378";"336U";"ungrazed";8;"2014";"summer";"3";"3";"A"
"379";"337G";"grazed";7;"2014";"summer";"3";"3";"A"
"380";"337U";"ungrazed";5;"2014";"summer";"3";"3";"A"
"381";"111G";"grazed";10;"2015";"summer";"1";"1";"B"
"382";"111U";"ungrazed";8;"2015";"summer";"1";"1";"B"
"383";"112G";"grazed";11;"2015";"summer";"1";"1";"B"
"384";"112U";"ungrazed";8;"2015";"summer";"1";"1";"B"
"385";"113G";"grazed";12;"2015";"summer";"1";"1";"B"
"386";"113U";"ungrazed";13;"2015";"summer";"1";"1";"B"
"387";"114G";"grazed";9;"2015";"summer";"1";"1";"B"
"388";"114U";"ungrazed";12;"2015";"summer";"1";"1";"B"
"389";"115G";"grazed";10;"2015";"summer";"1";"1";"B"
"390";"115U";"ungrazed";10;"2015";"summer";"1";"1";"B"
"391";"116G";"grazed";11;"2015";"summer";"1";"1";"B"
"392";"116U";"ungrazed";12;"2015";"summer";"1";"1";"B"
"393";"117G";"grazed";12;"2015";"summer";"1";"1";"B"
"394";"117U";"ungrazed";8;"2015";"summer";"1";"1";"B"
"395";"121G";"grazed";5;"2015";"summer";"1";"2";"B"
"396";"121U";"ungrazed";8;"2015";"summer";"1";"2";"B"
"397";"122G";"grazed";9;"2015";"summer";"1";"2";"B"
"398";"122U";"ungrazed";8;"2015";"summer";"1";"2";"B"
"399";"123G";"grazed";7;"2015";"summer";"1";"2";"B"
"400";"123U";"ungrazed";9;"2015";"summer";"1";"2";"B"
"401";"124G";"grazed";9;"2015";"summer";"1";"2";"B"
"402";"124U";"ungrazed";6;"2015";"summer";"1";"2";"B"
"403";"125G";"grazed";6;"2015";"summer";"1";"2";"B"
"404";"125U";"ungrazed";8;"2015";"summer";"1";"2";"B"
"405";"126G";"grazed";13;"2015";"summer";"1";"2";"B"
"406";"126U";"ungrazed";6;"2015";"summer";"1";"2";"B"
"407";"127G";"grazed";11;"2015";"summer";"1";"2";"B"
"408";"127U";"ungrazed";8;"2015";"summer";"1";"2";"B"
"409";"131G";"grazed";7;"2015";"summer";"1";"3";"B"
"410";"131U";"ungrazed";8;"2015";"summer";"1";"3";"B"
"411";"132G";"grazed";10;"2015";"summer";"1";"3";"B"
"412";"132U";"ungrazed";10;"2015";"summer";"1";"3";"B"
"413";"133G";"grazed";11;"2015";"summer";"1";"3";"B"
"414";"133U";"ungrazed";9;"2015";"summer";"1";"3";"B"
"415";"134G";"grazed";7;"2015";"summer";"1";"3";"B"
"416";"134U";"ungrazed";8;"2015";"summer";"1";"3";"B"
"417";"135G";"grazed";9;"2015";"summer";"1";"3";"B"
"418";"135U";"ungrazed";10;"2015";"summer";"1";"3";"B"
"419";"136G";"grazed";12;"2015";"summer";"1";"3";"B"
"420";"136U";"ungrazed";8;"2015";"summer";"1";"3";"B"
"421";"137G";"grazed";9;"2015";"summer";"1";"3";"B"
"422";"137U";"ungrazed";15;"2015";"summer";"1";"3";"B"
"423";"211G";"grazed";10;"2015";"summer";"2";"1";"B"
"424";"211U";"ungrazed";5;"2015";"summer";"2";"1";"B"
"425";"212G";"grazed";10;"2015";"summer";"2";"1";"B"
"426";"212U";"ungrazed";7;"2015";"summer";"2";"1";"B"
"427";"213G";"grazed";8;"2015";"summer";"2";"1";"B"
"428";"213U";"ungrazed";5;"2015";"summer";"2";"1";"B"
"429";"214G";"grazed";5;"2015";"summer";"2";"1";"B"
"430";"214U";"ungrazed";3;"2015";"summer";"2";"1";"B"
"431";"215G";"grazed";9;"2015";"summer";"2";"1";"B"
"432";"215U";"ungrazed";6;"2015";"summer";"2";"1";"B"
"433";"216G";"grazed";13;"2015";"summer";"2";"1";"B"
"434";"216U";"ungrazed";9;"2015";"summer";"2";"1";"B"
"435";"217G";"grazed";8;"2015";"summer";"2";"1";"B"
"436";"217U";"ungrazed";11;"2015";"summer";"2";"1";"B"
"437";"221G";"grazed";16;"2015";"summer";"2";"2";"B"
"438";"221U";"ungrazed";11;"2015";"summer";"2";"2";"B"
"439";"222G";"grazed";10;"2015";"summer";"2";"2";"B"
"440";"222U";"ungrazed";9;"2015";"summer";"2";"2";"B"
"441";"223G";"grazed";9;"2015";"summer";"2";"2";"B"
"442";"223U";"ungrazed";8;"2015";"summer";"2";"2";"B"
"443";"224G";"grazed";10;"2015";"summer";"2";"2";"B"
"444";"224U";"ungrazed";8;"2015";"summer";"2";"2";"B"
"445";"225G";"grazed";11;"2015";"summer";"2";"2";"B"
"446";"225U";"ungrazed";7;"2015";"summer";"2";"2";"B"
"447";"226G";"grazed";7;"2015";"summer";"2";"2";"B"
"448";"226U";"ungrazed";9;"2015";"summer";"2";"2";"B"
"449";"227G";"grazed";7;"2015";"summer";"2";"2";"B"
"450";"227U";"ungrazed";6;"2015";"summer";"2";"2";"B"
"451";"231G";"grazed";11;"2015";"summer";"2";"3";"B"
"452";"231U";"ungrazed";9;"2015";"summer";"2";"3";"B"
"453";"232G";"grazed";5;"2015";"summer";"2";"3";"B"
"454";"232U";"ungrazed";6;"2015";"summer";"2";"3";"B"
"455";"233G";"grazed";10;"2015";"summer";"2";"3";"B"
"456";"233U";"ungrazed";8;"2015";"summer";"2";"3";"B"
"457";"234G";"grazed";12;"2015";"summer";"2";"3";"B"
"458";"234U";"ungrazed";8;"2015";"summer";"2";"3";"B"
"459";"235G";"grazed";12;"2015";"summer";"2";"3";"B"
"460";"235U";"ungrazed";6;"2015";"summer";"2";"3";"B"
"461";"236G";"grazed";15;"2015";"summer";"2";"3";"B"
"462";"236U";"ungrazed";9;"2015";"summer";"2";"3";"B"
"463";"237G";"grazed";10;"2015";"summer";"2";"3";"B"
"464";"237U";"ungrazed";7;"2015";"summer";"2";"3";"B"
"465";"311G";"grazed";15;"2015";"summer";"3";"1";"B"
"466";"311U";"ungrazed";8;"2015";"summer";"3";"1";"B"
"467";"312G";"grazed";12;"2015";"summer";"3";"1";"B"
"468";"312U";"ungrazed";8;"2015";"summer";"3";"1";"B"
"469";"313G";"grazed";12;"2015";"summer";"3";"1";"B"
"470";"313U";"ungrazed";6;"2015";"summer";"3";"1";"B"
"471";"314G";"grazed";7;"2015";"summer";"3";"1";"B"
"472";"314U";"ungrazed";8;"2015";"summer";"3";"1";"B"
"473";"315G";"grazed";9;"2015";"summer";"3";"1";"B"
"474";"315U";"ungrazed";6;"2015";"summer";"3";"1";"B"
"475";"316G";"grazed";8;"2015";"summer";"3";"1";"B"
"476";"316U";"ungrazed";7;"2015";"summer";"3";"1";"B"
"477";"317G";"grazed";7;"2015";"summer";"3";"1";"B"
"478";"317U";"ungrazed";7;"2015";"summer";"3";"1";"B"
"479";"321G";"grazed";10;"2015";"summer";"3";"2";"B"
"480";"321U";"ungrazed";11;"2015";"summer";"3";"2";"B"
"481";"322G";"grazed";10;"2015";"summer";"3";"2";"B"
"482";"322U";"ungrazed";5;"2015";"summer";"3";"2";"B"
"483";"323G";"grazed";9;"2015";"summer";"3";"2";"B"
"484";"323U";"ungrazed";6;"2015";"summer";"3";"2";"B"
"485";"324G";"grazed";4;"2015";"summer";"3";"2";"B"
"486";"324U";"ungrazed";3;"2015";"summer";"3";"2";"B"
"487";"325G";"grazed";3;"2015";"summer";"3";"2";"B"
"488";"325U";"ungrazed";2;"2015";"summer";"3";"2";"B"
"489";"326G";"grazed";4;"2015";"summer";"3";"2";"B"
"490";"326U";"ungrazed";6;"2015";"summer";"3";"2";"B"
"491";"327G";"grazed";5;"2015";"summer";"3";"2";"B"
"492";"327U";"ungrazed";5;"2015";"summer";"3";"2";"B"
"493";"331G";"grazed";9;"2015";"summer";"3";"3";"B"
"494";"331U";"ungrazed";9;"2015";"summer";"3";"3";"B"
"495";"332G";"grazed";5;"2015";"summer";"3";"3";"B"
"496";"332U";"ungrazed";6;"2015";"summer";"3";"3";"B"
"497";"333G";"grazed";3;"2015";"summer";"3";"3";"B"
"498";"333U";"ungrazed";5;"2015";"summer";"3";"3";"B"
"499";"334G";"grazed";5;"2015";"summer";"3";"3";"B"
"500";"334U";"ungrazed";4;"2015";"summer";"3";"3";"B"
"501";"335G";"grazed";4;"2015";"summer";"3";"3";"B"
"502";"335U";"ungrazed";6;"2015";"summer";"3";"3";"B"
"503";"336G";"grazed";4;"2015";"summer";"3";"3";"B"
"504";"336U";"ungrazed";5;"2015";"summer";"3";"3";"B"
"505";"337G";"grazed";5;"2015";"summer";"3";"3";"B"
"506";"337U";"ungrazed";4;"2015";"summer";"3";"3";"B"
"507";"111G";"grazed";7;"2016";"summer";"1";"1";"B"
"508";"111U";"ungrazed";8;"2016";"summer";"1";"1";"B"
"509";"112G";"grazed";9;"2016";"summer";"1";"1";"B"
"510";"112U";"ungrazed";6;"2016";"summer";"1";"1";"B"
"511";"113G";"grazed";8;"2016";"summer";"1";"1";"B"
"512";"113U";"ungrazed";7;"2016";"summer";"1";"1";"B"
"513";"114G";"grazed";9;"2016";"summer";"1";"1";"B"
"514";"114U";"ungrazed";8;"2016";"summer";"1";"1";"B"
"515";"115G";"grazed";11;"2016";"summer";"1";"1";"B"
"516";"115U";"ungrazed";9;"2016";"summer";"1";"1";"B"
"517";"116G";"grazed";13;"2016";"summer";"1";"1";"B"
"518";"116U";"ungrazed";5;"2016";"summer";"1";"1";"B"
"519";"117G";"grazed";8;"2016";"summer";"1";"1";"B"
"520";"117U";"ungrazed";7;"2016";"summer";"1";"1";"B"
"521";"121G";"grazed";6;"2016";"summer";"1";"2";"B"
"522";"121U";"ungrazed";4;"2016";"summer";"1";"2";"B"
"523";"122G";"grazed";10;"2016";"summer";"1";"2";"B"
"524";"122U";"ungrazed";8;"2016";"summer";"1";"2";"B"
"525";"123G";"grazed";5;"2016";"summer";"1";"2";"B"
"526";"123U";"ungrazed";7;"2016";"summer";"1";"2";"B"
"527";"124G";"grazed";8;"2016";"summer";"1";"2";"B"
"528";"124U";"ungrazed";5;"2016";"summer";"1";"2";"B"
"529";"125G";"grazed";8;"2016";"summer";"1";"2";"B"
"530";"125U";"ungrazed";8;"2016";"summer";"1";"2";"B"
"531";"126G";"grazed";11;"2016";"summer";"1";"2";"B"
"532";"126U";"ungrazed";5;"2016";"summer";"1";"2";"B"
"533";"127G";"grazed";8;"2016";"summer";"1";"2";"B"
"534";"127U";"ungrazed";6;"2016";"summer";"1";"2";"B"
"535";"131G";"grazed";11;"2016";"summer";"1";"3";"B"
"536";"131U";"ungrazed";8;"2016";"summer";"1";"3";"B"
"537";"132G";"grazed";7;"2016";"summer";"1";"3";"B"
"538";"132U";"ungrazed";8;"2016";"summer";"1";"3";"B"
"539";"133G";"grazed";13;"2016";"summer";"1";"3";"B"
"540";"133U";"ungrazed";6;"2016";"summer";"1";"3";"B"
"541";"134G";"grazed";7;"2016";"summer";"1";"3";"B"
"542";"134U";"ungrazed";5;"2016";"summer";"1";"3";"B"
"543";"135G";"grazed";10;"2016";"summer";"1";"3";"B"
"544";"135U";"ungrazed";6;"2016";"summer";"1";"3";"B"
"545";"136G";"grazed";9;"2016";"summer";"1";"3";"B"
"546";"136U";"ungrazed";6;"2016";"summer";"1";"3";"B"
"547";"137G";"grazed";9;"2016";"summer";"1";"3";"B"
"548";"137U";"ungrazed";12;"2016";"summer";"1";"3";"B"
"549";"211G";"grazed";8;"2016";"summer";"2";"1";"B"
"550";"211U";"ungrazed";6;"2016";"summer";"2";"1";"B"
"551";"212G";"grazed";9;"2016";"summer";"2";"1";"B"
"552";"212U";"ungrazed";7;"2016";"summer";"2";"1";"B"
"553";"213G";"grazed";9;"2016";"summer";"2";"1";"B"
"554";"213U";"ungrazed";3;"2016";"summer";"2";"1";"B"
"555";"214G";"grazed";8;"2016";"summer";"2";"1";"B"
"556";"214U";"ungrazed";2;"2016";"summer";"2";"1";"B"
"557";"215G";"grazed";11;"2016";"summer";"2";"1";"B"
"558";"215U";"ungrazed";7;"2016";"summer";"2";"1";"B"
"559";"216G";"grazed";13;"2016";"summer";"2";"1";"B"
"560";"216U";"ungrazed";7;"2016";"summer";"2";"1";"B"
"561";"217G";"grazed";11;"2016";"summer";"2";"1";"B"
"562";"217U";"ungrazed";10;"2016";"summer";"2";"1";"B"
"563";"221G";"grazed";16;"2016";"summer";"2";"2";"B"
"564";"221U";"ungrazed";7;"2016";"summer";"2";"2";"B"
"565";"222G";"grazed";8;"2016";"summer";"2";"2";"B"
"566";"222U";"ungrazed";6;"2016";"summer";"2";"2";"B"
"567";"223G";"grazed";9;"2016";"summer";"2";"2";"B"
"568";"223U";"ungrazed";6;"2016";"summer";"2";"2";"B"
"569";"224G";"grazed";8;"2016";"summer";"2";"2";"B"
"570";"224U";"ungrazed";5;"2016";"summer";"2";"2";"B"
"571";"225G";"grazed";9;"2016";"summer";"2";"2";"B"
"572";"225U";"ungrazed";5;"2016";"summer";"2";"2";"B"
"573";"226G";"grazed";11;"2016";"summer";"2";"2";"B"
"574";"226U";"ungrazed";5;"2016";"summer";"2";"2";"B"
"575";"227G";"grazed";9;"2016";"summer";"2";"2";"B"
"576";"227U";"ungrazed";3;"2016";"summer";"2";"2";"B"
"577";"231G";"grazed";8;"2016";"summer";"2";"3";"B"
"578";"231U";"ungrazed";6;"2016";"summer";"2";"3";"B"
"579";"232G";"grazed";8;"2016";"summer";"2";"3";"B"
"580";"232U";"ungrazed";7;"2016";"summer";"2";"3";"B"
"581";"233G";"grazed";8;"2016";"summer";"2";"3";"B"
"582";"233U";"ungrazed";7;"2016";"summer";"2";"3";"B"
"583";"234G";"grazed";10;"2016";"summer";"2";"3";"B"
"584";"234U";"ungrazed";5;"2016";"summer";"2";"3";"B"
"585";"235G";"grazed";9;"2016";"summer";"2";"3";"B"
"586";"235U";"ungrazed";6;"2016";"summer";"2";"3";"B"
"587";"236G";"grazed";13;"2016";"summer";"2";"3";"B"
"588";"236U";"ungrazed";11;"2016";"summer";"2";"3";"B"
"589";"237G";"grazed";8;"2016";"summer";"2";"3";"B"
"590";"237U";"ungrazed";7;"2016";"summer";"2";"3";"B"
"591";"311G";"grazed";7;"2016";"summer";"3";"1";"B"
"592";"311U";"ungrazed";4;"2016";"summer";"3";"1";"B"
"593";"312G";"grazed";8;"2016";"summer";"3";"1";"B"
"594";"312U";"ungrazed";7;"2016";"summer";"3";"1";"B"
"595";"313G";"grazed";11;"2016";"summer";"3";"1";"B"
"596";"313U";"ungrazed";5;"2016";"summer";"3";"1";"B"
"597";"314G";"grazed";5;"2016";"summer";"3";"1";"B"
"598";"314U";"ungrazed";5;"2016";"summer";"3";"1";"B"
"599";"315G";"grazed";6;"2016";"summer";"3";"1";"B"
"600";"315U";"ungrazed";8;"2016";"summer";"3";"1";"B"
"601";"316G";"grazed";5;"2016";"summer";"3";"1";"B"
"602";"316U";"ungrazed";9;"2016";"summer";"3";"1";"B"
"603";"317G";"grazed";6;"2016";"summer";"3";"1";"B"
"604";"317U";"ungrazed";7;"2016";"summer";"3";"1";"B"
"605";"321G";"grazed";7;"2016";"summer";"3";"2";"B"
"606";"321U";"ungrazed";7;"2016";"summer";"3";"2";"B"
"607";"322G";"grazed";7;"2016";"summer";"3";"2";"B"
"608";"322U";"ungrazed";8;"2016";"summer";"3";"2";"B"
"609";"323G";"grazed";8;"2016";"summer";"3";"2";"B"
"610";"323U";"ungrazed";7;"2016";"summer";"3";"2";"B"
"611";"324G";"grazed";5;"2016";"summer";"3";"2";"B"
"612";"324U";"ungrazed";5;"2016";"summer";"3";"2";"B"
"613";"325G";"grazed";6;"2016";"summer";"3";"2";"B"
"614";"325U";"ungrazed";4;"2016";"summer";"3";"2";"B"
"615";"326G";"grazed";5;"2016";"summer";"3";"2";"B"
"616";"326U";"ungrazed";4;"2016";"summer";"3";"2";"B"
"617";"327G";"grazed";6;"2016";"summer";"3";"2";"B"
"618";"327U";"ungrazed";5;"2016";"summer";"3";"2";"B"
"619";"331G";"grazed";9;"2016";"summer";"3";"3";"B"
"620";"331U";"ungrazed";7;"2016";"summer";"3";"3";"B"
"621";"332G";"grazed";5;"2016";"summer";"3";"3";"B"
"622";"332U";"ungrazed";5;"2016";"summer";"3";"3";"B"
"623";"333G";"grazed";9;"2016";"summer";"3";"3";"B"
"624";"333U";"ungrazed";5;"2016";"summer";"3";"3";"B"
"625";"334G";"grazed";7;"2016";"summer";"3";"3";"B"
"626";"334U";"ungrazed";4;"2016";"summer";"3";"3";"B"
"627";"335G";"grazed";4;"2016";"summer";"3";"3";"B"
"628";"335U";"ungrazed";5;"2016";"summer";"3";"3";"B"
"629";"336G";"grazed";5;"2016";"summer";"3";"3";"B"
"630";"336U";"ungrazed";4;"2016";"summer";"3";"3";"B"
"631";"337G";"grazed";4;"2016";"summer";"3";"3";"B"
"632";"337U";"ungrazed";6;"2016";"summer";"3";"3";"B"
"633";"111G";"grazed";10;"2014";"autumn";"1";"1";"A"
"634";"111U";"ungrazed";8;"2014";"autumn";"1";"1";"A"
"635";"112G";"grazed";9;"2014";"autumn";"1";"1";"A"
"636";"112U";"ungrazed";12;"2014";"autumn";"1";"1";"A"
"637";"113G";"grazed";11;"2014";"autumn";"1";"1";"A"
"638";"113U";"ungrazed";10;"2014";"autumn";"1";"1";"A"
"639";"114G";"grazed";10;"2014";"autumn";"1";"1";"A"
"640";"114U";"ungrazed";10;"2014";"autumn";"1";"1";"A"
"641";"115G";"grazed";11;"2014";"autumn";"1";"1";"A"
"642";"115U";"ungrazed";7;"2014";"autumn";"1";"1";"A"
"643";"116G";"grazed";9;"2014";"autumn";"1";"1";"A"
"644";"116U";"ungrazed";7;"2014";"autumn";"1";"1";"A"
"645";"117G";"grazed";7;"2014";"autumn";"1";"1";"A"
"646";"117U";"ungrazed";10;"2014";"autumn";"1";"1";"A"
"647";"121G";"grazed";4;"2014";"autumn";"1";"2";"A"
"648";"121U";"ungrazed";8;"2014";"autumn";"1";"2";"A"
"649";"122G";"grazed";10;"2014";"autumn";"1";"2";"A"
"650";"122U";"ungrazed";7;"2014";"autumn";"1";"2";"A"
"651";"123G";"grazed";6;"2014";"autumn";"1";"2";"A"
"652";"123U";"ungrazed";11;"2014";"autumn";"1";"2";"A"
"653";"124G";"grazed";8;"2014";"autumn";"1";"2";"A"
"654";"124U";"ungrazed";8;"2014";"autumn";"1";"2";"A"
"655";"125G";"grazed";5;"2014";"autumn";"1";"2";"A"
"656";"125U";"ungrazed";7;"2014";"autumn";"1";"2";"A"
"657";"126G";"grazed";8;"2014";"autumn";"1";"2";"A"
"658";"126U";"ungrazed";6;"2014";"autumn";"1";"2";"A"
"659";"127G";"grazed";10;"2014";"autumn";"1";"2";"A"
"660";"127U";"ungrazed";7;"2014";"autumn";"1";"2";"A"
"661";"131G";"grazed";6;"2014";"autumn";"1";"3";"A"
"662";"131U";"ungrazed";6;"2014";"autumn";"1";"3";"A"
"663";"132G";"grazed";6;"2014";"autumn";"1";"3";"A"
"664";"132U";"ungrazed";7;"2014";"autumn";"1";"3";"A"
"665";"133G";"grazed";7;"2014";"autumn";"1";"3";"A"
"666";"133U";"ungrazed";6;"2014";"autumn";"1";"3";"A"
"667";"134G";"grazed";6;"2014";"autumn";"1";"3";"A"
"668";"134U";"ungrazed";8;"2014";"autumn";"1";"3";"A"
"669";"135G";"grazed";9;"2014";"autumn";"1";"3";"A"
"670";"135U";"ungrazed";8;"2014";"autumn";"1";"3";"A"
"671";"136G";"grazed";10;"2014";"autumn";"1";"3";"A"
"672";"136U";"ungrazed";8;"2014";"autumn";"1";"3";"A"
"673";"137G";"grazed";8;"2014";"autumn";"1";"3";"A"
"674";"137U";"ungrazed";15;"2014";"autumn";"1";"3";"A"
"675";"211G";"grazed";9;"2014";"autumn";"2";"1";"A"
"676";"211U";"ungrazed";5;"2014";"autumn";"2";"1";"A"
"677";"212G";"grazed";10;"2014";"autumn";"2";"1";"A"
"678";"212U";"ungrazed";7;"2014";"autumn";"2";"1";"A"
"679";"213G";"grazed";9;"2014";"autumn";"2";"1";"A"
"680";"213U";"ungrazed";5;"2014";"autumn";"2";"1";"A"
"681";"214G";"grazed";6;"2014";"autumn";"2";"1";"A"
"682";"214U";"ungrazed";4;"2014";"autumn";"2";"1";"A"
"683";"215G";"grazed";6;"2014";"autumn";"2";"1";"A"
"684";"215U";"ungrazed";6;"2014";"autumn";"2";"1";"A"
"685";"216G";"grazed";10;"2014";"autumn";"2";"1";"A"
"686";"216U";"ungrazed";8;"2014";"autumn";"2";"1";"A"
"687";"217G";"grazed";9;"2014";"autumn";"2";"1";"A"
"688";"217U";"ungrazed";9;"2014";"autumn";"2";"1";"A"
"689";"221G";"grazed";9;"2014";"autumn";"2";"2";"A"
"690";"221U";"ungrazed";8;"2014";"autumn";"2";"2";"A"
"691";"222G";"grazed";7;"2014";"autumn";"2";"2";"A"
"692";"222U";"ungrazed";7;"2014";"autumn";"2";"2";"A"
"693";"223G";"grazed";7;"2014";"autumn";"2";"2";"A"
"694";"223U";"ungrazed";5;"2014";"autumn";"2";"2";"A"
"695";"224G";"grazed";11;"2014";"autumn";"2";"2";"A"
"696";"224U";"ungrazed";6;"2014";"autumn";"2";"2";"A"
"697";"225G";"grazed";8;"2014";"autumn";"2";"2";"A"
"698";"225U";"ungrazed";6;"2014";"autumn";"2";"2";"A"
"699";"226G";"grazed";5;"2014";"autumn";"2";"2";"A"
"700";"226U";"ungrazed";8;"2014";"autumn";"2";"2";"A"
"701";"227G";"grazed";8;"2014";"autumn";"2";"2";"A"
"702";"227U";"ungrazed";5;"2014";"autumn";"2";"2";"A"
"703";"231G";"grazed";8;"2014";"autumn";"2";"3";"A"
"704";"231U";"ungrazed";5;"2014";"autumn";"2";"3";"A"
"705";"232G";"grazed";8;"2014";"autumn";"2";"3";"A"
"706";"232U";"ungrazed";6;"2014";"autumn";"2";"3";"A"
"707";"233G";"grazed";8;"2014";"autumn";"2";"3";"A"
"708";"233U";"ungrazed";8;"2014";"autumn";"2";"3";"A"
"709";"234G";"grazed";10;"2014";"autumn";"2";"3";"A"
"710";"234U";"ungrazed";7;"2014";"autumn";"2";"3";"A"
"711";"235G";"grazed";9;"2014";"autumn";"2";"3";"A"
"712";"235U";"ungrazed";7;"2014";"autumn";"2";"3";"A"
"713";"236G";"grazed";13;"2014";"autumn";"2";"3";"A"
"714";"236U";"ungrazed";9;"2014";"autumn";"2";"3";"A"
"715";"237G";"grazed";6;"2014";"autumn";"2";"3";"A"
"716";"237U";"ungrazed";5;"2014";"autumn";"2";"3";"A"
"717";"311G";"grazed";13;"2014";"autumn";"3";"1";"A"
"718";"311U";"ungrazed";9;"2014";"autumn";"3";"1";"A"
"719";"312G";"grazed";10;"2014";"autumn";"3";"1";"A"
"720";"312U";"ungrazed";7;"2014";"autumn";"3";"1";"A"
"721";"313G";"grazed";9;"2014";"autumn";"3";"1";"A"
"722";"313U";"ungrazed";5;"2014";"autumn";"3";"1";"A"
"723";"314G";"grazed";4;"2014";"autumn";"3";"1";"A"
"724";"314U";"ungrazed";6;"2014";"autumn";"3";"1";"A"
"725";"315G";"grazed";5;"2014";"autumn";"3";"1";"A"
"726";"315U";"ungrazed";3;"2014";"autumn";"3";"1";"A"
"727";"316G";"grazed";4;"2014";"autumn";"3";"1";"A"
"728";"316U";"ungrazed";5;"2014";"autumn";"3";"1";"A"
"729";"317G";"grazed";4;"2014";"autumn";"3";"1";"A"
"730";"317U";"ungrazed";6;"2014";"autumn";"3";"1";"A"
"731";"321G";"grazed";11;"2014";"autumn";"3";"2";"A"
"732";"321U";"ungrazed";9;"2014";"autumn";"3";"2";"A"
"733";"322G";"grazed";8;"2014";"autumn";"3";"2";"A"
"734";"322U";"ungrazed";4;"2014";"autumn";"3";"2";"A"
"735";"323G";"grazed";7;"2014";"autumn";"3";"2";"A"
"736";"323U";"ungrazed";6;"2014";"autumn";"3";"2";"A"
"737";"324G";"grazed";2;"2014";"autumn";"3";"2";"A"
"738";"324U";"ungrazed";3;"2014";"autumn";"3";"2";"A"
"739";"325G";"grazed";2;"2014";"autumn";"3";"2";"A"
"740";"325U";"ungrazed";2;"2014";"autumn";"3";"2";"A"
"741";"326G";"grazed";3;"2014";"autumn";"3";"2";"A"
"742";"326U";"ungrazed";5;"2014";"autumn";"3";"2";"A"
"743";"327G";"grazed";4;"2014";"autumn";"3";"2";"A"
"744";"327U";"ungrazed";4;"2014";"autumn";"3";"2";"A"
"745";"331G";"grazed";7;"2014";"autumn";"3";"3";"A"
"746";"331U";"ungrazed";7;"2014";"autumn";"3";"3";"A"
"747";"332G";"grazed";5;"2014";"autumn";"3";"3";"A"
"748";"332U";"ungrazed";5;"2014";"autumn";"3";"3";"A"
"749";"333G";"grazed";4;"2014";"autumn";"3";"3";"A"
"750";"333U";"ungrazed";5;"2014";"autumn";"3";"3";"A"
"751";"334G";"grazed";5;"2014";"autumn";"3";"3";"A"
"752";"334U";"ungrazed";6;"2014";"autumn";"3";"3";"A"
"753";"335G";"grazed";4;"2014";"autumn";"3";"3";"A"
"754";"335U";"ungrazed";7;"2014";"autumn";"3";"3";"A"
"755";"336G";"grazed";8;"2014";"autumn";"3";"3";"A"
"756";"336U";"ungrazed";7;"2014";"autumn";"3";"3";"A"
"757";"337G";"grazed";6;"2014";"autumn";"3";"3";"A"
"758";"337U";"ungrazed";5;"2014";"autumn";"3";"3";"A"
"759";"111G";"grazed";6;"2015";"autumn";"1";"1";"B"
"760";"111U";"ungrazed";8;"2015";"autumn";"1";"1";"B"
"761";"112G";"grazed";6;"2015";"autumn";"1";"1";"B"
"762";"112U";"ungrazed";7;"2015";"autumn";"1";"1";"B"
"763";"113G";"grazed";9;"2015";"autumn";"1";"1";"B"
"764";"113U";"ungrazed";8;"2015";"autumn";"1";"1";"B"
"765";"114G";"grazed";9;"2015";"autumn";"1";"1";"B"
"766";"114U";"ungrazed";6;"2015";"autumn";"1";"1";"B"
"767";"115G";"grazed";13;"2015";"autumn";"1";"1";"B"
"768";"115U";"ungrazed";7;"2015";"autumn";"1";"1";"B"
"769";"116G";"grazed";11;"2015";"autumn";"1";"1";"B"
"770";"116U";"ungrazed";7;"2015";"autumn";"1";"1";"B"
"771";"117G";"grazed";5;"2015";"autumn";"1";"1";"B"
"772";"117U";"ungrazed";8;"2015";"autumn";"1";"1";"B"
"773";"121G";"grazed";5;"2015";"autumn";"1";"2";"B"
"774";"121U";"ungrazed";6;"2015";"autumn";"1";"2";"B"
"775";"122G";"grazed";8;"2015";"autumn";"1";"2";"B"
"776";"122U";"ungrazed";5;"2015";"autumn";"1";"2";"B"
"777";"123G";"grazed";5;"2015";"autumn";"1";"2";"B"
"778";"123U";"ungrazed";7;"2015";"autumn";"1";"2";"B"
"779";"124G";"grazed";9;"2015";"autumn";"1";"2";"B"
"780";"124U";"ungrazed";6;"2015";"autumn";"1";"2";"B"
"781";"125G";"grazed";8;"2015";"autumn";"1";"2";"B"
"782";"125U";"ungrazed";8;"2015";"autumn";"1";"2";"B"
"783";"126G";"grazed";9;"2015";"autumn";"1";"2";"B"
"784";"126U";"ungrazed";5;"2015";"autumn";"1";"2";"B"
"785";"127G";"grazed";6;"2015";"autumn";"1";"2";"B"
"786";"127U";"ungrazed";5;"2015";"autumn";"1";"2";"B"
"787";"131G";"grazed";8;"2015";"autumn";"1";"3";"B"
"788";"131U";"ungrazed";8;"2015";"autumn";"1";"3";"B"
"789";"132G";"grazed";5;"2015";"autumn";"1";"3";"B"
"790";"132U";"ungrazed";7;"2015";"autumn";"1";"3";"B"
"791";"133G";"grazed";8;"2015";"autumn";"1";"3";"B"
"792";"133U";"ungrazed";5;"2015";"autumn";"1";"3";"B"
"793";"134G";"grazed";6;"2015";"autumn";"1";"3";"B"
"794";"134U";"ungrazed";7;"2015";"autumn";"1";"3";"B"
"795";"135G";"grazed";6;"2015";"autumn";"1";"3";"B"
"796";"135U";"ungrazed";7;"2015";"autumn";"1";"3";"B"
"797";"136G";"grazed";8;"2015";"autumn";"1";"3";"B"
"798";"136U";"ungrazed";6;"2015";"autumn";"1";"3";"B"
"799";"137G";"grazed";10;"2015";"autumn";"1";"3";"B"
"800";"137U";"ungrazed";11;"2015";"autumn";"1";"3";"B"
"801";"211G";"grazed";10;"2015";"autumn";"2";"1";"B"
"802";"211U";"ungrazed";5;"2015";"autumn";"2";"1";"B"
"803";"212G";"grazed";9;"2015";"autumn";"2";"1";"B"
"804";"212U";"ungrazed";4;"2015";"autumn";"2";"1";"B"
"805";"213G";"grazed";9;"2015";"autumn";"2";"1";"B"
"806";"213U";"ungrazed";3;"2015";"autumn";"2";"1";"B"
"807";"214G";"grazed";6;"2015";"autumn";"2";"1";"B"
"808";"214U";"ungrazed";2;"2015";"autumn";"2";"1";"B"
"809";"215G";"grazed";6;"2015";"autumn";"2";"1";"B"
"810";"215U";"ungrazed";7;"2015";"autumn";"2";"1";"B"
"811";"216G";"grazed";13;"2015";"autumn";"2";"1";"B"
"812";"216U";"ungrazed";7;"2015";"autumn";"2";"1";"B"
"813";"217G";"grazed";12;"2015";"autumn";"2";"1";"B"
"814";"217U";"ungrazed";4;"2015";"autumn";"2";"1";"B"
"815";"221G";"grazed";11;"2015";"autumn";"2";"2";"B"
"816";"221U";"ungrazed";9;"2015";"autumn";"2";"2";"B"
"817";"222G";"grazed";7;"2015";"autumn";"2";"2";"B"
"818";"222U";"ungrazed";9;"2015";"autumn";"2";"2";"B"
"819";"223G";"grazed";8;"2015";"autumn";"2";"2";"B"
"820";"223U";"ungrazed";6;"2015";"autumn";"2";"2";"B"
"821";"224G";"grazed";9;"2015";"autumn";"2";"2";"B"
"822";"224U";"ungrazed";5;"2015";"autumn";"2";"2";"B"
"823";"225G";"grazed";7;"2015";"autumn";"2";"2";"B"
"824";"225U";"ungrazed";6;"2015";"autumn";"2";"2";"B"
"825";"226G";"grazed";6;"2015";"autumn";"2";"2";"B"
"826";"226U";"ungrazed";4;"2015";"autumn";"2";"2";"B"
"827";"227G";"grazed";6;"2015";"autumn";"2";"2";"B"
"828";"227U";"ungrazed";3;"2015";"autumn";"2";"2";"B"
"829";"231G";"grazed";10;"2015";"autumn";"2";"3";"B"
"830";"231U";"ungrazed";9;"2015";"autumn";"2";"3";"B"
"831";"232G";"grazed";6;"2015";"autumn";"2";"3";"B"
"832";"232U";"ungrazed";7;"2015";"autumn";"2";"3";"B"
"833";"233G";"grazed";7;"2015";"autumn";"2";"3";"B"
"834";"233U";"ungrazed";6;"2015";"autumn";"2";"3";"B"
"835";"234G";"grazed";10;"2015";"autumn";"2";"3";"B"
"836";"234U";"ungrazed";5;"2015";"autumn";"2";"3";"B"
"837";"235G";"grazed";9;"2015";"autumn";"2";"3";"B"
"838";"235U";"ungrazed";6;"2015";"autumn";"2";"3";"B"
"839";"236G";"grazed";11;"2015";"autumn";"2";"3";"B"
"840";"236U";"ungrazed";10;"2015";"autumn";"2";"3";"B"
"841";"237G";"grazed";8;"2015";"autumn";"2";"3";"B"
"842";"237U";"ungrazed";5;"2015";"autumn";"2";"3";"B"
"843";"311G";"grazed";12;"2015";"autumn";"3";"1";"B"
"844";"311U";"ungrazed";6;"2015";"autumn";"3";"1";"B"
"845";"312G";"grazed";12;"2015";"autumn";"3";"1";"B"
"846";"312U";"ungrazed";6;"2015";"autumn";"3";"1";"B"
"847";"313G";"grazed";13;"2015";"autumn";"3";"1";"B"
"848";"313U";"ungrazed";4;"2015";"autumn";"3";"1";"B"
"849";"314G";"grazed";8;"2015";"autumn";"3";"1";"B"
"850";"314U";"ungrazed";4;"2015";"autumn";"3";"1";"B"
"851";"315G";"grazed";9;"2015";"autumn";"3";"1";"B"
"852";"315U";"ungrazed";6;"2015";"autumn";"3";"1";"B"
"853";"316G";"grazed";8;"2015";"autumn";"3";"1";"B"
"854";"316U";"ungrazed";5;"2015";"autumn";"3";"1";"B"
"855";"317G";"grazed";10;"2015";"autumn";"3";"1";"B"
"856";"317U";"ungrazed";4;"2015";"autumn";"3";"1";"B"
"857";"321G";"grazed";6;"2015";"autumn";"3";"2";"B"
"858";"321U";"ungrazed";9;"2015";"autumn";"3";"2";"B"
"859";"322G";"grazed";6;"2015";"autumn";"3";"2";"B"
"860";"322U";"ungrazed";6;"2015";"autumn";"3";"2";"B"
"861";"323G";"grazed";3;"2015";"autumn";"3";"2";"B"
"862";"323U";"ungrazed";6;"2015";"autumn";"3";"2";"B"
"863";"324G";"grazed";3;"2015";"autumn";"3";"2";"B"
"864";"324U";"ungrazed";2;"2015";"autumn";"3";"2";"B"
"865";"325G";"grazed";4;"2015";"autumn";"3";"2";"B"
"866";"325U";"ungrazed";3;"2015";"autumn";"3";"2";"B"
"867";"326G";"grazed";3;"2015";"autumn";"3";"2";"B"
"868";"326U";"ungrazed";5;"2015";"autumn";"3";"2";"B"
"869";"327G";"grazed";3;"2015";"autumn";"3";"2";"B"
"870";"327U";"ungrazed";6;"2015";"autumn";"3";"2";"B"
"871";"331G";"grazed";8;"2015";"autumn";"3";"3";"B"
"872";"331U";"ungrazed";9;"2015";"autumn";"3";"3";"B"
"873";"332G";"grazed";6;"2015";"autumn";"3";"3";"B"
"874";"332U";"ungrazed";6;"2015";"autumn";"3";"3";"B"
"875";"333G";"grazed";5;"2015";"autumn";"3";"3";"B"
"876";"333U";"ungrazed";4;"2015";"autumn";"3";"3";"B"
"877";"334G";"grazed";5;"2015";"autumn";"3";"3";"B"
"878";"334U";"ungrazed";5;"2015";"autumn";"3";"3";"B"
"879";"335G";"grazed";4;"2015";"autumn";"3";"3";"B"
"880";"335U";"ungrazed";7;"2015";"autumn";"3";"3";"B"
"881";"336G";"grazed";5;"2015";"autumn";"3";"3";"B"
"882";"336U";"ungrazed";6;"2015";"autumn";"3";"3";"B"
"883";"337G";"grazed";8;"2015";"autumn";"3";"3";"B"
"884";"337U";"ungrazed";4;"2015";"autumn";"3";"3";"B"
"885";"111G";"grazed";6;"2016";"autumn";"1";"1";"B"
"886";"111U";"ungrazed";7;"2016";"autumn";"1";"1";"B"
"887";"112G";"grazed";9;"2016";"autumn";"1";"1";"B"
"888";"112U";"ungrazed";6;"2016";"autumn";"1";"1";"B"
"889";"113G";"grazed";10;"2016";"autumn";"1";"1";"B"
"890";"113U";"ungrazed";7;"2016";"autumn";"1";"1";"B"
"891";"114G";"grazed";8;"2016";"autumn";"1";"1";"B"
"892";"114U";"ungrazed";6;"2016";"autumn";"1";"1";"B"
"893";"115G";"grazed";6;"2016";"autumn";"1";"1";"B"
"894";"115U";"ungrazed";9;"2016";"autumn";"1";"1";"B"
"895";"116G";"grazed";6;"2016";"autumn";"1";"1";"B"
"896";"116U";"ungrazed";6;"2016";"autumn";"1";"1";"B"
"897";"117G";"grazed";7;"2016";"autumn";"1";"1";"B"
"898";"117U";"ungrazed";9;"2016";"autumn";"1";"1";"B"
"899";"121G";"grazed";8;"2016";"autumn";"1";"2";"B"
"900";"121U";"ungrazed";3;"2016";"autumn";"1";"2";"B"
"901";"122G";"grazed";8;"2016";"autumn";"1";"2";"B"
"902";"122U";"ungrazed";7;"2016";"autumn";"1";"2";"B"
"903";"123G";"grazed";7;"2016";"autumn";"1";"2";"B"
"904";"123U";"ungrazed";6;"2016";"autumn";"1";"2";"B"
"905";"124G";"grazed";9;"2016";"autumn";"1";"2";"B"
"906";"124U";"ungrazed";4;"2016";"autumn";"1";"2";"B"
"907";"125G";"grazed";6;"2016";"autumn";"1";"2";"B"
"908";"125U";"ungrazed";7;"2016";"autumn";"1";"2";"B"
"909";"126G";"grazed";7;"2016";"autumn";"1";"2";"B"
"910";"126U";"ungrazed";7;"2016";"autumn";"1";"2";"B"
"911";"127G";"grazed";4;"2016";"autumn";"1";"2";"B"
"912";"127U";"ungrazed";6;"2016";"autumn";"1";"2";"B"
"913";"131G";"grazed";8;"2016";"autumn";"1";"3";"B"
"914";"131U";"ungrazed";5;"2016";"autumn";"1";"3";"B"
"915";"132G";"grazed";6;"2016";"autumn";"1";"3";"B"
"916";"132U";"ungrazed";6;"2016";"autumn";"1";"3";"B"
"917";"133G";"grazed";7;"2016";"autumn";"1";"3";"B"
"918";"133U";"ungrazed";7;"2016";"autumn";"1";"3";"B"
"919";"134G";"grazed";7;"2016";"autumn";"1";"3";"B"
"920";"134U";"ungrazed";4;"2016";"autumn";"1";"3";"B"
"921";"135G";"grazed";7;"2016";"autumn";"1";"3";"B"
"922";"135U";"ungrazed";6;"2016";"autumn";"1";"3";"B"
"923";"136G";"grazed";7;"2016";"autumn";"1";"3";"B"
"924";"136U";"ungrazed";5;"2016";"autumn";"1";"3";"B"
"925";"137G";"grazed";8;"2016";"autumn";"1";"3";"B"
"926";"137U";"ungrazed";10;"2016";"autumn";"1";"3";"B"
"927";"211G";"grazed";7;"2016";"autumn";"2";"1";"B"
"928";"211U";"ungrazed";6;"2016";"autumn";"2";"1";"B"
"929";"212G";"grazed";10;"2016";"autumn";"2";"1";"B"
"930";"212U";"ungrazed";8;"2016";"autumn";"2";"1";"B"
"931";"213G";"grazed";12;"2016";"autumn";"2";"1";"B"
"932";"213U";"ungrazed";3;"2016";"autumn";"2";"1";"B"
"933";"214G";"grazed";5;"2016";"autumn";"2";"1";"B"
"934";"214U";"ungrazed";2;"2016";"autumn";"2";"1";"B"
"935";"215G";"grazed";7;"2016";"autumn";"2";"1";"B"
"936";"215U";"ungrazed";5;"2016";"autumn";"2";"1";"B"
"937";"216G";"grazed";14;"2016";"autumn";"2";"1";"B"
"938";"216U";"ungrazed";5;"2016";"autumn";"2";"1";"B"
"939";"217G";"grazed";10;"2016";"autumn";"2";"1";"B"
"940";"217U";"ungrazed";7;"2016";"autumn";"2";"1";"B"
"941";"221G";"grazed";12;"2016";"autumn";"2";"2";"B"
"942";"221U";"ungrazed";4;"2016";"autumn";"2";"2";"B"
"943";"222G";"grazed";6;"2016";"autumn";"2";"2";"B"
"944";"222U";"ungrazed";7;"2016";"autumn";"2";"2";"B"
"945";"223G";"grazed";8;"2016";"autumn";"2";"2";"B"
"946";"223U";"ungrazed";6;"2016";"autumn";"2";"2";"B"
"947";"224G";"grazed";8;"2016";"autumn";"2";"2";"B"
"948";"224U";"ungrazed";5;"2016";"autumn";"2";"2";"B"
"949";"225G";"grazed";7;"2016";"autumn";"2";"2";"B"
"950";"225U";"ungrazed";5;"2016";"autumn";"2";"2";"B"
"951";"226G";"grazed";7;"2016";"autumn";"2";"2";"B"
"952";"226U";"ungrazed";6;"2016";"autumn";"2";"2";"B"
"953";"227G";"grazed";8;"2016";"autumn";"2";"2";"B"
"954";"227U";"ungrazed";3;"2016";"autumn";"2";"2";"B"
"955";"231G";"grazed";6;"2016";"autumn";"2";"3";"B"
"956";"231U";"ungrazed";3;"2016";"autumn";"2";"3";"B"
"957";"232G";"grazed";7;"2016";"autumn";"2";"3";"B"
"958";"232U";"ungrazed";8;"2016";"autumn";"2";"3";"B"
"959";"233G";"grazed";7;"2016";"autumn";"2";"3";"B"
"960";"233U";"ungrazed";7;"2016";"autumn";"2";"3";"B"
"961";"234G";"grazed";8;"2016";"autumn";"2";"3";"B"
"962";"234U";"ungrazed";5;"2016";"autumn";"2";"3";"B"
"963";"235G";"grazed";7;"2016";"autumn";"2";"3";"B"
"964";"235U";"ungrazed";3;"2016";"autumn";"2";"3";"B"
"965";"236G";"grazed";7;"2016";"autumn";"2";"3";"B"
"966";"236U";"ungrazed";7;"2016";"autumn";"2";"3";"B"
"967";"237G";"grazed";7;"2016";"autumn";"2";"3";"B"
"968";"237U";"ungrazed";4;"2016";"autumn";"2";"3";"B"
"969";"311G";"grazed";9;"2016";"autumn";"3";"1";"B"
"970";"311U";"ungrazed";5;"2016";"autumn";"3";"1";"B"
"971";"312G";"grazed";8;"2016";"autumn";"3";"1";"B"
"972";"312U";"ungrazed";4;"2016";"autumn";"3";"1";"B"
"973";"313G";"grazed";6;"2016";"autumn";"3";"1";"B"
"974";"313U";"ungrazed";4;"2016";"autumn";"3";"1";"B"
"975";"314G";"grazed";3;"2016";"autumn";"3";"1";"B"
"976";"314U";"ungrazed";6;"2016";"autumn";"3";"1";"B"
"977";"315G";"grazed";5;"2016";"autumn";"3";"1";"B"
"978";"315U";"ungrazed";5;"2016";"autumn";"3";"1";"B"
"979";"316G";"grazed";4;"2016";"autumn";"3";"1";"B"
"980";"316U";"ungrazed";6;"2016";"autumn";"3";"1";"B"
"981";"317G";"grazed";4;"2016";"autumn";"3";"1";"B"
"982";"317U";"ungrazed";5;"2016";"autumn";"3";"1";"B"
"983";"321G";"grazed";8;"2016";"autumn";"3";"2";"B"
"984";"321U";"ungrazed";6;"2016";"autumn";"3";"2";"B"
"985";"322G";"grazed";7;"2016";"autumn";"3";"2";"B"
"986";"322U";"ungrazed";6;"2016";"autumn";"3";"2";"B"
"987";"323G";"grazed";3;"2016";"autumn";"3";"2";"B"
"988";"323U";"ungrazed";7;"2016";"autumn";"3";"2";"B"
"989";"324G";"grazed";2;"2016";"autumn";"3";"2";"B"
"990";"324U";"ungrazed";5;"2016";"autumn";"3";"2";"B"
"991";"325G";"grazed";6;"2016";"autumn";"3";"2";"B"
"992";"325U";"ungrazed";6;"2016";"autumn";"3";"2";"B"
"993";"326G";"grazed";5;"2016";"autumn";"3";"2";"B"
"994";"326U";"ungrazed";5;"2016";"autumn";"3";"2";"B"
"995";"327G";"grazed";4;"2016";"autumn";"3";"2";"B"
"996";"327U";"ungrazed";5;"2016";"autumn";"3";"2";"B"
"997";"331G";"grazed";6;"2016";"autumn";"3";"3";"B"
"998";"331U";"ungrazed";6;"2016";"autumn";"3";"3";"B"
"999";"332G";"grazed";6;"2016";"autumn";"3";"3";"B"
"1000";"332U";"ungrazed";4;"2016";"autumn";"3";"3";"B"
"1001";"333G";"grazed";5;"2016";"autumn";"3";"3";"B"
"1002";"333U";"ungrazed";6;"2016";"autumn";"3";"3";"B"
"1003";"334G";"grazed";6;"2016";"autumn";"3";"3";"B"
"1004";"334U";"ungrazed";3;"2016";"autumn";"3";"3";"B"
"1005";"335G";"grazed";4;"2016";"autumn";"3";"3";"B"
"1006";"335U";"ungrazed";5;"2016";"autumn";"3";"3";"B"
"1007";"336G";"grazed";4;"2016";"autumn";"3";"3";"B"
"1008";"336U";"ungrazed";5;"2016";"autumn";"3";"3";"B"
"1009";"337G";"grazed";3;"2016";"autumn";"3";"3";"B"
"1010";"337U";"ungrazed";6;"2016";"autumn";"3";"3";"B"
