"";"treatment";"enclosure";"exclosure";"but.eat";"but.rest";"but.sps";"bumb.eat";"bumb.sps";"num.species"
"1";"grazed";1;1;0;0;0;0;0;8,9921875
"2";"grazed";1;1;10;3;4;95;4;8,9921875
"3";"grazed";1;1;0;0;0;14;3;8,9921875
"4";"grazed";1;1;0;0;0;0;0;8,9921875
"5";"grazed";1;1;0;0;0;0;0;8,9921875
"6";"ungrazed";1;1;0;0;0;13;1;7,57731958762887
"7";"ungrazed";1;1;2;0;2;20;1;7,57731958762887
"8";"ungrazed";1;1;0;0;0;17;2;7,57731958762887
"9";"ungrazed";1;1;0;0;0;0;0;7,57731958762887
"10";"ungrazed";1;1;0;0;0;0;1;7,57731958762887
"11";"grazed";1;2;0;0;0;0;0;8,42857142857143
"12";"grazed";1;2;0;1;1;0;0;8,42857142857143
"13";"grazed";1;2;0;1;1;205;2;8,42857142857143
"14";"grazed";1;2;0;0;0;12;2;8,42857142857143
"15";"grazed";1;2;0;0;0;46;1;8,42857142857143
"16";"grazed";1;2;1;1;2;188;3;8,42857142857143
"17";"ungrazed";1;2;0;0;0;0;0;6,69230769230769
"18";"ungrazed";1;2;0;0;0;0;0;6,69230769230769
"19";"ungrazed";1;2;0;0;0;0;0;6,69230769230769
"20";"ungrazed";1;2;0;0;0;9;1;6,69230769230769
"21";"ungrazed";1;2;0;1;1;0;0;6,69230769230769
"22";"ungrazed";1;2;0;2;1;3;1;6,69230769230769
"23";"grazed";1;3;0;0;0;4;1;9,24822695035461
"24";"grazed";1;3;2;4;4;92;5;9,24822695035461
"25";"grazed";1;3;0;0;0;2;1;9,24822695035461
"26";"grazed";1;3;0;0;0;177;5;9,24822695035461
"27";"grazed";1;3;0;0;0;2;1;9,24822695035461
"28";"grazed";1;3;1;2;2;165;3;9,24822695035461
"29";"grazed";1;3;0;0;0;0;0;9,24822695035461
"30";"ungrazed";1;3;0;0;0;0;0;8,16494845360825
"31";"ungrazed";1;3;0;0;0;24;2;8,16494845360825
"32";"ungrazed";1;3;0;0;0;0;0;8,16494845360825
"33";"ungrazed";1;3;0;0;0;0;0;8,16494845360825
"34";"ungrazed";1;3;0;2;1;0;0;8,16494845360825
"35";"ungrazed";1;3;0;0;0;0;0;8,16494845360825
"36";"ungrazed";1;3;0;0;0;0;0;8,16494845360825
"37";"grazed";2;4;0;0;0;26;3;10,3020134228188
"38";"grazed";2;4;0;0;0;13;3;10,3020134228188
"39";"grazed";2;4;8;0;5;165;4;10,3020134228188
"40";"grazed";2;4;0;0;0;3;1;10,3020134228188
"41";"grazed";2;4;6;1;3;60;4;10,3020134228188
"42";"grazed";2;4;2;0;1;0;0;10,3020134228188
"43";"ungrazed";2;4;0;0;0;3;1;6,44303797468354
"44";"ungrazed";2;4;0;0;0;16;2;6,44303797468354
"45";"ungrazed";2;4;1;0;0;0;0;6,44303797468354
"46";"ungrazed";2;4;0;0;0;0;0;6,44303797468354
"47";"ungrazed";2;4;0;0;0;0;0;6,44303797468354
"48";"ungrazed";2;4;0;0;0;0;0;6,44303797468354
"49";"grazed";2;5;0;0;0;19;2;9,59259259259259
"50";"grazed";2;5;0;2;1;63;4;9,59259259259259
"51";"grazed";2;5;0;0;0;110;3;9,59259259259259
"52";"grazed";2;5;9;2;3;62;3;9,59259259259259
"53";"grazed";2;5;0;0;0;23;2;9,59259259259259
"54";"grazed";2;5;0;0;0;45;3;9,59259259259259
"55";"ungrazed";2;5;0;1;1;1;1;5,72972972972973
"56";"ungrazed";2;5;0;1;1;0;0;5,72972972972973
"57";"ungrazed";2;5;0;0;0;2;1;5,72972972972973
"58";"ungrazed";2;5;0;0;0;4;2;5,72972972972973
"59";"ungrazed";2;5;0;0;0;0;0;5,72972972972973
"60";"ungrazed";2;5;0;0;0;3;1;5,72972972972973
"61";"grazed";2;6;0;0;0;69;3;9,33766233766234
"62";"grazed";2;6;0;0;0;0;0;9,33766233766234
"63";"grazed";2;6;1;1;1;106;3;9,33766233766234
"64";"grazed";2;6;0;0;0;0;1;9,33766233766234
"65";"grazed";2;6;0;1;1;5;1;9,33766233766234
"66";"grazed";2;6;0;1;1;9;1;9,33766233766234
"67";"ungrazed";2;6;0;0;0;0;0;7,44339622641509
"68";"ungrazed";2;6;0;0;0;3;1;7,44339622641509
"69";"ungrazed";2;6;0;0;0;0;0;7,44339622641509
"70";"ungrazed";2;6;0;0;0;1;1;7,44339622641509
"71";"ungrazed";2;6;0;0;0;0;0;7,44339622641509
"72";"ungrazed";2;6;0;0;0;0;0;7,44339622641509
"73";"grazed";3;7;0;1;1;0;0;8,53781512605042
"74";"grazed";3;7;0;0;0;0;0;8,53781512605042
"75";"grazed";3;7;4;1;2;5;2;8,53781512605042
"76";"grazed";3;7;0;0;0;0;0;8,53781512605042
"77";"grazed";3;7;0;0;0;0;0;8,53781512605042
"78";"grazed";3;7;0;0;0;0;0;8,53781512605042
"79";"ungrazed";3;7;0;0;0;8;1;6,35164835164835
"80";"ungrazed";3;7;0;0;0;12;1;6,35164835164835
"81";"ungrazed";3;7;0;0;0;0;0;6,35164835164835
"82";"ungrazed";3;7;0;0;0;16;1;6,35164835164835
"83";"ungrazed";3;7;8;1;2;0;0;6,35164835164835
"84";"ungrazed";3;7;0;0;0;3;1;6,35164835164835
"85";"grazed";3;8;0;0;0;1;1;6,80952380952381
"86";"grazed";3;8;0;7;1;209;1;6,80952380952381
"87";"grazed";3;8;0;0;0;3;1;6,80952380952381
"88";"grazed";3;8;8;12;1;0;0;6,80952380952381
"89";"grazed";3;8;0;14;1;0;0;6,80952380952381
"90";"grazed";3;8;2;9;2;61;1;6,80952380952381
"91";"ungrazed";3;8;0;2;1;0;0;6,04651162790698
"92";"ungrazed";3;8;0;0;0;0;0;6,04651162790698
"93";"ungrazed";3;8;0;1;1;0;0;6,04651162790698
"94";"ungrazed";3;8;0;0;0;0;0;6,04651162790698
"95";"ungrazed";3;8;0;0;0;0;0;6,04651162790698
"96";"ungrazed";3;8;0;0;0;0;0;6,04651162790698
"97";"grazed";3;9;0;0;0;101;4;6,18085106382979
"98";"grazed";3;9;0;0;0;142;2;6,18085106382979
"99";"grazed";3;9;0;0;0;6;1;6,18085106382979
"100";"grazed";3;9;0;1;1;1;1;6,18085106382979
"101";"grazed";3;9;0;0;0;5;1;6,18085106382979
"102";"grazed";3;9;0;0;0;0;0;6,18085106382979
"103";"ungrazed";3;9;0;0;0;0;0;5,59770114942529
"104";"ungrazed";3;9;0;0;0;0;0;5,59770114942529
"105";"ungrazed";3;9;0;0;0;0;0;5,59770114942529
"106";"ungrazed";3;9;0;0;0;0;0;5,59770114942529
"107";"ungrazed";3;9;0;0;0;0;0;5,59770114942529
"108";"ungrazed";3;9;0;0;0;0;0;5,59770114942529
