timestamp,transect.ID,chamber.ID,flux_ID,Flux_NEE_ER,Flux_GPP,Flux_CH4,par_final,pres.ch.win,Tair.ch.win,rH.ch.win,Tsoil05,Tsoil15,Tsoil25,Tsoil35,Soil.Moisture..7.5cm_cor_t1,Soil.Moisture..15cm_cor_t1
7/8/19 12:36,1,3,NEE,-12.6844165,-24.06938249,0.054445221,1505.168,1014.493705,NA,0.634081967,18.04696774,8.383096774,4.006451613,0.599419355,62.31974194,64.09051546
7/8/19 12:40,1,3,NEE,-10.95924244,-22.34411054,0.04900066,1505.168,1014.484983,NA,0.608561983,18.02068323,8.402981366,4.01,0.614347826,62.22006211,64.14828402
7/8/19 12:44,1,3,NEE,-8.046276403,-16.45897962,0.033024209,1505.168,1014.500364,NA,67.1725,17.97097938,8.418298969,4.00742268,0.601494845,62.15082474,64.07448087
7/8/19 12:50,1,3,ER,11.96548751,NA,0.047683882,0.662370432,1014.521211,NA,-1.314157895,17.89877358,8.427075472,4.005660377,0.608018868,62.25584906,64.30348148
7/8/19 12:54,1,3,ER,11.15074373,NA,0.049161699,0.750002403,1014.531889,NA,-1.795010101,17.767875,8.44625,4.003125,0.6111875,62.18625,64.24935484
7/8/19 12:58,1,2,NEE,-18.2477841,-27.57363078,0.192195353,780.7143506,1014.53327,NA,-1.656651685,17.72,8.45,4.01,0.612743363,62.26221239,63.84237113
7/8/19 13:02,1,2,NEE,-15.34087215,-24.66649534,0.217409632,830.2171509,1014.548321,NA,-1.689858491,17.68952941,8.464470588,4.004058824,0.612941176,62.18423529,63.83891566
7/8/19 13:06,1,2,NEE,-17.09523632,-26.42082661,0.198378398,886.893011,1014.570868,NA,-1.699736264,17.68,8.481408451,4.002816901,0.616197183,62.15478873,63.80203125
7/8/19 13:10,1,2,ER,8.129218776,NA,0.187178988,1.258399505,1014.609593,15.78648352,55.2527033,17.67940678,8.49,4.01,0.615423729,62.48161017,63.88620915
7/8/19 13:15,1,2,ER,7.088431822,NA,0.151885256,1.88751067,1014.54634,25.7939,65.6935,17.68,8.504180328,4.01,0.612540984,62.54114754,63.72491979
7/8/19 13:19,1,1,NEE,-10.02070957,-19.15373421,0.2347208,1437.076317,1014.471,27.28666667,70.06740741,17.67921875,8.51828125,4.00890625,0.6153125,62.270625,63.80041667
7/8/19 13:23,1,1,NEE,-9.273695868,-18.3945669,0.266138752,1416.19782,1014.471,27.687,64.3378,17.65,8.52173913,4.001304348,0.62,62.18391304,63.56303797
7/8/19 13:27,1,1,NEE,-9.018706713,-18.11516256,0.263342175,1483.683739,1014.471,28.49445652,71.69923913,17.66551724,8.546034483,4.01,0.615689655,62.36086207,64.07272727
7/8/19 13:30,1,1,ER,9.067363759,NA,0.256112815,1.289265901,1014.437926,27.07135802,72.00419753,17.68319328,8.55,4.01,0.614789916,62.38369748,63.88923567
7/8/19 13:34,1,1,ER,9.237395206,NA,0.525488379,0.928262272,1014.39489,26.20695122,71.07243902,17.72808333,8.552416667,4.00675,0.62,62.46116667,63.73113636
7/8/19 13:38,1,1,NEE,-9.698081494,-18.81342918,NA,1348.119676,1014.38025,27.84236111,69.27166667,17.74968,8.58192,4.0108,0.62,62.2796,63.78254438
7/8/19 13:42,1,3,NEE,-10.89268828,-19.92186082,0.032437609,1501.587342,1014.242521,28.72383562,63.54438356,17.73754098,8.586721311,4.01,0.62,62.21934426,63.95111111
7/8/19 13:45,1,3,NEE,-10.299108,-19.32058743,0.040918994,1529.920421,1014.333347,29.00831579,62.262,17.74831933,8.59,4.01,0.62,62.25134454,63.86076923
7/8/19 13:49,1,3,ER,9.094362198,NA,0.045947948,0.629020436,1014.304551,27.03188406,63.88246377,17.7532,8.61112,4.01,0.6176,62.2328,63.79040541
7/8/19 13:53,1,3,ER,9.102309458,NA,0.048959385,0.629016558,1014.309974,25.865,60.34513158,17.74874016,8.62,4.006850394,0.62,62.11393701,63.69194245
7/8/19 13:57,1,2,NEE,-8.000436189,-16.10946536,0.164013285,1407.899226,1014.303393,26.72607143,70.62,17.74965217,8.62,4.01,0.61826087,62.84217391,63.78410959
7/8/19 14:00,1,2,NEE,-13.0620178,-21.15788411,0.167815089,1405.321096,1014.300892,27.21289157,66.7853012,17.72084034,8.645042017,4.01,0.610756303,62.74176471,63.51685185
7/8/19 14:04,1,2,NEE,-14.0266093,-22.11122892,0.178896677,1410.477356,1014.314701,27.63482759,66.37712644,17.70084034,8.66,4.01,0.62,62.80445378,63.45067485
7/8/19 14:08,1,2,ER,8.412845504,NA,0.245340555,1.258027323,1014.145092,26.34553846,70.22461538,17.66383117,8.663441558,4.016493506,0.62038961,62.84337662,63.32793548
7/8/19 14:13,1,2,ER,7.853968729,NA,0.177545439,1.57538427,1014.169685,25.1827027,64.90477477,17.65,8.681506024,4.01,0.624216867,62.78192771,62.95647059
7/8/19 14:17,1,1,NEE,-7.645431979,-16.51041853,0.259776377,1276.931321,1014.249167,28.72615385,74.98512821,17.63237113,8.693402062,4.010515464,0.62,63.05252577,64.09051546
7/8/19 14:22,1,1,NEE,-8.262342852,-17.14041832,0.231181344,1211.678964,1014.205153,28.26801802,66.95324324,17.62059172,8.706213018,4.011183432,0.622366864,62.95775148,64.14828402
7/8/19 14:26,1,1,NEE,-9.124821094,-17.98511088,0.249096604,1214.052082,1014.198959,28.87122449,70.9194898,17.62,8.724918033,4.010546448,0.62010929,62.89754098,64.07448087
7/8/19 14:31,1,1,ER,8.814123891,NA,0.239613453,1.275633113,1014.107254,27.22521127,73.24690141,17.61740741,8.725703704,4.010740741,0.62,62.92459259,64.30348148
7/8/19 14:35,1,1,ER,9.028794776,NA,0.246432834,1.828979667,1014.135,26.34034483,72.7362069,17.60596774,8.757849462,4.014032258,0.62,63.06688172,64.24935484
7/8/19 14:39,1,3,NEE,-6.366803912,-13.78416772,0.051470025,1203.765736,1014.135,29.02958333,70.37013889,17.58,8.764587629,4.020257732,0.625257732,NA,63.84237113
7/8/19 14:44,1,3,NEE,-8.683734504,-16.09404842,0.036985197,1193.598963,1014.134407,29.31688889,59.85518519,17.55819277,8.778433735,4.016024096,0.62,NA,63.83891566
7/8/19 14:48,1,3,NEE,-10.5463474,-17.94356554,0.033658117,1182.408741,1014.114948,29.84655172,59.23413793,17.55,8.789140625,4.02625,0.623203125,NA,63.80203125
7/8/19 14:54,1,3,ER,8.020274552,NA,0.047535615,1.886733017,1014.082624,26.42504274,55.74794872,17.52555556,8.803921569,4.030130719,0.624575163,NA,63.88620915
7/8/19 14:58,1,3,ER,6.951745607,NA,0.041446953,2.492818291,1013.993782,26.00709091,53.72618182,17.51,8.818503401,4.035918367,0.624761905,NA,63.301625
7/8/19 15:02,1,2,NEE,-11.41382205,-19.43086786,0.17918426,1116.951099,1013.973406,28.5660396,73.46594059,17.48935829,8.83,4.035721925,0.620641711,NA,63.72491979
7/8/19 15:07,1,2,NEE,-11.65660886,-19.66156609,0.164303663,1089.59037,1014.009222,29.03234568,61.63,17.47791667,8.833055556,4.033055556,0.627152778,NA,63.80041667
7/8/19 15:15,1,2,ER,8.196864862,NA,0.174732358,1.25798276,1014.111066,27.45586777,64.42694215,17.41911392,8.858101266,4.039936709,0.623797468,NA,63.56303797
7/8/19 15:19,1,2,ER,7.927407577,NA,0.176386456,1.257934063,1013.973,26.32375,59.169375,17.40530303,8.870833333,4.036969697,0.620075758,63.06666667,64.07272727
7/8/19 15:23,1,1,NEE,-9.152056114,-18.05660497,NA,1065.697654,1013.973,27.80592593,59.83234568,17.38115,8.8844,4.0325,0.62,62.7858,63.01785276
7/8/19 15:27,1,1,NEE,-7.733280055,-16.60472197,0.450045148,980.8259876,1013.844975,28.89090909,63.80991736,17.35169697,8.9,4.04,0.627757576,62.87175758,63.18461078
7/8/19 15:31,1,1,NEE,-8.745718172,-17.61202814,0.360005462,1012.100078,1013.859284,29.07,59.32948276,17.34,8.900275862,4.04,0.626689655,62.64386207,63.05928058
7/8/19 15:36,1,1,ER,9.489599819,NA,NA,1.257828,1013.861947,28.02315789,55.10342105,17.35188889,8.912111111,4.042,0.623444444,62.59611111,62.93949275
7/8/19 15:38,1,1,ER,8.351527605,NA,0.371982006,1.2578,1013.730727,26.29581818,62.844,17.35233083,8.927368421,4.04,0.626165414,62.49714286,62.9747619
7/8/19 15:42,1,1,NEE,-12.44928611,-21.36959953,NA,1031.029,1013.732927,27.20292683,55.49463415,17.36834862,8.93,4.04,0.635779817,62.52201835,63.20121739
7/8/19 15:45,1,3,NEE,-8.790493199,-18.02989121,0.045363324,968.7321066,1013.739213,28.17278689,58.30754098,17.37372727,8.93,4.040909091,0.634454545,62.72090909,63.2197006
7/8/19 15:48,1,3,NEE,-7.40518119,-16.64645103,0.067102779,1019.042256,1013.745622,28.11365854,57.58609756,17.35294643,8.932678571,4.042678571,0.628035714,62.58544643,63.06833333
7/8/19 15:51,1,3,ER,10.16476658,NA,0.059637817,0.616721862,1013.648212,26.63057692,60.90692308,17.34275229,8.943302752,4.04,0.639816514,62.45963303,63.14033613
7/8/19 15:54,1,3,ER,8.426959506,NA,0.047817262,0.628802726,1013.636418,25.9321978,59.37351648,17.33591667,8.948166667,4.0425,0.634916667,62.48933333,63.18454545
7/8/19 15:58,1,2,NEE,-12.01975169,-19.22131272,0.177602979,996.3124339,1013.711491,27.10363636,69.78436364,17.34,8.959065421,4.042803738,0.622990654,62.62196262,63.35121547
7/8/19 16:00,1,2,NEE,-12.59077311,-19.77800649,0.178482461,998.5434121,1013.711154,27.70208791,61.34131868,17.33617391,8.96,4.042608696,0.636956522,62.55947826,63.53333333
7/8/19 16:03,1,2,NEE,-12.08303934,-19.26310111,0.187936978,994.0814556,1013.724889,28.00666667,62.32125,17.31,8.962058824,4.045,0.631862745,62.5654902,63.41846715
7/8/19 16:07,1,2,ER,7.855390809,NA,0.180157462,1.257693,1013.643211,26.84631579,64.36561404,17.27926606,8.98,4.045688073,0.631926606,62.4359633,63.45755102
7/8/19 16:10,1,2,ER,6.575243073,NA,NA,1.257682431,1013.649,26.11215686,61.50333333,17.2601,8.9941,4.053,0.635,62.6612,63.40807692
7/8/19 16:14,1,1,NEE,-8.265908027,-17.10987857,0.306756361,857.1151908,1013.649,28.289,64.36571429,17.2374359,9,4.063675214,0.629487179,62.61547009,63.20204082
7/8/19 16:17,1,1,NEE,-7.813828953,-16.66399073,0.259986106,868.09206,1013.649,28.078125,62.7725,17.22990741,9.005925926,4.056481481,0.633611111,62.47740741,63.27631579
7/8/19 16:19,1,1,NEE,-8.364089033,-17.21744201,0.286597994,910.564374,1013.631,27.9642,65.0744,17.21756303,9.018235294,4.063613445,0.63907563,62.63907563,63.39759494
7/8/19 16:23,1,1,ER,9.287878398,NA,0.311086576,1.257488,1013.64,27.10354167,63.379375,17.23021505,9.025698925,4.068924731,0.631182796,62.55301075,63.28984733
7/8/19 16:26,1,1,ER,8.481881275,NA,0.309630353,1.056273043,1013.782347,26.71586667,60.0844,17.23420635,9.03,4.065634921,0.646746032,62.3852381,63.38244094
7/8/19 16:31,1,3,NEE,-8.120328978,-15.04030791,0.049480632,837.6328159,1013.793784,28.28522727,62.32875,17.22210191,9.033057325,4.069363057,0.64133758,62.36783439,63.88923567
7/8/19 16:34,1,3,NEE,-12.52115157,-22.91140673,0.063396923,923.4139152,1013.790304,NA,-7.882521739,17.20431818,9.047954545,4.07,0.647159091,62.38329545,63.73113636
7/8/19 16:38,1,3,NEE,-11.73195295,-20.41778428,0.043407996,923.5870971,1013.643118,NA,-1.110833333,17.18573964,9.067633136,4.07,0.647514793,62.72343195,63.78254438
7/8/19 16:43,1,3,ER,9.38312384,NA,0.038815837,1.036391864,1013.586121,NA,-1.511164835,17.15830409,9.07,4.07,0.643567251,62.58274854,63.95111111
7/8/19 16:48,1,3,ER,6.435571339,NA,0.027463779,1.086995006,1013.53069,25.22217054,57.46069767,17.11692308,9.079038462,4.069358974,0.645192308,62.4174359,63.86076923
7/8/19 16:52,1,2,NEE,-11.07987046,-17.97186788,0.196721853,854.5266009,1013.491805,28.40486726,67.06318584,17.08804054,9.091216216,4.07,0.643918919,62.29027027,63.79040541
7/8/19 16:55,1,2,NEE,-10.15154728,-17.01598582,0.190081193,727.9897787,1013.486461,29.61393258,57.43865169,17.07302158,9.097841727,4.080071942,0.639208633,62.35618705,63.69194245
7/8/19 16:59,1,2,NEE,-11.45710773,-18.32437883,0.177016041,535.6941435,1013.486,29.48891304,51.76434783,17.02082192,9.1,4.070753425,0.647260274,62.58684932,63.78410959
7/8/19 17:05,1,2,ER,7.385721438,NA,0.167539516,1.257790085,1013.486,24.40169014,63.77549296,16.86462963,9.112685185,4.083981481,0.648148148,62.53314815,63.51685185
7/8/19 17:09,1,2,ER,6.603670447,NA,0.17778644,0.754680624,1013.486,23.49912,65.69216,16.70588957,9.127607362,4.086871166,0.646871166,62.37883436,63.45067485
7/8/19 17:14,1,2,NEE,-5.172506387,-12.17381987,0.277684046,473.1855,1013.486,23.69479452,72.39945205,16.55372881,9.14,4.103389831,0.65,63.07429379,63.29986014
7/8/19 17:19,1,1,NEE,-3.808946912,-11.70182336,0.247347213,337.7782161,1013.486,23.59035714,70.44696429,16.45975806,9.140806452,4.104435484,0.647580645,62.95790323,63.57765152
7/8/19 17:24,1,1,NEE,0,-7.90807636,NA,327.031,1013.486,23.02,75.57,16.38,9.15,4.109166667,0.65,62.59333333,63.63351724
7/8/19 17:25,1,1,NEE,-4.205730635,-12.11808923,0.302154132,343.8201536,1013.486,22.85971014,61.89666667,16.33571429,9.146593407,4.11,0.65,62.87758242,63.55760563
7/8/19 17:29,1,1,ER,8.544194848,NA,NA,0.394607749,1013.641,22.08058824,72.60901961,16.25010638,9.165425532,4.102234043,0.64893617,62.98489362,63.58782609
7/8/19 17:32,1,1,ER,7.317967817,NA,0.271575565,0.161258026,1013.486,22.3074359,70.5725641,16.21194444,9.1675,4.11,0.65,62.91092593,63.65337143
7/9/19 15:48,1,4,NEE,-0.909271059,-2.547951665,-0.000131287,664.2551806,1009.587032,29.27935484,46.93967742,30.87807018,15.36,11.29,8.945438596,NA,NA
7/9/19 15:52,1,4,NaN,-1.220377467,NA,-0.000562007,NA,1009.586913,28.35869565,53.49434783,32.97931373,15.38294118,11.29,8.95,NA,NA
7/9/19 15:55,1,4,NEE,-0.642473463,-2.274596137,0.000291977,1117.043577,1009.462,30.45692308,71.56230769,34.92226994,15.39380368,11.29,8.945644172,NA,NA
7/9/19 16:00,1,4,ER,1.569072284,NA,7.48E-05,0.753449965,1009.450881,29.4849505,56.18108911,34.53992248,15.41813953,11.29837209,8.949069767,NA,NA
7/9/19 16:04,1,4,ER,1.711574711,NA,-8.00E-05,1.868162765,1009.593176,28.47470588,51.12705882,32.61072581,15.43266129,11.30782258,8.959112903,NA,NA
7/9/19 16:08,1,5,NEE,-0.403511901,-1.639665123,-0.000182856,1158.870262,1009.512459,30.06311475,62.2257377,33.34428571,15.44342857,11.31921429,8.9465,NA,NA
7/9/19 16:12,1,5,NEE,-0.315351281,-1.54766918,0.000110545,1274.545556,1009.506222,31.00492063,62.3015873,33.42804054,15.47013514,11.32,8.956756757,NA,NA
7/9/19 16:16,1,5,NEE,0.131135089,-1.104943916,-0.000404069,633.6573287,1009.500812,30.07782178,56.1180198,32.50838235,15.49110294,11.32,8.954852941,NA,NA
7/9/19 16:20,1,5,ER,1.458536647,NA,-0.000115543,1.332621318,1009.464457,27.97927152,58.96913907,30.42619318,15.52244318,11.33852273,8.959715909,NA,NA
7/9/19 16:25,1,5,ER,1.034654963,NA,-0.000201901,1.212085333,1009.431217,26.8357971,56.74985507,28.7835443,15.53253165,11.34860759,8.96,NA,NA
7/9/19 16:30,1,6,NaN,-0.536407763,NA,-4.18E-05,NA,1009.432,26.71136364,63.38075758,27.8233758,15.55216561,11.35745223,8.961910828,NA,NA
7/9/19 16:34,1,6,NEE,-0.232128244,-1.449144,-0.000167645,440.6930604,1009.432,26.09318966,66.46801724,27.62033333,15.56,11.36,8.959333333,NA,NA
7/9/19 16:38,1,6,NEE,-0.907113928,-2.122036102,-0.000163972,584.7432918,1009.432,26.60885246,70.18540984,27.22883495,15.56,11.36533981,8.96,NA,NA
7/9/19 16:44,1,6,ER,1.272388353,NA,-0.000199592,1.257645,1009.432,25.36022222,69.01333333,28.8102994,15.56958084,11.38281437,8.96,NA,NA
7/9/19 16:49,1,6,ER,1.16635025,NA,9.99E-05,0.840505255,1009.430406,25.68465347,61.21435644,30.56022059,15.56,11.38852941,8.96,NA,NA
7/9/19 16:52,1,6,NEE,-0.037137409,-1.249503002,-0.000320724,846.5729962,1009.427472,27.23962264,63.57415094,31.71166667,15.5805,11.39166667,8.96,NA,NA
7/9/19 16:57,1,4,NEE,-0.387352215,-2.441513822,0.000126408,842.4715155,1009.316507,27.90676056,65.01971831,31.90747253,15.57956044,11.41879121,8.96,NA,NA
7/9/19 17:02,1,4,NEE,-0.046375941,-2.097357318,-0.000157727,832.6225922,1009.33998,28.38058824,58.06254902,32.09468085,15.59219858,11.42921986,8.966453901,NA,NA
7/9/19 17:06,1,4,NEE,-0.122932617,-2.168616772,-0.000270733,815.2397273,1009.21747,29.12469697,68.65454545,32.28477477,15.6,11.43,8.962747748,NA,NA
7/9/19 17:17,1,4,ER,2.013993766,NA,-0.000406848,1.247090147,1009.27,26.73966667,60.87975,32.59958042,15.6013986,11.4579021,8.985664336,NA,NA
7/9/19 17:23,1,4,ER,2.113088079,NA,-0.000301836,1.448859145,1009.27,26.31956522,63.89710145,33.0144,15.6071,11.46,8.985,NA,NA
7/9/19 17:33,1,5,NEE,-0.305635006,-1.2293325,-0.00023223,851.9223604,1009.232154,28.4310989,60.54978022,32.14832258,15.62193548,11.47322581,8.992645161,NA,NA
7/9/19 17:37,1,5,NEE,-0.35710798,-1.279739206,-0.000465004,838.2454636,1009.220727,28.77621212,56.16545455,31.03867647,15.62779412,11.49588235,8.995882353,NA,NA
7/9/19 17:40,1,5,NEE,-0.344049111,-1.26580495,-0.000156224,810.9257314,1009.246235,29.07058824,57.73745098,30.43601449,15.62804348,11.49,9,NA,NA
7/9/19 17:45,1,5,ER,0.930019696,NA,7.68E-05,2.514496104,1009.214791,27.54756522,54.24095652,28.02126761,15.63,11.49992958,9,NA,NA
7/9/19 17:49,1,5,ER,0.922571084,NA,-0.000199445,1.394391627,1009.212945,27.61236364,49.56236364,26.22796992,15.63,11.50932331,9,NA,NA
7/9/19 17:56,1,6,NEE,-0.948571087,-2.461291847,-3.78E-05,729.0199803,1009.191787,29.44480315,51.82133858,26.39044944,15.63,11.5305618,9.00505618,NA,NA
7/9/19 18:00,1,6,NEE,-0.808455603,-2.317337558,-0.000157735,741.0682964,1009.186429,30.21303571,46.84321429,28.63581395,15.63,11.5305814,9.005290698,NA,NA
7/9/19 18:04,1,6,NEE,-0.879889365,-2.390254425,-0.000287408,735.9726162,1009.182404,29.91393939,53.29060606,29.57142857,15.63,11.5485119,9.004285714,NA,NA
7/9/19 18:13,1,6,ER,1.58645159,NA,0.000315365,1.257226,1009.188639,28.75916667,67.36638889,29.3373913,15.60382609,11.55826087,9.011652174,NA,NA
7/9/19 18:17,1,6,ER,1.448878314,NA,-2.77E-05,3.143064,1009.186098,28.12764706,54.85431373,29.94793893,15.6,11.56305344,9.023740458,NA,NA
7/9/19 18:25,1,5,NEE,NA,NA,-0.000227947,792.869226,1009.15224,29.4068,50.567,29.60433962,15.6,11.57481132,9.028584906,NA,NA
7/9/19 18:27,1,5,NEE,-0.285917678,-1.169570863,-5.43E-05,855.9697333,1009.194375,29.54125,55.95361111,29.41596591,15.59829545,11.58630682,9.029431818,NA,NA
7/9/19 18:31,1,5,NEE,-0.247721666,-1.131207883,-5.28E-05,573.2018479,1009.216662,29.60514085,50.34521127,29.46955056,15.59382022,11.6,9.029438202,NA,NA
7/9/19 18:35,1,5,NEE,0.342720421,-0.543219134,-0.000176051,539.768763,1009.24237,28.77444444,56.87703704,29.28983607,15.58939891,11.6,9.033825137,NA,NA
7/9/19 18:41,1,5,ER,0.831970611,NA,-0.000271339,2.514494434,1009.25873,27.51987421,54.8008805,28.46947826,15.57269565,11.60443478,9.039086957,NA,NA
7/9/19 18:47,1,5,ER,0.864228182,NA,-0.000112847,1.95773807,1009.241289,26.58035088,55.62368421,27.64457565,15.55926199,11.62298893,9.048450185,NA,NA
7/9/19 18:53,1,5,ER,0.981756703,NA,-0.000135238,0.713386592,1009.188731,25.56423077,56.65442308,26.49393443,15.55737705,11.62409836,9.053360656,NA,NA
7/9/19 18:56,1,6,NEE,0.034741162,-1.167073701,-0.000147524,251.1247871,1009.182455,25.17405941,61.57554455,25.57013158,15.55059211,11.62868421,9.066513158,NA,NA
7/9/19 19:00,1,6,NEE,1.451264236,0.24612701,-5.73E-05,229.1479394,1009.145394,24.34070423,74.48492958,24.62663265,15.53260204,11.63153061,9.067959184,NA,NA
7/9/19 19:04,1,6,NEE,0.556541958,-0.65131927,-7.95E-05,197.1680558,1009.10893,23.65906977,78.38534884,23.75426036,15.52431953,11.63420118,9.07,NA,NA
7/9/19 19:09,1,6,NEE,1.621014028,0.410471202,-0.000201041,187.4961,1009.108,23.00130435,74.27507246,22.92942446,15.5023741,11.6418705,9.07,NA,NA
7/9/19 19:13,1,6,ER,1.221931249,NA,-0.000253974,1.25765803,1009.108,22.4358,75.009,22.96573529,15.48838235,11.64992647,9.077352941,NA,NA
7/9/19 19:17,1,6,ER,1.201620572,NA,-0.000157278,1.257706,1009.108,22.96855556,72.49811111,23.51901515,15.46378788,11.66537879,9.080681818,NA,NA
7/10/19 03:46,1,1,NEE,0.176761779,-4.872806834,0.332572134,175.4347825,1010.302111,16.86269841,87.33174603,12.01,9.074,4.742516129,1.067419355,NA,63.32793548
7/10/19 03:50,1,1,NEE,0,-5.046537796,NA,182.0305,1010.313,17.04,79.05,12.01,9.07,4.752941176,1.074117647,NA,62.95647059
7/10/19 03:52,1,1,NEE,-0.104188883,-5.148041158,0.285292711,190.2441694,1010.299,17.19048387,89.66129032,12.01268116,9.066304348,4.740289855,1.072101449,NA,63.37971014
7/10/19 03:57,1,1,ER,6.055604931,NA,0.333743515,0.6298315,1010.291243,16.59333333,88.12432432,12.02783133,9.048433735,4.740722892,1.076927711,NA,63.30108434
7/10/19 04:02,1,1,ER,3.567010754,NA,NA,0.629820579,1010.287,16.56460526,87.50263158,12.04,9.039736842,4.748157895,1.067894737,NA,63.40964912
7/10/19 04:04,1,1,ER,5.541450423,NA,0.279942022,0.629817744,1010.286469,16.534375,90.746875,12.04,9.037826087,4.753826087,1.083391304,NA,63.54
7/10/19 04:08,1,2,NEE,-2.540387373,-8.413176559,0.230241675,244.342612,1010.285,17.2876,81.74,12.04,9.03952381,4.745238095,1.091666667,NA,NA
7/10/19 04:08,1,2,NEE,-3.396270772,-9.261865525,0.147897229,248.8450795,1010.285,17.64383562,86.0739726,12.05086538,9.03,4.742403846,1.075865385,NA,62.97826923
7/10/19 04:12,1,2,NEE,-3.088013975,-8.946847405,0.193696344,255.160675,1010.285556,17.97958333,84.24861111,12.05993377,9.027350993,4.751986755,1.079271523,NA,62.85516556
7/10/19 04:16,1,2,NEE,-3.871358726,-9.723959361,0.177564493,261.8388243,1010.287324,18.29013514,84.71216216,12.07011561,9.02017341,4.748208092,1.078959538,NA,62.88289017
7/10/19 04:21,1,2,ER,5.689121426,NA,0.218771328,0.609707824,1010.289904,17.68234043,82.59638298,12.08,9.009568966,4.75137931,1.078706897,NA,62.75982759
7/10/19 04:25,1,2,ER,6.046190494,NA,0.200532929,0.619730882,1010.336376,17.42544,85.1656,12.0774375,9.003125,4.7513125,1.085,60.76327273,63.301625
7/10/19 04:31,1,3,NEE,-8.360256801,-14.80936568,0.044401428,310.2983583,1010.35175,18.34854167,77.34708333,12.08376543,9,4.751296296,1.094259259,60.37074074,63.10037037
7/10/19 04:35,1,3,NEE,-1.945624257,-8.372659949,0.03598318,325.1343098,1010.379,19.35756098,74.93219512,12.09495652,8.988521739,4.747565217,1.097913043,60.07652174,63.10721739
7/10/19 04:39,1,3,NEE,-4.259072682,-10.67322981,0.033335169,339.9966579,1010.407579,19.95315789,75.83236842,12.10705882,8.992058824,4.743921569,1.091666667,60.42,63.05911765
7/10/19 04:47,1,3,ER,5.953874516,NA,0.027688765,1.259560632,1010.413436,18.85145299,79.14461538,NA,8.97,4.75,1.09,60.56714286,63.06948052
7/10/19 04:52,1,3,ER,6.918293619,NA,0.041818074,1.259503,1010.414,19.04666667,77.14222222,12.18,8.969754601,4.750122699,1.090122699,60.38785276,63.01785276
7/10/19 04:57,1,1,NEE,-3.984456683,-9.830471584,0.301575723,401.2486629,1010.4042,19.11842857,82.66957143,12.19065868,8.959640719,4.742215569,1.095449102,60.45293413,63.18461078
7/10/19 05:01,1,1,NEE,-4.438743441,-10.27871826,0.308903893,417.8840362,1010.355696,19.40666667,83.89130435,12.21,8.950647482,4.73676259,1.095035971,60.32402878,63.05928058
7/10/19 05:05,1,1,NEE,-4.43768705,-10.27314749,0.326760213,431.8449675,1010.317763,19.622,83.395,12.24485507,8.951014493,4.746014493,1.094927536,60.30144928,62.93949275
7/10/19 05:09,1,1,ER,5.73461484,NA,0.342689183,0.236890876,1010.297396,19.18336634,81.17316832,12.27198413,8.93,4.747936508,1.107936508,NA,62.9747619
7/10/19 05:13,1,1,ER,5.957529779,NA,0.316677893,1.075192472,1010.285815,18.98630769,80.284,12.29965217,8.932608696,4.749217391,1.105217391,60.8446087,63.20121739
7/10/19 05:19,1,2,NEE,-5.535101265,-11.9092033,0.190567973,456.0521385,1010.278,20.36576923,85.68461538,12.34222222,8.93,4.747654321,1.112345679,60.56654321,NA
7/10/19 05:22,1,2,NEE,-5.490588065,-11.86622055,0.183435149,464.2751269,1010.438474,20.34192308,81.28230769,12.35946108,8.916347305,4.749281437,1.103353293,60.54377246,63.2197006
7/10/19 05:26,1,2,NEE,-6.52285565,-12.8897513,0.186733625,474.6477243,1010.437551,20.74439252,78.56299065,12.39194444,8.914097222,4.7475,1.104166667,60.51958333,63.06833333
7/10/19 05:30,1,2,ER,6.434036885,NA,0.205971924,0.629598489,1010.437,19.65758242,80.29230769,12.42,8.907394958,4.741848739,1.115798319,60.69235294,63.14033613
7/10/19 05:34,1,2,ER,6.34781383,NA,0.220793171,0.70940591,1010.437,19.62056338,79.51169014,12.44007576,8.903030303,4.731666667,1.108409091,60.35318182,63.18454545
7/10/19 05:37,1,3,NEE,-4.725788345,-13.20692069,0.040158681,482.5196227,1010.436,20.85409091,77.76,12.45828729,8.900662983,4.746022099,1.103922652,60.68342541,63.35121547
7/10/19 05:42,1,3,NEE,NA,NA,NA,508.0849,1010.436,21.24,69.72,NA,8.9,4.75,1.11,60.88666667,NA
7/10/19 05:42,1,3,NEE,NA,NA,0.049042833,523.1306256,1010.43635,21.81948718,81.34188034,NA,8.9,4.75,1.11,60.70635036,63.41846715
7/10/19 05:46,1,3,NEE,-5.270451613,-13.70760776,0.044943039,548.4801786,1010.440027,22.38767857,79.73875,12.55,8.896683673,4.75127551,1.109234694,60.85352041,63.45755102
7/10/19 05:51,1,3,ER,8.958740412,NA,0.039821631,1.253990719,1010.464793,21.32231405,77.9431405,12.58826923,8.883910256,4.747115385,1.114230769,60.66679487,63.40807692
7/10/19 05:55,1,3,ER,7.986128116,NA,0.031276696,1.259157347,1010.513307,21.00118812,77.55881188,12.62,8.88744898,4.744336735,1.112704082,60.57918367,63.20204082
7/10/19 06:00,1,1,NEE,-5.305377294,-11.65594418,0.30324697,549.64,1010.618882,21.8523622,75.39669291,NA,8.89,4.75,1.11,60.77881579,63.27631579
7/10/19 06:04,1,1,NEE,-5.462462578,-11.80642454,0.271930868,580.695,1010.629673,22.16265306,72.56877551,12.74425532,8.881075949,4.74556962,1.111708861,60.73329114,63.39759494
7/10/19 06:08,1,1,NEE,-5.19235281,-11.5296652,0.317127837,611.75,1010.649774,22.47839623,72.07113208,12.77526718,8.861603053,4.735343511,1.125419847,60.70351145,63.28984733
7/10/19 06:14,1,1,ER,6.405196354,NA,0.376819093,1.258866989,1010.589835,21.38736264,73.1656044,12.8411811,8.86,4.752834646,1.125905512,61.03645669,63.38244094
7/10/19 06:18,1,1,ER,6.327234759,NA,0.302275111,1.258839892,1010.597155,20.84898649,75.56297297,12.87705556,8.859444444,4.737222222,1.121777778,60.82722222,63.54333333
7/10/19 06:22,1,2,NEE,-11.37279034,-18.27075117,0.178827756,516.1880518,1010.595847,22.56917647,75.53058824,12.91625,8.856630435,4.735869565,1.127608696,60.72956522,63.36847826
7/10/19 06:27,1,2,NEE,-10.73609613,-17.59265221,0.175827955,521.6944784,1010.596514,24.35513514,72.15027027,12.96550802,8.842994652,4.738663102,1.132994652,60.72721925,63.24395722
7/10/19 06:31,1,2,NEE,-9.776080688,-16.61959337,0.181081985,534.858243,1010.59392,24.9214,70.3827,13.0105,8.840857143,4.732214286,1.128571429,60.88728571,63.428
7/10/19 06:35,1,2,ER,7.178342843,NA,0.196910423,0.485845237,1010.593649,23.10947368,71.12385965,13.06751938,8.833875969,4.735503876,1.138372093,60.83031008,63.55488372
7/10/19 06:39,1,2,ER,6.615281465,NA,0.198720047,0,1010.590769,22.08340659,72.99087912,13.13221239,8.83,4.732654867,1.138849558,60.67141593,63.53141593
7/10/19 06:43,1,3,NEE,-6.806958835,-15.96398093,0.038215602,685.358,1010.589551,23.16566176,73.36022059,13.19360248,8.831242236,4.725590062,1.13068323,60.53956522,63.40881988
7/10/19 06:47,1,3,NEE,-6.825467445,-15.96855303,0.041975393,703.7502,1010.751,23.66473684,67.77473684,13.24101449,8.83,4.726594203,1.14173913,60.92217391,63.53753623
7/10/19 06:50,1,3,NEE,-6.659458625,-15.78661123,0.044963358,722.1424,1010.589,24.13522124,71.63035398,13.27485507,8.827318841,4.732246377,1.142898551,60.72913043,63.28478261
7/10/19 06:54,1,3,ER,9.530707716,NA,0.05378663,1.2587488,1010.58882,23.1653,72.6928,13.30992958,8.823591549,4.728732394,1.145633803,60.94169014,63.12676056
7/10/19 06:58,1,3,ER,8.797518467,NA,0.043513735,1.258725526,1010.608465,22.69368421,71.7527193,13.33706294,8.812937063,4.741188811,1.141398601,60.87832168,63.29986014
7/10/19 09:21,1,3,NEE,-6.666717005,-16.79626811,0.029533071,1068.963731,1010.578,29.22134615,61.71211538,15.78807339,8.788181818,4.691,1.17,60.30836364,NA
7/10/19 09:24,1,3,NEE,-9.499105637,-19.62904958,0.027257643,1162.500494,1010.578,29.20962025,59.50278481,15.80666667,8.786747967,4.707642276,1.168373984,NA,NA
7/10/19 09:27,1,3,NEE,-7.568956465,-17.67586181,0.039672035,1169.95925,1010.578,29.89884615,61.76269231,15.83990385,8.788461538,4.691057692,1.170096154,60.18134615,NA
7/10/19 09:30,1,3,ER,9.732921242,NA,0.029987931,1.258359,1010.578,28.53152542,60.22881356,15.83463918,8.79,4.698453608,1.172164948,60.34278351,NA
7/10/19 09:33,1,3,ER,10.60574374,NA,0.030264128,0.629173155,1010.479117,27.55662338,58.55519481,15.7805102,8.79,4.692755102,1.17,60.25836735,NA
7/10/19 09:36,1,2,NEE,-13.01575309,-21.26713636,0.190193282,1043.135617,1010.572,28.61888889,66.15197531,15.75908257,8.794587156,4.699174312,1.17733945,60.2940367,NA
7/10/19 09:39,1,2,NEE,-13.15771784,-21.39937498,0.207228805,1113.060128,1010.420154,28.92961538,61.15423077,15.77283019,8.794716981,4.695754717,1.17,60.43113208,NA
7/10/19 09:41,1,2,NEE,-13.83670956,-22.06952373,0.191484807,1161.194123,1010.416,29.25283951,61.7854321,15.78086538,8.792115385,4.693461538,1.17,60.50942308,NA
7/10/19 09:45,1,2,ER,7.9986827,NA,0.192943055,1.258227826,1010.416,28.10423913,64.55076087,15.81896552,8.791810345,4.692586207,1.17387931,60.18293103,NA
7/10/19 09:48,1,2,ER,8.551551991,NA,0.20407497,1.258221773,1010.416,27.33530303,67.09257576,15.85832061,8.797633588,4.690916031,1.17389313,60.34473282,NA
7/10/19 09:52,1,1,NEE,-9.983450872,-18.9621089,0.320339056,1261.316066,1010.416,28.81065934,67.4610989,15.90536585,8.805203252,4.693414634,1.185447154,60.19243902,NA
7/10/19 09:55,1,1,NEE,-8.195326112,-17.16716998,0.325288618,1130.109095,1010.416,29.04,67.92333333,15.9675,8.807578125,4.69,1.173359375,60.163125,NA
7/10/19 09:58,1,1,NEE,-8.603307486,-17.58427572,0.315885602,992.0736493,1010.416,28.73298507,70.22776119,16.03887097,8.805483871,4.692419355,1.179112903,60.31774194,NA
7/10/19 10:02,1,1,ER,9.224800021,NA,0.527995464,1.258175348,1010.417739,27.64217391,71.24543478,16.12129032,8.814516129,4.690430108,1.17,60.33225806,NA
7/10/19 10:05,1,1,ER,8.814761982,NA,0.359038057,1.258167565,1010.426339,27.21967742,68.63435484,16.20792793,8.82009009,4.692702703,1.175495495,60.31108108,NA
7/10/19 10:08,1,3,NEE,-8.661917174,-19.39020019,0.028577192,1083.265981,1010.400074,28.20296296,60.27703704,16.28924242,8.826969697,4.692272727,1.171515152,60.30212121,NA
7/10/19 10:11,1,3,NEE,-7.645122646,-18.32568062,0.030563046,1241.15966,1010.418019,29.55490566,65.43754717,16.30984496,8.83,4.69,1.17,60.10984496,NA
7/10/19 10:14,1,3,NEE,-9.270125039,-19.92026833,0.034941544,1169.834355,1010.512452,30.44774194,63.97080645,16.32254098,8.831639344,4.69,1.172459016,60.20934426,NA
7/10/19 10:17,1,3,ER,10.38018491,NA,0.035929441,1.258124042,1010.353972,29.16169014,61.44380282,16.30527778,8.83,4.69,1.173541667,60.28916667,NA
7/10/19 10:21,1,3,ER,11.03946279,NA,0.03512322,1.258077111,1010.31375,28.27055556,59.99722222,16.24372263,8.833649635,4.69,1.173357664,60.26919708,NA
7/10/19 10:24,1,2,NEE,-14.05566307,-22.43100852,0.224364695,1260.182258,1010.295,29.18016129,63.19145161,16.2099,8.842792793,4.69,1.173693694,60.35720721,NA
7/10/19 10:28,1,2,NEE,-12.43726433,-20.77444471,0.216656348,1326.088863,1010.276337,30.55852632,64.53894737,16.288125,8.848205128,4.69,1.182478632,60.27854701,NA
7/10/19 10:31,1,2,NEE,-12.85828447,-21.18751644,0.264655602,1277.324775,1010.268718,30.84605634,62.15915493,16.38366337,8.838217822,4.687029703,1.182871287,60.14980198,NA
7/10/19 10:34,1,2,ER,8.260810012,NA,0.234480989,1.88696,1010.259,29.36789474,64.34263158,16.54477273,8.853181818,4.69,1.179090909,60.22295455,NA
7/10/19 10:37,1,2,ER,8.499080522,NA,0.217871676,1.977821446,1010.252373,28.64722892,61.16855422,16.65971429,8.857142857,4.687142857,1.180285714,60.09180952,NA
7/10/19 10:40,1,1,NEE,-8.835698195,-18.78815784,0.362663388,1260.556516,1010.249989,29.75417582,62.84813187,16.77662162,8.86,4.689324324,1.182027027,NA,NA
7/10/19 10:43,1,1,NEE,-7.87375733,-17.78307709,0.306593524,1276.358855,1010.300667,31.08811966,64.83299145,16.9182069,8.86,4.687931034,1.185241379,NA,NA
7/10/19 10:46,1,1,NEE,-8.03221418,-17.93587063,0.380391809,1326.368379,1010.392897,31.28988506,67.04793103,17.0442953,8.86590604,4.687986577,1.176510067,NA,NA
7/10/19 10:51,1,1,ER,10.25780082,NA,0.430117191,2.515531143,1010.394417,30.16166667,64.63011905,17.16216561,8.891210191,4.69,1.183312102,NA,NA
7/10/19 10:54,1,1,ER,9.657899472,NA,0.415897542,2.508583253,1010.405549,29.07582418,59.51714286,17.24305785,8.890826446,4.687520661,1.188347107,60.2353719,NA
7/11/19 11:07,2,0,NEE,-11.86545012,-19.04716898,0.168953102,1171.470741,1006.778272,32.93234568,65.56617284,13.68887417,9.44,5.684635762,1.481324503,NA,NA
7/11/19 11:11,2,0,NEE,-11.076962,-18.24704693,0.172733591,1166.924232,1006.847286,33.45,65.05473214,13.78759398,9.44,5.686842105,1.483759398,NA,NA
7/11/19 11:15,2,0,NEE,-12.52387624,-19.70531719,0.17060535,1170.930179,1006.896054,32.98,61.24375,13.90919355,9.44,5.684919355,1.480080645,NA,NA
7/11/19 11:19,2,0,ER,6.58815907,NA,0.153091653,0.500062516,1006.699609,33.04380435,57.63782609,14.0019469,9.439823009,5.682654867,1.487964602,NA,NA
7/11/19 11:23,2,0,ER,7.822569397,NA,0.166784693,1.260345989,1006.688483,30.9408046,61.39862069,14.02440367,9.44,5.68,1.484495413,NA,NA
7/11/19 11:27,2,0,NEE,-6.81017345,-14.51775901,0.193258609,1220.895338,1006.681868,32.80191176,65.78955882,14.06641221,9.441603053,5.679236641,1.480763359,NA,NA
7/11/19 11:32,2,0,NEE,-8.434867056,-16.12090887,0.178633158,1237.134494,1006.516337,33.60903614,57.71036145,14.09683333,9.436833333,5.68,1.480833333,NA,NA
7/11/19 11:35,2,0,NEE,-9.542098469,-17.22485465,0.175848606,1252.507891,1006.515,33.73981818,62.55927273,14.13325926,9.438518519,5.68,1.487407407,NA,NA
7/11/19 11:40,2,0,ER,7.974372555,NA,0.172333835,0.127242588,1006.514,31.81807692,62.97673077,14.23436508,9.438412698,5.677619048,1.484761905,NA,NA
7/11/19 11:44,2,0,ER,7.512894185,NA,0.164137844,1.255044564,1006.507264,30.80347107,63.53338843,14.26974359,9.438717949,5.676794872,1.476858974,NA,NA
7/11/19 11:48,2,0,NEE,NA,NA,0.177390923,1265.379433,1006.423373,33.33671642,63.96261194,14.2934375,9.4350625,5.67325,1.480625,NA,NA
7/11/19 11:52,2,0,NEE,-6.648853418,-15.32677114,0.173625568,1260.929563,1006.351,35.96645833,57.98125,14.32195804,9.437832168,5.673356643,1.486293706,NA,NA
7/11/19 11:56,2,0,NEE,-9.864228204,-18.53080901,0.177583879,1259.205986,1006.265451,36.34450704,53.76915493,14.40126761,9.44,5.675070423,1.485704225,NA,NA
7/11/19 12:01,2,0,ER,8.500415244,NA,0.178729528,3.150278308,1006.189901,32.33857143,61.6643956,14.48422764,9.44,5.664227642,1.485934959,NA,NA
7/11/19 12:05,2,0,ER,9.094253637,NA,0.201793974,4.346649315,1006.189,31.1447191,62.06191011,14.57841727,9.44,5.658848921,1.480719424,NA,NA
7/11/19 12:09,2,0,NEE,-5.938258826,-13.78705876,0.182934935,1284.732629,1006.189,32.70451613,62.18822581,14.63925,9.4425,5.663333333,1.47825,NA,NA
7/11/19 12:12,2,0,NEE,-7.046610876,-14.84812342,0.185004819,1294.738607,1006.191911,34.55928571,66.01125,14.67333333,9.44,5.65,1.48,NA,NA
7/11/19 12:15,2,0,NEE,-9.710320158,-17.52581134,0.178624914,1301.63,1006.041478,33.963,60.61022222,14.74415254,9.44,5.653559322,1.48,NA,NA
7/11/19 12:19,2,0,ER,7.640051812,NA,0.175321047,0.182013693,1006.036089,31.12888889,58.93622222,14.83215686,9.44,5.644117647,1.476960784,NA,NA
7/11/19 12:23,2,0,ER,8.140996155,NA,0.179206342,0.664570303,1006.032616,30.95739726,61.60863014,14.84634328,9.437014925,5.639477612,1.463134328,NA,NA
7/11/19 12:27,2,0,NEE,-7.333108856,-15.67574024,0.174872384,1300.008824,1006.031264,33.20024,65.576,14.89705882,9.442614379,5.65,1.468039216,NA,NA
7/11/19 12:30,2,0,NEE,-5.951752878,-14.24526108,0.189644428,1285.397075,1006.06617,35.0254717,63.27490566,14.895,9.443289474,5.643355263,1.455855263,NA,NA
7/11/19 12:34,2,0,NEE,-7.774110094,-16.04933712,0.182849939,1280.421764,1006.126547,35.72481132,62.66160377,14.91454545,9.44,5.647402597,1.45961039,NA,NA
7/11/19 12:38,2,0,ER,8.738075993,NA,0.182208194,0.6300471,1006.09646,32.3982,59.7823,14.95361702,9.445035461,5.65,1.477092199,NA,NA
7/11/19 12:42,2,0,ER,8.028271725,NA,0.171407132,1.113445149,1005.961328,30.97948276,63.02215517,15.02109589,9.459041096,5.65,1.473082192,NA,NA
7/11/19 12:45,2,0,NEE,-5.671245271,-13.93739249,0.179506567,1269.554319,1006.10523,32.95814815,63.90666667,15.07350318,9.446815287,5.640063694,1.45866242,NA,NA
7/11/19 12:49,2,0,NEE,-6.229934369,-14.46343385,0.175950244,1281.708811,1005.995658,34.13846847,63.42414414,15.09798742,9.45,5.641194969,1.454528302,NA,NA
7/11/19 12:53,2,0,NEE,-7.977046501,-16.20190054,0.178118016,1300.760089,1005.946812,34.44653465,62.8949505,15.09706294,9.441538462,5.638111888,1.454475524,NA,NA
7/11/19 12:57,2,0,ER,8.430992714,NA,0.179071164,0.578962198,1005.909532,31.48792793,60.88171171,15.18570423,9.445070423,5.619366197,1.447112676,NA,NA
7/11/19 13:01,2,0,ER,8.191612655,NA,0.165082438,0.423031624,1005.861486,30.96185714,64.49328571,15.22296296,9.454938272,5.616481481,1.448641975,NA,NA
7/11/19 13:55,2,2,NEE,-0.309945991,-5.005214188,0.237537159,1263.12175,1005.541,37.18875,38.75166667,10.75779817,6.576422018,2.760275229,0.224495413,NA,NA
7/11/19 13:59,2,2,NEE,-0.417546989,-5.114317574,0.233485303,1204.358967,1005.540549,37.08934066,40.84692308,10.82692308,6.633333333,2.77,0.219401709,NA,NA
7/11/19 14:02,2,2,NEE,-0.10189048,-4.799864633,0.250790819,1200.536593,1005.541,37.01,41.68703297,10.82622047,6.62511811,2.775511811,0.214724409,NA,NA
7/11/19 14:06,2,2,ER,5.347324164,NA,0.244761116,1.260026595,1005.498608,35.84054054,42.93797297,10.76194915,6.605084746,2.770932203,0.223728814,NA,NA
7/11/19 14:10,2,2,ER,4.092199971,NA,NA,0.777875167,1005.373918,35.16714286,43.78408163,10.86793333,6.626866667,2.77,0.222733333,NA,NA
7/11/19 15:42,2,2,NEE,-1.841437777,-6.481321238,0.240284891,824.3749053,1005.054,34.88355263,47.90276316,11.18142857,6.706507937,2.775555556,0.245238095,NA,NA
7/11/19 16:43,2,2,NEE,-2.086741563,-6.765489176,0.243518826,803.9304844,1004.892,32.275625,55.6878125,11.23573171,6.7375,2.779329268,0.260365854,NA,NA
7/11/19 16:47,2,2,NEE,-1.973722009,-6.642816986,0.277448099,804.3911625,1004.892,32.90704545,51.75011364,11.26545455,6.713636364,2.77,0.263787879,NA,NA
7/11/19 16:51,2,2,NEE,-1.640502167,-6.312563802,0.255686282,803.2500953,1004.892,32.71270588,54.34223529,11.22063492,6.711825397,2.775555556,0.250396825,NA,NA
7/11/19 16:55,2,2,ER,4.400293847,NA,0.245855605,1.259977375,1004.72285,31.33825,56.031125,11.10988095,6.656845238,2.769404762,0.252857143,NA,NA
7/11/19 16:59,2,2,ER,4.988880082,NA,0.241164059,1.260001485,1004.698871,31.05930693,55.35980198,11.20790123,6.689938272,2.768765432,0.259938272,NA,NA
7/11/19 17:03,2,2,NEE,-0.385712453,-5.276798606,0.251318616,731.2133707,1004.689228,33.24434783,54.60163043,11.32920245,6.718159509,2.768773006,0.244601227,NA,NA
7/11/19 17:07,2,2,NEE,-0.227057081,-5.103996026,0.273730957,754.5566563,1004.778385,34.16041667,49.70229167,11.37789116,6.741564626,2.77,0.251768707,NA,NA
7/11/19 17:10,2,2,NEE,-0.470013815,-5.36276589,0.255275445,750.4607255,1004.797991,33.17318182,55.97054545,11.40909091,6.741647727,2.77,0.248295455,NA,NA
7/11/19 17:15,2,2,ER,4.811131281,NA,0.221096611,0.630015153,1004.684818,32.42872727,51.54563636,11.41874251,6.741616766,2.774191617,0.248383234,NA,NA
7/11/19 17:19,2,2,ER,5.026962823,NA,0.255128649,1.409738148,1004.682436,30.61316832,57.22792079,11.41721854,6.74218543,2.77,0.247417219,NA,NA
7/12/19 17:39,2,2,NEE,-3.575708316,-8.230650351,0.236738745,713.5709866,1003.245171,28.83146341,68.27743902,11.21355705,6.802013423,2.824899329,0.37033557,NA,NA
7/12/19 17:43,2,2,NEE,-3.820904397,-8.454214441,0.257662905,731.4466246,1003.262569,30.24661538,65.87169231,11.18792857,6.742857143,2.812142857,0.363571429,NA,NA
7/12/19 17:47,2,2,NEE,-3.534630809,-8.157432689,0.259976052,780.3232786,1003.276286,30.94042857,64.06985714,11.33717949,6.781089744,2.807435897,0.366858974,NA,NA
7/12/19 17:51,2,2,ER,4.477699488,NA,0.254154247,1.266315003,1003.278,29.84069565,61.44721739,11.11016575,6.692375691,2.776243094,0.35,NA,NA
7/12/19 17:57,2,2,ER,4.809532008,NA,0.256983364,1.00186572,1003.278,29.33330357,63.91428571,11.19898551,6.709782609,2.778478261,0.35,NA,NA
7/12/19 18:00,2,2,NEE,-2.045396738,-6.471254053,0.249737967,574.8627433,1003.278,30.01113333,64.30193333,11.38133333,6.752166667,2.773944444,0.351111111,NA,NA
7/12/19 18:04,2,2,NEE,-2.805592646,-7.230413018,0.252003351,644.3801277,1003.278,30.08217822,62.30841584,11.47726563,6.786796875,2.77,0.35,NA,NA
7/12/19 18:07,2,2,NEE,-2.57324482,-6.996257479,0.264164091,661.2831444,1003.278,30.20611111,58.6237037,11.50443609,6.81887218,2.779924812,0.35,NA,NA
7/12/19 18:12,2,2,ER,4.70881151,NA,0.259735129,0.667963994,1003.278,29.93522388,60.7680597,11.4040146,6.776861314,2.77810219,0.35,NA,NA
7/12/19 18:15,2,2,ER,4.152444551,NA,0.234772028,1.244069967,1003.278,29.40061404,61.53184211,11.42790123,6.789382716,2.77,0.35,NA,NA
7/12/19 18:19,2,2,NEE,-1.403820499,-5.788251869,0.256484377,665.596243,1003.44,30.1251,64.4122,11.54578947,6.812556391,2.773909774,0.35,NA,NA
7/12/19 18:22,2,2,NEE,-2.240941017,-6.618435723,0.257944156,642.1082797,1003.44,30.60567568,62.23121622,11.58661417,6.837165354,2.772913386,0.35,NA,NA
7/12/19 18:25,2,2,NEE,-2.051602137,-6.424979237,0.2501735,597.5780727,1003.44,30.89166667,64.50075758,11.56830303,6.849575758,2.795757576,0.35,NA,NA
7/12/19 18:29,2,2,ER,NA,NA,NA,1.27323484,1003.36872,30.8418,55.19,11.52550847,6.825508475,2.790677966,0.35,NA,NA
7/12/19 18:33,2,2,ER,4.694545895,NA,0.257657006,0.630312693,1003.278,30.035,59.58815789,11.49359756,6.80597561,2.783231707,0.35,NA,NA
7/12/19 18:36,2,2,ER,4.877324679,NA,0.259880236,0.630311785,1003.278,29.96467153,60.50656934,11.5650838,6.825363128,2.781899441,0.344581006,NA,NA
7/12/19 19:06,2,0,NEE,-2.384357281,-8.687125484,0.203270625,177.4487667,1003.269714,26.54238095,74.28642857,15.03206612,9.823305785,5.68,1.504214876,NA,NA
7/12/19 19:11,2,0,NEE,NA,NA,0.195812663,245.6309864,1003.436939,26.39030303,78.31772727,15.09734807,9.840607735,5.682209945,1.489392265,NA,NA
7/12/19 19:17,2,0,NEE,-1.31189855,-7.632213635,0.205081081,189.4744424,1003.277,25.71252525,77.52535354,15.18262411,9.84858156,5.68,1.487801418,NA,NA
7/12/19 19:21,2,0,NEE,0.308187003,-6.01957915,0.201103114,156.6887929,1003.44,25.40910714,78.5875,15.24611511,9.847122302,5.682877698,1.488417266,NA,NA
7/12/19 19:26,2,0,ER,6.195024231,NA,0.188018428,0,1003.44,24.2311215,79.84158879,15.26511278,9.85,5.683007519,1.48,NA,NA
7/12/19 19:29,2,0,ER,6.510675866,NA,0.197147109,0,1003.44,24.22944444,79.99694444,15.29236842,9.85,5.684605263,1.486644737,NA,NA
7/12/19 19:33,2,0,NEE,-0.250449403,-6.798253912,0.196892967,164.8429519,1003.571241,24.7864557,81.7278481,15.30769231,9.859090909,5.68,1.491608392,NA,NA
7/12/19 19:39,2,0,NEE,0.378043557,-6.180214311,0.197839161,139.4791151,1003.602,24.32068493,79.99328767,15.35407692,9.855461538,5.68,1.492769231,NA,NA
7/12/19 19:43,2,0,NEE,0.164645323,-6.405695418,0.205266083,126.9110302,1003.765,23.82186047,79.99383721,15.37315385,9.852461538,5.677692308,1.493,NA,NA
7/12/19 19:48,2,0,ER,6.405877343,NA,0.192264812,0,1003.765,22.67982143,82.55053571,15.39328571,9.864214286,5.673642857,1.489928571,NA,NA
7/12/19 19:52,2,0,ER,6.7864105,NA,0.205027741,0,1003.765,22.64157895,83.89298246,15.36697248,9.880091743,5.678899083,1.486146789,NA,NA
7/12/19 19:55,2,0,NEE,1.691496169,-4.414966946,0.201783015,93.11622667,1003.765,22.24074074,84.55061728,15.35967213,9.880081967,5.675081967,1.49,NA,NA
7/12/19 19:59,2,0,NEE,1.460185911,-4.648427933,0.202729484,94.29354261,1003.765,22.13673913,84.56086957,15.3527907,9.886899225,5.676124031,1.500542636,NA,NA
7/12/19 20:02,2,0,NEE,0.903116195,-5.203604263,0.189286084,92.38803146,1003.765,22.22829268,85.78780488,15.32291339,9.887637795,5.68,1.492519685,NA,NA
7/12/19 20:06,2,0,NEE,0.625082038,-5.484409873,0.187120281,97.4141901,1003.765,22.0943,84.688,15.31269231,9.885384615,5.68,1.499769231,NA,NA
7/12/19 20:10,2,0,ER,6.420478023,NA,0.204865769,0,1003.765,21.83138614,86.31683168,15.29991803,9.89,5.68,1.495819672,NA,NA
7/12/19 20:13,2,0,ER,5.8061209,NA,0.17901594,0,1003.763975,21.9975,85.82375,15.279,9.89,5.674,1.4918,NA,NA
7/12/19 20:17,2,0,NEE,0.253296807,-5.779410368,0.190255313,123.6069542,1003.860422,22.28457831,85.89879518,15.28043165,9.89,5.68,1.494244604,NA,NA
7/12/19 20:21,2,0,NEE,-0.029695872,-6.058871339,0.193518889,122.7787296,1003.783346,22.43493827,85.07777778,15.28392593,9.891481481,5.683555556,1.488592593,NA,NA
7/12/19 20:24,2,0,NEE,0.073802253,-5.955398864,0.188305808,108.2631513,1003.877949,22.46153846,84.46282051,15.27780303,9.902121212,5.68,1.48780303,NA,NA
7/12/19 20:28,2,0,NEE,0.268635959,-5.76306461,0.187357578,97.09147762,1003.879861,22.33960396,85.11188119,15.26540741,9.898296296,5.68,1.482962963,NA,NA
7/12/19 20:32,2,0,ER,5.870787194,NA,0.191446789,0,1003.873744,21.76974359,85.30769231,15.21133333,9.89047619,5.677142857,1.482952381,NA,NA
7/12/19 20:36,2,0,ER,6.221361487,NA,0.201999376,0,1003.869608,21.5072549,86.54705882,15.22887755,9.904591837,5.68,1.484081633,NA,NA
7/12/19 20:39,2,0,NEE,2.06985391,-3.914631441,0.18854277,76.48152271,1003.858682,21.59570093,87.54672897,15.22694656,9.917709924,5.68,1.485343511,NA,NA
7/12/19 20:42,2,0,NEE,2.335537135,-3.653391717,0.200308584,72.01256303,1003.99409,21.41674157,87.82359551,15.21709924,9.92,5.677633588,1.487633588,NA,NA
7/12/19 20:46,2,0,NEE,2.211661637,-3.785018849,0.191780728,68.6536019,1003.972095,21.02952381,87.54285714,15.21445313,9.92,5.68,1.494140625,NA,NA
7/12/19 20:51,2,0,ER,5.659349827,NA,0.193562925,0,1003.951296,20.48679012,88.65555556,15.15611842,9.918026316,5.679210526,1.481315789,NA,NA
7/12/19 20:56,2,0,ER,6.363056397,NA,0.19664824,0,1004.062169,20.19030769,89.27307692,15.08961538,9.927051282,5.668974359,1.48,NA,NA
7/12/19 21:01,2,0,NEE,3.201011357,-2.44494535,0.20342672,59.15185516,1004.089,20.0416129,90.1311828,15.0740625,9.92,5.66953125,1.474453125,NA,NA
7/12/19 21:05,2,0,NEE,3.611513171,-2.036458059,0.21417557,47.74166346,1004.089,19.93703704,90.07530864,15.05845588,9.924852941,5.675514706,1.485220588,NA,NA
7/12/19 21:09,2,0,NEE,3.73344878,-1.917550275,0.202289907,44.855586,1004.089,19.78,89.94333333,15.05069767,9.927829457,5.675348837,1.485271318,NA,NA
7/12/19 21:13,2,0,ER,5.968236503,NA,0.199696659,0,1004.089,19.64560976,90.53536585,15.04739496,9.946386555,5.677478992,1.474117647,NA,NA
7/12/19 21:17,2,0,ER,5.338234327,NA,0.202141198,0,1004.089,19.68481481,90.78271605,15.05271318,9.954496124,5.675271318,1.471472868,NA,NA
7/12/19 21:21,2,0,NEE,3.251701434,-2.174980657,NA,41.28701479,1004.089,19.79,90.98333333,15.02734694,9.941088435,5.673877551,1.472312925,NA,NA
7/12/19 21:25,2,0,NEE,3.245795541,-2.178294304,0.20629108,40.97775304,1004.089,19.93,90.89565217,15.02656489,9.950076336,5.68,1.472290076,NA,NA
7/12/19 21:29,2,0,NEE,3.954779521,-1.467747193,0.204577628,39.77057968,1004.067809,20.00829787,90.44680851,15.01726563,9.951328125,5.67765625,1.470078125,NA,NA
7/12/19 21:33,2,0,ER,5.746975156,NA,0.195213038,0,1004.136615,20.06,89.56153846,15.01697479,9.94907563,5.674957983,1.46092437,NA,NA
7/12/19 21:37,2,0,ER,5.096724012,NA,0.18347959,0,1004.162873,20.07830986,90.03098592,15.02333333,9.958039216,5.68,1.459019608,NA,NA
7/13/19 11:54,1,1,NEE,-9.743166986,-21.11592707,0.159181728,1356.0821,1005.2257,27.487375,73.775375,18.96212121,10.15469697,5.75,2.168333333,54.52643939,56.87765152
7/13/19 11:58,1,1,NEE,-11.72280739,-23.11127033,0.12402947,1360.12315,1005.062,27.02395349,77.85023256,19.05337931,10.15793103,5.75,2.172896552,54.60972414,56.93351724
7/13/19 12:01,1,1,NEE,-10.00591183,-21.37396265,0.135728174,1364.1642,1005.043615,27.5574359,83.2125641,19.12492958,10.16,5.75,2.164225352,54.55394366,56.85760563
7/13/19 12:07,1,1,ER,11.2623782,NA,0.146090215,1.650042773,1004.9725,25.80636364,83.50151515,19.27336957,10.18326087,5.75326087,2.168804348,54.04956522,56.88782609
7/13/19 12:10,1,1,ER,11.6298115,NA,0.149654327,1.347810212,1004.972388,25.17564706,84.20470588,19.36274286,10.18434286,5.75,2.168228571,55.20691429,56.95337143
7/13/19 12:14,1,2,NEE,-13.37305834,-24.54668008,0.124033359,1365.4326,1005.14792,26.23534091,89.29090909,19.46988024,10.19700599,5.75,2.163113772,55.01580838,57.02047904
7/13/19 12:18,1,2,NEE,-13.72406763,-24.87387856,0.104872297,1346.4066,1005.013027,26.83442478,84.28044248,19.51946309,10.2,5.75,2.161342282,54.76348993,56.93161074
7/13/19 12:22,1,2,NEE,-15.81498768,-26.98530333,0.112233953,1327.3806,1005.040018,26.2918018,81.10387387,19.57,10.20413043,5.749275362,2.166594203,54.65565217,56.78826087
7/13/19 12:26,1,2,ER,11.70768484,NA,0.125244644,1.343420899,1004.909672,25.21597015,80.72626866,19.60304878,10.21695122,5.747560976,2.167378049,54.82219512,56.88146341
7/13/19 12:31,1,2,ER,10.73867981,NA,0.122254068,1.888299,1004.9095,24.43555556,78.98805556,19.61943038,10.22924051,5.748734177,2.167594937,54.94405063,56.89379747
7/13/19 12:35,1,3,NEE,-11.7559034,-20.75547729,0.0082315,1290.436245,1004.909,27.52319728,80.23394558,19.61421053,10.23584795,5.751754386,2.174093567,55.1748538,57.03005848
7/13/19 12:39,1,3,NEE,-12.73348564,-21.70413607,0.011721971,1301.68489,1004.909,28.49263736,70.02296703,19.49991803,10.24,5.75,2.170081967,55.08081967,56.96836066
7/13/19 12:42,1,3,NEE,-14.43683867,-23.39105891,0.008833429,1322.324363,1004.909,29.046125,68.431375,19.40462121,10.25295455,5.747727273,2.17530303,55.07037879,56.96106061
7/13/19 12:46,1,3,ER,9.089627471,NA,0.010690999,1.258736835,1004.898322,26.24727273,73.88768595,19.28714286,10.26,5.75,2.16757764,55.0531677,57.05391304
7/13/19 12:51,1,3,ER,9.009499624,NA,0.010400985,1.265917391,1004.868874,25.45873563,77.13321839,19.20598425,10.27023622,5.747637795,2.172755906,55.15062992,56.96929134
7/13/19 13:13,1,7,NEE,-1.898329867,-3.100621528,0.025591822,1513.384579,1004.74,26.03631579,72.48210526,NA,10.29,5.74,2.18,NA,NA
7/13/19 13:16,1,7,NEE,0,-1.196596436,NA,1531.379,1004.739,27.46,84.9,NA,10.29,5.74,2.18,NA,NA
7/13/19 13:17,1,7,NEE,-1.677225788,-2.874912183,NA,1558.233179,1004.739,27.18642857,72.14267857,NA,10.29,5.74,2.18,NA,NA
7/13/19 13:21,1,7,NEE,-1.71211527,-2.906983811,NA,1569.907431,1004.684667,27.87843137,69.21058824,NA,10.29,5.74,2.18,NA,NA
7/13/19 13:25,1,7,NEE,-1.070610189,-2.261842217,0.013778901,1561.947938,1004.576,28.76473214,76.31330357,NA,10.29,5.74,2.18,NA,NA
7/13/19 13:30,1,7,ER,1.158689813,NA,0.031165275,1.887362746,1004.576,27.1628169,77.33352113,NA,10.29,5.74,2.18,NA,NA
7/13/19 13:33,1,7,ER,1.238522606,NA,0.025563487,1.887340521,1004.384831,26.61112676,78.15619718,NA,10.29,5.74,2.18,NA,NA
7/13/19 14:50,1,1,NEE,-10.25050249,-21.92566647,0.123677842,981.7059374,1004.132011,28.00362637,72.63208791,NA,10.29,5.74,2.18,NA,NA
7/13/19 14:53,1,1,NEE,-9.065364368,-20.74795875,0.132949363,962.5306394,1004.111909,27.80606061,73.3989899,NA,10.29,5.74,2.18,NA,NA
7/13/19 14:56,1,1,NEE,-9.351284866,-21.03463918,0.130117519,965.912756,1004.12767,27.79120879,76.19406593,NA,10.29,5.74,2.18,NA,NA
7/13/19 15:00,1,1,ER,11.2709824,NA,0.141794195,0.629060814,1004.107024,26.8625,78.72369048,NA,10.29,5.74,2.18,NA,NA
7/13/19 15:03,1,1,ER,12.20408487,NA,0.189626985,1.224098908,1004.123369,25.96990991,74.71783784,NA,10.29,5.74,2.18,NA,NA
7/13/19 15:17,1,8,NEE,-0.794112478,-1.580332784,0.009842699,976.1775361,1004.192,28.02944444,61.62388889,NA,10.29,5.74,2.18,NA,NA
7/13/19 15:20,1,8,NEE,-0.722480521,-1.510556151,0.011182987,953.5702581,1004.214,27.32697674,65.49325581,NA,10.29,5.74,2.18,NA,NA
7/13/19 15:22,1,8,NEE,-0.731938436,-1.520825218,0.007179978,918.4417333,1004.227,27.02190476,65.15904762,NA,10.29,5.74,2.18,NA,NA
7/13/19 15:25,1,8,ER,0.892425067,NA,0.010436572,1.258197563,1004.237781,26.7425,68.97,NA,10.29,5.74,2.18,NA,NA
7/13/19 15:28,1,8,ER,0.689403342,NA,0.010664672,1.229605756,1004.229636,25.6230303,70.21106061,NA,10.29,5.74,2.18,NA,NA
7/13/19 15:37,1,9,NEE,-1.667270517,-2.524562202,0.004624263,808.129512,1004.170696,26.43728261,79.685,NA,10.29,5.74,2.18,NA,NA
7/13/19 15:41,1,9,NEE,-1.301828168,-2.156594512,0.004415841,800.3708264,1004.178868,27.32483516,76.43208791,NA,10.29,5.74,2.18,NA,NA
7/13/19 15:44,1,9,NEE,-1.444851682,-2.299580238,NA,746.8080758,1004.184418,27.33978022,77.28208791,NA,10.29,5.74,2.18,NA,NA
7/13/19 15:48,1,9,ER,0.963587238,NA,0.005921479,0.629039432,1004.18275,25.8465625,75.68145833,NA,10.29,5.74,2.18,NA,NA
7/13/19 15:52,1,9,ER,0.756262969,NA,0.004279512,1.258061525,1004.183644,25.11194915,78.11381356,NA,10.29,5.74,2.18,NA,NA
7/13/19 15:59,1,0,NEE,-0.781652464,-1.421880854,0.004587713,780.3902771,1004.190029,25.76428571,80.20542857,NA,10.29,5.74,2.18,NA,NA
7/13/19 16:03,1,0,NEE,-0.88052346,-1.520180391,0.005472946,787.8551539,1004.184809,26.02977528,74.83224719,NA,10.29,5.74,2.18,NA,NA
7/13/19 16:07,1,0,NEE,-1.026646142,-1.666894198,0.006411299,664.6086658,1004.188068,25.75452055,75.01246575,NA,10.29,5.74,2.18,NA,NA
7/13/19 16:10,1,0,ER,0.510503468,NA,0.005322081,0.183870706,1004.194031,24.69569231,75.95492308,NA,10.29,5.74,2.18,NA,NA
7/13/19 16:18,1,0,ER,0.773878498,NA,0.006294683,0.638699343,1004.191523,24.95430769,73.07415385,NA,10.29,5.74,2.18,NA,NA
7/13/19 16:26,1,7,NEE,-0.555148349,-1.890566614,0.003379329,626.1954944,1004.024926,26.205,77.93388889,NA,10.29,5.74,2.18,NA,NA
7/13/19 16:30,1,7,NEE,-0.484355455,-1.818406838,0.001947968,626.1633864,1004.177545,26.55727273,74.33984848,NA,10.29,5.74,2.18,NA,NA
7/13/19 16:33,1,7,NEE,-0.245271381,-1.579153869,0.002316162,610.2407045,1004.101708,26.57258427,71.75078652,NA,10.29,5.74,2.18,NA,NA
7/13/19 16:37,1,7,ER,1.602349384,NA,0.002004456,1.036540058,1004.016704,26.06957746,71.47253521,NA,10.29,5.74,2.18,NA,NA
7/13/19 16:41,1,7,ER,1.072888979,NA,0.000152769,1.258022,1004.015267,25.17253333,73.8856,NA,10.29,5.74,2.18,NA,NA
7/14/19 13:50,2,0,NEE,-16.7527398,-20.3574586,0.176337339,958.366602,1005.855778,19.04373737,85.46121212,11.26088889,8.947259259,5.695259259,1.647851852,NA,NA
7/14/19 13:54,2,0,NEE,-13.38457204,-16.99012827,0.150328195,857.2006547,1005.813811,18.96368421,83.12610526,11.27233333,8.9325,5.692416667,1.6425,NA,NA
7/14/19 13:57,2,0,NEE,-18.52671578,-22.13032794,0.168096884,1020.459811,1005.697306,19.08741935,79.97,11.29457627,8.93,5.68,1.618728814,NA,NA
7/14/19 14:00,2,0,ER,3.604374512,NA,0.145817886,5.095320024,1005.636024,19.00780488,78.55195122,11.31083333,8.927727273,5.677727273,1.616060606,NA,NA
7/14/19 14:04,2,0,NEE,3.389904915,-0.231758395,0.189150074,10.05816118,1005.4445,17.55775,81.621125,11.31517483,8.924825175,5.674895105,1.61,NA,NA
7/14/19 14:08,2,0,NEE,-15.40810733,-19.2491738,0.179299668,869.2999515,1005.428212,19.1380303,88.93181818,11.31842105,8.913684211,5.65877193,1.61,NA,NA
7/14/19 14:11,2,0,NEE,-16.49630811,-20.33138499,0.181101106,862.4578086,1005.422,19.59271429,82.40042857,11.34765217,8.913652174,5.655217391,1.602956522,NA,NA
7/14/19 14:14,2,0,NEE,-15.48900171,-19.31527571,0.180259624,810.2004289,1005.418303,20.26513158,84.04657895,11.36550847,8.90440678,5.650084746,1.601779661,NA,NA
7/14/19 14:17,2,0,ER,4.038079898,NA,0.187594401,3.173124429,1005.428371,19.05409524,78.23980952,11.38207692,8.900769231,5.65,1.607,NA,NA
7/14/19 14:21,2,0,ER,3.655504153,NA,0.180420982,5.011343214,1005.457534,18.32368932,81.09961165,11.38991935,8.900806452,5.65,1.600967742,NA,NA
7/14/19 15:29,2,0,NEE,-16.52126194,-21.55811559,0.172174575,780.2424275,1004.805374,20.83648352,74.18879121,11.43297297,8.86,5.608198198,1.61,NA,NA
7/14/19 15:32,2,0,NEE,-16.1174799,-21.14210427,0.186492135,792.9863894,1004.755,21.53723404,79.96085106,11.44345455,8.850818182,5.607181818,1.601818182,NA,NA
7/14/19 15:34,2,0,NEE,-16.73723785,-21.76094865,0.170799924,792.0000424,1004.755,21.59082353,74.31376471,11.4572973,8.84990991,5.603693694,1.593783784,NA,NA
7/14/19 15:38,2,0,ER,NA,NA,0.104980825,0.6307874,1004.755,21.21682927,68.82073171,11.4454386,8.832105263,5.594736842,1.58,NA,NA
7/14/19 15:40,2,0,ER,3.462685881,NA,0.182474907,0.6307791,1004.755,19.54129032,74.61354839,11.45336538,8.834038462,5.597403846,1.58,NA,NA
7/14/19 15:43,2,0,ER,4.26634716,NA,0.188766562,0.630752904,1004.755,18.15,79.31288889,11.46351852,8.841851852,5.585925926,1.58,NA,NA
7/14/19 15:46,2,0,NEE,-9.495833736,-13.58075685,0.160819439,558.4298982,1004.740564,18.75,80.01563636,11.47705882,8.830098039,5.583039216,1.58,NA,NA
7/14/19 15:49,2,0,NEE,-11.69153545,-15.77555521,0.176273614,510.9590737,1004.733,18.81236842,77.26421053,11.49485981,8.831869159,5.588411215,1.578130841,NA,NA
7/14/19 15:51,2,0,NEE,-10.48261275,-14.56919139,0.166064219,429.018343,1004.728443,18.62822785,79.28227848,11.49405941,8.831980198,5.580990099,1.58,NA,NA
7/14/19 15:55,2,0,ER,4.086085688,NA,0.181776277,0.630640526,1004.707857,16.84457143,81.29128571,11.48809091,8.83,5.58,1.58,NA,NA
7/14/19 15:58,2,0,ER,4.14145131,NA,0.184004035,0.630622747,1004.568595,16.50486486,84.44459459,11.48235294,8.828151261,5.576638655,1.58,NA,NA
7/14/19 16:16,2,2,NEE,-5.405970374,-8.170545324,0.25277108,396.6942615,1004.43,16.94596154,78.92615385,9.767425743,6.659207921,3.048019802,0.65,NA,NA
7/14/19 16:19,2,2,NEE,-5.335769456,-8.102737406,0.259539984,409.9392861,1004.290167,16.65472222,82.77222222,9.777727273,6.658272727,3.028909091,0.65,NA,NA
7/14/19 16:22,2,2,NEE,-4.963077169,-7.732256954,0.236150195,405.4550111,1004.341852,16.43814815,82.21722222,9.817788462,6.664230769,3.023461538,0.649038462,NA,NA
7/14/19 16:26,2,2,ER,2.767369941,NA,0.264372484,0.023656624,1004.391,16.002875,81.5845,9.794,6.649619048,3.014190476,0.647142857,NA,NA
7/14/19 16:29,2,2,ER,2.782343955,NA,0.26305944,0,1004.397548,15.71940476,81.625,9.806272727,6.653909091,3.01,0.65,NA,NA
7/14/19 16:32,2,2,NEE,-3.377866209,-6.116587766,0.243890246,346.8102677,1004.413215,16.03446154,84.34923077,9.871941748,6.668058252,3.011067961,0.649029126,NA,NA
7/14/19 16:35,2,2,NEE,-3.824533514,-6.563971741,0.242961631,351.4556586,1004.375828,15.94804598,84.7191954,9.882612613,6.688288288,3.014504505,0.65,NA,NA
7/14/19 16:38,2,2,NEE,-3.954101969,-6.692648122,0.240535136,351.4295088,1004.250526,16.00614035,86.02982456,9.877169811,6.677830189,3.013301887,0.652358491,NA,NA
7/14/19 16:41,2,2,ER,2.719601648,NA,0.247669839,0,1004.260855,15.37028986,84.68550725,9.867027027,6.671081081,3.01,0.649099099,NA,NA
7/14/19 16:44,2,2,ER,2.771097804,NA,0.251467416,0,1004.267566,15.21811321,84.88679245,9.850610687,6.663129771,3.013206107,0.644656489,NA,NA
7/14/19 16:47,2,2,NEE,-3.205961699,-5.848329743,0.252371775,364.8189957,1004.248043,15.62478261,87.99565217,9.911441441,6.676306306,3.01,0.65,NA,NA
7/14/19 16:51,2,2,NEE,-3.335040037,-5.978274709,0.25156133,355.4183708,1004.227875,15.52430556,85.5625,9.941037736,6.7,3.01,0.65,NA,NA
7/14/19 16:53,2,2,NEE,-3.312512882,-5.955731388,0.257078457,336.1871143,1004.106653,15.49122449,84.68571429,9.924818182,6.698272727,3.011,0.649909091,NA,NA
7/14/19 16:57,2,2,ER,NA,NA,0.207341069,0,1004.096455,15.19545455,84.01363636,9.877264151,6.671132075,3.01,0.648113208,NA,NA
7/14/19 17:00,2,2,ER,3.031207541,NA,0.252858177,0,1004.122245,14.93490566,83.25283019,9.869920635,6.675,3.011190476,0.649603175,NA,NA
7/14/19 17:03,2,2,NEE,-2.483683615,-5.182100117,0.250432348,270.4142811,1004.118755,15.1645283,88.03018868,9.919,6.691090909,3.01,0.649090909,NA,NA
7/14/19 17:06,2,2,NEE,-2.192216978,-4.891532297,0.265450548,260.2197978,1004.119348,15.06869565,86.63913043,9.906486486,6.684684685,3.01,0.646396396,NA,NA
7/14/19 17:09,2,2,NEE,-0.960040879,-3.657961564,0.296268387,246.670112,1004.12184,15.2184,88.348,9.91754902,6.689901961,3.01,0.65,NA,NA
7/14/19 17:12,2,2,ER,2.391253301,NA,0.253753983,0,1004.131591,14.75924242,84.48939394,9.891181818,6.673909091,3.01,0.646363636,NA,NA
7/14/19 17:15,2,2,ER,3.014014315,NA,0.260163213,0,1004.136282,14.68717949,86.84871795,9.870381679,6.654122137,3.01,0.646183206,NA,NA
7/15/19 14:54,1,1,NEE,-8.882538824,-14.91240146,0.081691048,474.5719507,1003.812866,16.70791045,76.58044776,12.86266667,8.580060606,5.315090909,2.389575758,54.63454545,56.21024242
7/15/19 14:58,1,1,NEE,-8.654308539,-14.70630878,0.074242644,605.747681,1003.809077,15.6465493,79.33598592,12.75358382,8.585375723,5.314046243,2.39,54.65317919,56.22277457
7/15/19 15:02,1,1,NEE,-9.879019388,-15.91936826,0.076570332,782.886675,1003.811229,16.20423611,81.44701389,12.74782857,8.584171429,5.311142857,2.394057143,54.56057143,56.2396
7/15/19 15:07,1,1,ER,6.349336698,NA,0.10276528,1.050127211,1003.815825,15.43944444,84.2647619,12.83761628,8.577674419,5.31,2.392906977,54.65325581,56.2205814
7/15/19 15:11,1,1,ER,5.781974058,NA,0.088980399,1.450019723,1003.8135,14.51328767,84.54527397,12.87691429,8.580857143,5.310057143,2.386057143,54.6748,56.28622857
7/15/19 15:16,1,2,NEE,-9.697903626,-21.21132252,0.06636759,1086.88437,1003.810762,16.37633663,90.64851485,12.9516129,8.580193548,5.31,2.386451613,54.57174194,56.16567742
7/15/19 15:20,1,2,NEE,-9.734756624,-21.23849557,0.070652107,1014.956257,1003.920307,16.65158416,85.79435644,12.96847222,8.574791667,5.31,2.385486111,NA,NA
7/15/19 15:23,1,2,NEE,-10.26325419,-21.76869497,0.081957993,1184.781426,1003.903553,16.60388235,83.95294118,12.9504717,8.565377358,5.31,2.383207547,NA,NA
7/15/19 15:27,1,2,ER,11.90227671,NA,0.077068005,1.803173681,1003.844406,15.99289855,82.54847826,12.98163636,8.581393939,5.307939394,2.379030303,54.59909091,56.21842424
7/15/19 15:31,1,2,ER,11.18922926,NA,0.072932453,1.8725921,1003.815764,15.12263636,86.82818182,13.07784173,8.571654676,5.31,2.38057554,54.52446043,56.1257554
7/15/19 15:35,1,3,NEE,-12.67465692,-17.94394,0.0049899,1192.00709,1003.817648,17.68736,87.9464,13.15694444,8.563333333,5.31,2.377833333,54.508,56.15388889
7/15/19 15:39,1,3,NEE,-11.07790111,-16.35692069,0.006158483,941.9363674,1003.87122,17.16643939,78.77674242,13.01276074,8.570674847,5.308650307,2.369141104,54.51411043,56.08503067
7/15/19 15:42,1,3,NEE,-12.01427258,-17.28180283,0.029111517,1086.445384,1003.901207,17.80835714,79.05571429,12.87242604,8.562840237,5.301538462,2.380118343,54.53621302,56.12911243
7/15/19 15:46,1,3,ER,5.300090265,NA,0.009149028,0.629846933,1003.945553,16.03368794,79.1029078,12.76504762,8.560952381,5.306642857,2.380714286,54.49461905,56.08557143
7/15/19 15:54,1,1,NEE,-11.19736636,-18.72341801,0.124219025,1103.85212,1003.951647,16.55508621,87.10931034,12.68531469,8.565174825,5.31,2.38027972,54.40083916,56.0541958
7/15/19 15:57,1,1,NEE,-11.55477538,-19.06589131,0.09351771,1069.82434,1003.931495,17.12533333,82.57771429,12.76130769,8.563692308,5.31,2.375384615,54.46038462,56.10192308
7/15/19 16:00,1,1,NEE,-10.64921785,-18.157391,0.095178339,811.1453538,1003.912176,17.23351648,79.30384615,12.81386555,8.569747899,5.304117647,2.37092437,54.49193277,56.16184874
7/15/19 16:04,1,1,ER,8.316894765,NA,0.131972476,0.641113759,1003.881333,16.10567568,84.50963964,12.87855263,8.566578947,5.297960526,2.378026316,NA,NA
7/15/19 16:08,1,1,ER,6.785621829,NA,0.111772461,0.647028147,1003.864863,14.90383562,82.84027397,12.89536232,8.563550725,5.293550725,2.373043478,NA,NA
7/15/19 16:11,1,2,NEE,-7.677164879,-16.52939864,0.07310158,1005.422343,1003.864,16.35773196,88.77113402,12.88531646,8.555253165,5.295759494,2.363797468,NA,NA
7/15/19 16:14,1,2,NEE,-11.8716096,-20.72262873,0.065574032,981.0534278,1003.891238,16.40531746,86.20055556,12.85469388,8.559251701,5.295034014,2.379047619,NA,NA
7/15/19 16:18,1,2,NEE,-12.82593427,-21.67809446,0.062545504,951.2146146,1003.940094,16.38208333,83.11572917,12.82697674,8.553488372,5.286569767,2.373023256,NA,NA
7/15/19 16:22,1,2,ER,8.693274572,NA,0.061875746,1.159823673,1003.946545,15.92148515,81.77514851,12.75104046,8.552023121,5.284624277,2.37716763,NA,NA
7/15/19 16:26,1,2,ER,9.082499265,NA,0.066157356,0.895347284,1003.919289,14.54096386,86.14819277,12.73325444,8.557633136,5.285325444,2.367159763,NA,NA
7/15/19 16:31,1,3,NEE,-8.03626446,-13.46896034,0.006881547,901.6376584,1003.891554,15.88326733,86.34356436,12.70204969,8.550062112,5.278074534,2.36,54.24944099,56.00552795
7/15/19 16:34,1,3,NEE,-9.717045155,-15.13571435,0.004526398,919.1696264,1003.84328,16.61752,84.24024,12.62693548,8.556451613,5.282365591,2.370483871,54.26741935,55.86311828
7/15/19 16:38,1,3,NEE,-10.75620037,-16.16919837,0.006881799,957.5729754,1003.840322,16.92025424,79.14152542,12.53076389,8.559236111,5.277638889,2.382083333,54.28826389,56.033125
7/15/19 16:43,1,3,ER,5.423979908,NA,0.006390136,0.580813509,1003.807172,15.39474138,77.38853448,12.43846667,8.5648,5.275333333,2.3748,54.04726667,55.8278
7/15/19 16:47,1,3,ER,5.473757815,NA,0.006072767,0.125930566,1003.830538,14.61784615,84.10923077,12.33803797,8.557721519,5.279493671,2.372468354,54.33272152,56.01303797
7/15/19 17:02,1,7,NEE,-2.224656644,-3.158796477,0.007594769,829.2255644,1003.858425,16.3616092,83.40586207,NA,0,0,NA,NA,NA
7/15/19 17:06,1,7,NEE,-2.320832086,-3.25206293,0.007875923,823.5964418,1003.866593,17.26835165,79.00593407,NA,0,0,NA,NA,NA
7/15/19 17:09,1,7,NEE,-1.990361907,-2.919739607,0.006897521,844.3081531,1003.930383,17.86592593,80.18753086,NA,0,0,NA,NA,NA
7/15/19 17:13,1,7,ER,0.964654572,NA,0.008223746,2.166370567,1003.941993,15.78304965,77.97184397,NA,0,0,NA,NA,NA
7/15/19 17:18,1,7,ER,0.911366688,NA,0.007061605,2.519323547,1003.992202,14.57853933,84.50561798,NA,0,0,NA,NA,NA
7/16/19 17:03,1,3,NEE,0.686590352,-4.918601824,NA,112.0476051,1003.376308,13.19358974,80.50102564,12.15768595,8.144132231,4.771570248,2.228347107,54.00049587,55.41752066
7/16/19 17:06,1,3,NEE,NA,NA,0.004598482,108.9711808,1003.38,13.29807692,71.09692308,12.07254098,8.147786885,4.771721311,2.220983607,54.02057377,55.42040984
7/16/19 17:09,1,3,NEE,-0.45053212,-6.055429234,0.004629625,114.774532,1003.39045,13.2127,74.2277,11.99352459,8.146803279,4.768442623,2.227540984,53.96172131,55.40688525
7/16/19 17:12,1,3,ER,5.383479199,NA,0.004345858,0.630049309,1003.370333,12.65320988,85.05432099,11.88089286,8.14797619,4.774642857,2.23,53.97357143,55.44303571
7/16/19 17:16,1,3,ER,5.849815036,NA,0.006933092,0.63005375,1003.356429,12.5622449,84.17918367,11.79074534,8.16378882,4.771863354,2.227515528,54.02900621,55.46204969
7/16/19 17:20,1,2,NEE,-0.320377977,-7.429659222,0.047654995,132.2053296,1003.347338,12.67267606,84.45492958,11.7156051,8.153949045,4.770063694,2.23,53.77,55.3588535
7/16/19 17:24,1,2,NEE,-0.226505457,-7.334820699,0.049462209,134.9152553,1003.343855,12.71052632,83.33434211,11.70006711,8.172483221,4.774630872,2.225973154,53.82308725,55.34181208
7/16/19 17:27,1,2,NEE,-2.288847368,-9.394511443,0.049130447,176.4450909,1003.336197,12.815,80.99878788,11.70189873,8.168101266,4.781898734,2.226202532,53.77506329,55.2856962
7/16/19 17:31,1,2,ER,7.712156601,NA,0.058864836,0.6236302,1003.332918,12.71622449,85.04908163,11.70569106,8.172520325,4.781382114,2.218292683,53.80365854,55.39731707
7/16/19 17:35,1,2,ER,6.503446993,NA,0.052999809,0.625175501,1003.356853,12.74891473,86.05736434,11.71311377,8.171616766,4.782634731,2.218862275,53.87844311,55.40173653
7/16/19 17:39,1,1,NEE,-1.446728371,-7.729420298,0.072607248,181.4432252,1003.475341,13.34562963,84.16125926,11.74240223,8.171564246,4.776648045,2.219441341,53.86290503,55.4249162
7/16/19 17:43,1,1,NEE,1.032582978,-5.251876661,0.08288265,143.2317852,1003.404661,13.24486957,80.89982609,11.75518293,8.16902439,4.771890244,2.21945122,53.73256098,55.38878049
7/16/19 17:47,1,1,NEE,2.062752811,-4.224939172,0.08881623,118.1207213,1003.384197,13.09180328,84.55901639,11.73772414,8.176482759,4.776068966,2.217103448,53.79786207,55.36551724
7/16/19 17:50,1,1,ER,6.149863083,NA,0.080494346,0,1003.387955,12.82009009,82.65243243,11.70922581,8.178709677,4.777096774,2.221354839,53.93477419,55.38903226
7/16/19 17:54,1,1,ER,6.441284308,NA,0.089337568,0,1003.459352,12.67314815,79.56537037,11.67428571,8.178639456,4.774829932,2.221836735,53.90265306,55.29251701
7/16/19 17:58,1,3,NEE,0.774303012,-4.844966805,0.005989725,108.0094482,1003.473864,12.504,83.801,11.63099291,8.18,4.784326241,2.220780142,53.40539007,55.09439716
7/17/19 11:12,1,7,NEE,-1.133169298,-1.889924428,0.005085792,425.9988337,1005.603904,11.94253012,84.33698795,0,0,0,NA,NA,NA
7/17/19 11:15,1,7,NEE,-1.415508214,-2.172083035,0.004923117,409.9936,1005.435984,11.96285714,84.13222222,0,0,0,NA,NA,NA
7/17/19 11:19,1,7,NEE,-1.168322247,-1.923551898,0.004142687,405.7706017,1005.43,12.46898305,92.19830508,0,0,0,NA,NA,NA
7/17/19 11:24,1,7,ER,0.782421642,NA,0.005167292,0.656544917,1005.425417,11.25583333,89.63854167,0,0,0,NA,NA,NA
7/17/19 11:28,1,7,ER,0.679621366,NA,0.004664732,2.04331869,1005.350258,10.79822581,88.56935484,0,0,0,NA,NA,NA
7/17/19 11:32,1,7,NEE,-1.43290329,-2.187829765,0.004817251,1283.448038,1005.410447,12.57813008,93.75447154,0,0,0,NA,NA,NA
7/17/19 11:35,1,7,NEE,-1.322698779,-2.073770426,0.004933838,650.7906344,1005.334133,14.0228125,85.8953125,0,0,0,NA,NA,NA
7/17/19 11:39,1,7,NEE,-2.004479471,-2.754941975,0.004660288,1362.540686,1005.259,14.23442857,84.74514286,0,0,0,NA,NA,NA
7/17/19 11:43,1,7,ER,0.762750638,NA,0.005495713,7.762175811,1005.263305,14.70642105,81.73452632,0,0,0,NA,NA,NA
7/17/19 11:47,1,7,ER,0.791769412,NA,0.005719099,7.90968505,1005.307,14.4159,84.6234,0,0,0,NA,NA,NA
7/17/19 12:00,1,1,NEE,-11.59702962,-18.80873621,0.079282556,763.1251975,1005.403709,15.69025316,78.43810127,12.54820144,7.227841727,4.567482014,2.19942446,53.26330935,55.14647482
7/17/19 12:03,1,1,NEE,-11.16621593,-18.37499029,0.097011294,626.4268324,1005.412549,15.81028169,78.61408451,12.5891129,7.229677419,4.575241935,2.193709677,53.1983871,55.17145161
7/17/19 12:06,1,1,NEE,-10.61307088,-17.83862802,0.093757563,628.7727824,1005.412187,15.13901099,74.60373626,12.56701754,7.229824561,4.562894737,2.19,53.20859649,55.10912281
7/17/19 12:10,1,1,ER,6.571106155,NA,0.105752712,1.222984934,1005.413294,13.77235294,83.81529412,12.52457364,7.230542636,4.555426357,2.19,53.25976744,55.05093023
7/17/19 12:13,1,1,ER,7.969289645,NA,0.129086303,1.260042342,1005.339468,13.0156962,79.32443038,12.53560284,7.244964539,4.562978723,2.192836879,53.15439716,55.14794326
7/17/19 12:16,1,2,NEE,-15.71578218,-22.8432501,0.034991918,612.963474,1005.412563,13.678125,89.42927083,12.55,7.248421053,4.557744361,2.19,54.10270677,55.55421053
7/17/19 12:19,1,2,NEE,-14.53571545,-21.66056388,0.041858139,509.9732326,1005.369935,13.77141304,85.82228261,12.52273381,7.249280576,4.554100719,2.19,54.15122302,55.53194245
7/17/19 12:23,1,2,NEE,-14.32012785,-21.44381537,0.03977782,573.0263516,1005.421,13.83274725,87.31417582,12.40206612,7.249173554,4.555041322,2.193305785,54.16760331,55.50859504
7/17/19 12:26,1,2,ER,7.107319993,NA,0.041902248,0.639018776,1005.3672,13.09085714,91.10857143,12.34284672,7.249927007,4.553649635,2.193649635,54.10868613,55.47569343
7/17/19 12:30,1,2,ER,7.191264875,NA,0.041397591,0.677255243,1005.23815,12.45525,89.9825,12.26384,7.25232,4.55592,2.194,53.94744,55.47912
7/17/19 12:33,1,3,NEE,-13.19411719,-18.67618346,0.002441984,857.4645824,1005.209588,14.04764706,90.17058824,12.18154472,7.258373984,4.55,2.19,53.8698374,55.39845528
7/17/19 12:36,1,3,NEE,-11.9217181,-17.38704021,0.003892209,595.8881989,1005.1708,14.91642105,84.61305263,12.15408759,7.284817518,4.55379562,2.188832117,54.05722628,55.42218978
7/17/19 12:39,1,3,NEE,-9.813339687,-15.28517564,0.003427143,448.3056242,1005.164095,14.57157895,82.21757895,12.0644,7.28104,4.55,2.19,53.75056,55.40304
7/17/19 12:42,1,3,ER,5.818681891,NA,0.002929562,0.835799788,1005.178673,13.74403846,85.60192308,11.88787037,7.286296296,4.556666667,2.19712963,53.93851852,55.45425926
7/17/19 12:45,1,3,ER,5.170467978,NA,0.003391966,0.629855119,1005.171949,12.9790678,80.95262712,11.70391608,7.287902098,4.552797203,2.19,53.83503497,55.42615385
7/17/19 14:25,1,1,NEE,-10.81037924,-17.69505716,0.067210441,845.5499598,1004.755,14.81482759,84.09241379,NA,7.32,4.55,2.19,53.54722222,55.16472222
7/17/19 14:29,1,1,NEE,-13.61259578,-20.438437,0.075860101,1409.638049,1004.753,17.29641975,82.91777778,NA,7.32,4.55,2.19,52.99504425,54.95982301
7/17/19 14:32,1,1,NEE,-13.79602827,-20.60123606,0.084394533,1430.035593,1004.704605,18.16302326,77.15825581,NA,7.32,4.55,2.19,53.41566038,55.03113208
7/17/19 14:35,1,1,ER,6.741781783,NA,0.073614415,1.259195,1004.593,17.5425,80.6295,NA,7.32,4.55,2.19,53.20213115,54.96786885
7/17/19 14:38,1,1,ER,6.910168777,NA,0.07897834,1.259195,1004.593,16.95369231,76.68907692,NA,7.32,4.55,2.19,52.71616667,54.95966667
7/17/19 14:41,1,2,NEE,-12.56279452,-19.88471124,0.040662205,649.2378171,1004.669049,17.30268293,85.84390244,NA,7.32,4.55,2.19,53.58350427,55.14897436
7/17/19 14:44,1,2,NEE,-11.35892125,-18.69690541,0.04055733,546.6947851,1004.735297,16.68581081,83.60959459,NA,7.32,4.55,2.19,53.67066667,55.22451852
7/17/19 14:47,1,2,NEE,-13.03252205,-20.38193608,0.037165393,549.9291659,1004.710495,16.22791209,81.32648352,NA,7.32,4.55,2.19,53.61848,55.1904
7/17/19 14:51,1,2,ER,6.270884815,NA,0.035821676,0.598885332,1004.593,15.52365854,80.9804878,NA,7.32,4.55,2.19,53.49537815,55.08571429
7/17/19 14:54,1,2,ER,8.493947094,NA,0.041211388,1.080420373,1004.593,14.44061728,84.35555556,NA,7.414522293,4.539044586,2.176751592,53.56815287,55.1911465
7/17/19 14:58,1,3,NEE,-12.64952237,-18.42555125,0.004136488,998.8866673,1004.593,16.12336538,78.76682692,13.04028571,7.463428571,4.522142857,2.181214286,53.73942857,55.24057143
7/17/19 15:01,1,3,NEE,-12.61221355,-18.3612128,0.002494094,715.8574211,1004.537341,17.46731707,75.31382114,12.98660131,7.463267974,4.523398693,2.182745098,53.79882353,55.18901961
7/17/19 15:04,1,3,NEE,-15.89128309,-21.61596412,0.002481431,1521.78403,1004.461627,18.67985075,74.85059701,12.94207143,7.465214286,4.522857143,2.177357143,53.7,55.284
7/17/19 15:09,1,3,ER,5.741543305,NA,0.003135302,1.25142219,1004.43,17.42839506,73.03209877,12.97384058,7.478985507,4.520724638,2.176086957,53.66434783,55.21695652
7/17/19 15:12,1,3,ER,5.77903512,NA,0.003068898,0.5563884,1004.303791,16.27232558,77.95267442,12.98503704,7.486296296,4.52,2.173851852,53.65637037,55.27651852
7/17/19 15:16,1,1,NEE,-11.65491368,-20.00864927,0.066401992,1149.667836,1004.288618,17.23436364,78.73909091,12.9715625,7.49,4.522890625,2.181796875,53.19359375,54.94640625
7/17/19 15:19,1,1,NEE,-12.2773192,-20.60037917,0.068250732,1136.077926,1004.412766,18.3406383,77.92893617,12.97588235,7.49,4.52,2.182605042,52.82159664,54.9197479
7/17/19 15:22,1,1,NEE,-12.26242106,-20.57578319,0.072472435,1143.850583,1004.268,18.63861111,74.49986111,12.99991525,7.49,4.52,2.184237288,52.89644068,54.84305085
7/17/19 15:25,1,1,ER,8.003273514,NA,0.089269757,2.236376612,1004.270448,18.19791045,76.72701493,13,7.502380952,4.520952381,2.177301587,52.79253968,54.86714286
7/17/19 15:28,1,1,ER,8.677859358,NA,0.096472509,1.064361025,1004.304515,17.22680412,72.24649485,12.97765152,7.503030303,4.52,2.185454545,52.73045455,54.83939394
7/17/19 15:32,1,2,NEE,-10.57738991,-17.07827621,0.041112587,484.8078676,1004.333157,16.565,74.53696078,12.83854015,7.514306569,4.52,2.179489051,53.28992701,55.00007299
7/17/19 15:36,1,2,NEE,-12.70888685,-19.21711769,0.040184425,506.4142198,1004.323271,16.23520833,76.39489583,12.74952055,7.516917808,4.520684932,2.184109589,53.30452055,54.99630137
7/17/19 15:39,1,2,NEE,-9.571422443,-16.09718098,0.041976323,411.8045161,1004.292839,15.44919643,78.34214286,12.64673759,7.527163121,4.520851064,2.182836879,53.3512766,55.03425532
7/17/19 15:43,1,2,ER,6.377559238,NA,0.04325686,0.629425319,1004.263593,14.27425926,82.36064815,12.53941176,7.53,4.523676471,2.175147059,53.60838235,54.98161765
7/17/19 15:46,1,2,ER,6.738265798,NA,0.044460556,0.712411666,1004.267066,13.79164835,83.04868132,12.46956204,7.53,4.524379562,2.175839416,53.37313869,55.09386861
7/17/19 15:50,1,3,NEE,-11.01762536,-16.69231571,0.001953855,846.6925652,1004.219565,15.30119565,81.08793478,12.44115942,7.532173913,4.521449275,2.181014493,53.34695652,55.05318841
7/17/19 15:53,1,3,NEE,-12.28350244,-17.92392529,0.003312407,1115.36143,1004.038478,17.00130435,76.66630435,12.47050955,7.53955414,4.52,2.165796178,53.37828025,55.0088535
7/17/19 15:56,1,3,NEE,-8.433283634,-14.08523967,0.003231584,506.3491173,1004.03652,16.40866667,81.92586667,12.4047093,7.538197674,4.52,2.171744186,53.2472093,55.0144186
7/17/19 16:00,1,3,ER,5.462742418,NA,0.002389887,1.173740081,1004.011162,14.8027027,82.82554054,12.28624204,7.547070064,4.522547771,2.183949045,53.4066879,55.07254777
7/17/19 16:04,1,3,ER,5.902689082,NA,0.003712662,1.258804236,1004.009336,14.86254545,79.32390909,12.30748201,7.56,4.52,2.177338129,53.39863309,55.0047482
7/17/19 16:07,1,1,NEE,-10.33233164,NA,0.071371959,932.3864533,1003.973993,16.68192593,83.49377778,12.34254777,7.558726115,4.52,2.179872611,53.36636943,55.11910828
7/17/19 16:10,1,1,NEE,-11.8472766,NA,0.0641103,804.464599,1004.033853,17.76970588,75.6595098,12.41895833,7.562777778,4.521458333,2.172013889,53.28041667,55.12027778
7/17/19 16:13,1,1,NEE,-9.801819774,NA,0.081727776,549.7199854,1004.071902,17.63536585,78.90658537,12.45,7.56,4.52375,2.165125,53.4439375,55.048625
7/17/19 16:17,1,2,NEE,-9.045465852,NA,0.040998861,417.149275,1004.088966,16.37590909,72.90295455,12.42006897,7.568275862,4.522068966,2.168275862,53.67275862,55.13806897
7/17/19 16:20,1,2,NEE,-10.23958963,NA,0.041361907,447.5907383,1004.092963,16.12061728,81.20641975,12.35682119,7.575430464,4.52,2.167417219,53.68410596,55.22549669
7/17/19 16:23,1,2,NEE,-8.66000505,NA,0.046509527,381.1289478,1004.098,15.31217391,68.87,12.28993827,7.582530864,4.52191358,2.161851852,53.58419753,55.23716049
7/17/19 16:27,1,3,NEE,-7.10569859,NA,0.004113363,430.7223395,1004.100884,14.53325581,69.41325581,12.19065041,7.589837398,4.52,2.170081301,53.73308943,55.17528455
7/17/19 16:29,1,3,NEE,-8.854283745,NA,0.003887696,701.8835972,1004.103,14.98788732,79.52971831,12.06574803,7.6,4.521574803,2.174173228,53.66267717,55.16228346
7/17/19 16:32,1,3,NEE,-8.91278727,NA,0.003071225,588.3491923,1004.109341,15.20461538,77.46637363,11.98535714,7.597142857,4.52,2.165071429,53.75828571,55.24028571
7/19/19 13:01,1,6,NEE,-2.692058637,-3.423052066,-6.47E-05,1430.997308,1010.948972,18.92242991,67.23635514,24.11164384,10.03335616,7.600684932,6.876232877,NA,NA
7/19/19 13:04,1,6,NEE,-2.624339903,-3.354323996,-0.000115172,1395.542969,1011.052948,19.35635417,71.24572917,23.77431507,10.06,7.601986301,6.877260274,NA,NA
7/19/19 13:08,1,6,NEE,-2.249906291,-2.980525933,4.95E-06,974.6267985,1011.015738,19.09115385,69.21669231,23.27164634,10.08432927,7.604756098,6.875731707,NA,NA
7/19/19 13:12,1,6,ER,0.745605053,NA,4.16E-05,0.726236444,1011.048972,16.79097222,69.93041667,21.7125,10.10440476,7.627380952,6.877619048,NA,NA
7/19/19 13:16,1,6,ER,0.732190692,NA,-3.44E-05,0.629875624,1011.073059,14.85128713,76.33445545,20.5811413,10.13,7.633423913,6.87673913,NA,NA
7/19/19 13:20,1,6,NEE,-1.405611025,-2.080720581,4.05E-05,738.4617315,1011.057838,15.50135135,75.45765766,19.7060479,10.15461078,7.642694611,6.87754491,NA,NA
7/19/19 13:23,1,6,NEE,-1.767786257,-2.441233743,-0.000196591,968.0206848,1011.023304,16.20385965,74.70093567,19.05890476,10.16095238,7.654666667,6.870904762,NA,NA
7/19/19 13:28,1,6,NEE,-2.218941701,-2.889115318,-0.000357377,1282.410793,1011.041093,17.6225,71.30228571,19.26424658,10.18936073,7.659543379,6.874977169,NA,NA
7/19/19 13:33,1,6,ER,0.659673146,NA,1.67E-05,1.13842919,1011.010887,17.18735099,68.63880795,18.9375,10.20040984,7.668196721,6.873688525,NA,NA
7/19/19 13:38,1,6,ER,0.685924791,NA,0.00033163,0.753530602,1010.96277,15.78442623,66.65713115,18.63062112,10.21428571,7.690496894,6.870062112,NA,NA
7/19/19 14:16,1,4,NEE,-1.890740658,-3.197640022,6.05E-05,1100.339321,1010.844603,17.18309524,75.42611111,20.57734694,10.25863946,7.773537415,6.851632653,NA,NA
7/19/19 14:19,1,4,NEE,-2.062204762,-3.362382632,-0.000207786,1139.282789,1010.738664,18.6534375,69.73757813,22.17460123,10.26,7.781042945,6.858343558,NA,NA
7/19/19 14:23,1,4,NEE,-1.844742103,-3.140051335,8.20E-05,980.836243,1010.866777,19.78735537,66.65702479,23.0972973,10.25797297,7.796554054,6.849527027,NA,NA
7/19/19 14:27,1,4,ER,1.338668559,NA,-0.000121252,2.511810239,1010.81088,17.07956522,68.0376087,23.4712069,10.26,7.799137931,6.852586207,NA,NA
7/19/19 14:30,1,4,ER,1.282221393,NA,-8.45E-05,2.634193617,1010.898,15.69066667,69.242,23.9865812,10.26760684,7.8,6.862136752,NA,NA
7/19/19 14:33,1,6,NEE,-2.329782359,-3.150625897,-6.13E-05,1119.464239,1010.898565,16.40086957,69.32619565,24.23177215,10.27886076,7.803860759,6.855822785,NA,NA
7/19/19 14:37,1,6,NEE,-2.285020241,-3.102020236,7.22E-05,1035.659677,1010.828446,17.74287129,69.83,24.32513158,10.29796053,7.809934211,6.85125,NA,NA
7/19/19 14:40,1,6,NEE,-2.625816067,-3.444544054,3.94E-05,1108.094194,1010.759667,17.10916667,65.38138889,24.54342282,10.29731544,7.831006711,6.863825503,NA,NA
7/19/19 14:44,1,6,ER,0.860863904,NA,0.000129962,1.259632176,1010.760426,15.80919118,79.09698529,23.71087209,10.30232558,7.837616279,6.857790698,NA,NA
7/19/19 14:49,1,6,ER,0.787350205,NA,7.17E-05,1.259663,1010.7645,14.56611111,85.275,21.70155844,10.31597403,7.846493506,6.862207792,NA,NA
7/19/19 16:33,1,1,NEE,-5.666567876,-12.50269561,0.052740357,383.5930441,1010.810032,13.22376344,72.46655914,11.71966387,6.714705882,3.865378151,1.95,NA,54.29201681
7/19/19 16:36,1,1,NEE,-4.697557209,-11.54177669,0.052872825,363.1531514,1010.774973,12.87527027,74.13986486,11.64269565,6.714347826,3.861913043,1.95,NA,NA
7/19/19 16:40,1,1,NEE,-5.460082403,-12.31764039,0.058347968,375.9433065,1010.778,12.31978261,73.93434783,11.58542056,6.716542056,3.857663551,1.955607477,NA,NA
7/19/19 16:43,1,1,ER,6.352685351,NA,0.078868585,0.629990199,1010.78,11.7382716,82.90567901,11.54138889,6.716944444,3.867962963,1.95,NA,54.2687037
7/19/19 16:46,1,1,ER,7.402189145,NA,0.090733561,0.6299992,1010.781,11.28686275,81.78627451,11.50242424,6.73,3.86469697,1.949242424,NA,54.33545455
7/19/19 16:49,1,2,NEE,-4.947630442,-13.59759564,0.028607429,487.0955139,1010.777386,12.01306931,86.05049505,11.48545455,6.733939394,3.854090909,1.95,NA,54.30363636
7/19/19 16:52,1,2,NEE,-8.375405093,-17.01766175,0.027257643,516.5728901,1010.936341,12.31230769,83.37604396,11.46178862,6.737560976,3.865853659,1.95,NA,54.29634146
7/19/19 16:55,1,2,NEE,-6.527672046,-15.16706271,0.029549506,394.9281686,1010.94,12.40803922,80.80411765,11.43579365,6.74,3.87,1.947619048,50.53079365,NA
7/19/19 16:59,1,2,ER,9.034639675,NA,0.029957882,0.4200394,1010.942481,11.67506173,82.39148148,11.36987654,6.743765432,3.864320988,1.947654321,NA,54.38962963
7/19/19 17:02,1,2,ER,8.305939212,NA,0.029859469,0,1010.942392,11.08215686,84.01568627,11.28601504,6.758721805,3.866992481,1.943984962,NA,54.84150376
7/19/19 17:06,1,3,NEE,-4.069003991,-8.300247596,0.001560139,279.1996763,1010.942921,11.68982456,80.75684211,11.1728125,6.76,3.8675,1.949375,50.411375,54.58875
7/19/19 17:09,1,3,NEE,-4.585512881,-8.814021313,0.001807423,276.4037071,1010.943172,11.87414141,79.39545455,11.008,6.772666667,3.867333333,1.947266667,50.36746667,54.61453333
7/19/19 17:12,1,3,NEE,-4.913549091,-9.143294477,0.001431463,270.7437766,1010.941701,11.79037383,75.66392523,10.89586466,6.776015038,3.87,1.947744361,50.43518797,54.64052632
7/19/19 17:16,1,3,ER,3.623341869,NA,0.002050199,0,1010.944,11.19016393,77.6747541,10.68988304,6.78,3.87,1.94877193,50.48918129,54.66152047
7/19/19 17:20,1,3,ER,4.865057418,NA,0.001741493,0,1010.94087,10.54450382,81.54068702,10.55578313,6.78,3.87,1.934638554,50.52445783,54.58975904
7/19/19 17:24,1,1,NEE,-1.545433578,NA,0.069788441,250.239328,1010.937012,10.96987805,86.3804878,10.49187919,6.780671141,3.87,1.944630872,50.35805369,54.56597315
7/19/19 17:27,1,1,NEE,-1.580134814,NA,0.070810973,229.5302958,1010.923907,11.10135593,83.3240678,10.5,6.785298013,3.871986755,1.944039735,NA,NA
7/19/19 17:30,1,1,NEE,-1.898401937,NA,0.060789266,220.535615,1010.904345,11.03,81.21716814,10.50510949,6.787956204,3.867080292,1.945474453,NA,NA
7/19/19 17:33,1,2,NEE,NA,NA,0.029818261,218.943526,1010.876364,10.89385281,83.42398268,10.48623656,6.796021505,3.868207885,1.944408602,NA,NA
7/19/19 17:39,1,2,NEE,-1.18845681,NA,0.024802396,211.708496,1010.873667,10.6012,80.38733333,10.44628205,6.801025641,3.87,1.945448718,NA,NA
7/19/19 17:42,1,2,NEE,-2.130929035,NA,0.025415009,211.0830681,1010.867652,10.76797101,83.45217391,10.41723404,6.798652482,3.87212766,1.940070922,50.22907801,54.53943262
7/19/19 17:46,1,2,NEE,-2.103799454,NA,0.029656996,212.8516208,1010.864646,10.76354167,83.49583333,10.4024031,6.805891473,3.87,1.934496124,50.39193798,54.60992248
7/19/19 17:49,1,3,NEE,-1.326040946,NA,0.002389834,207.5812259,1010.860106,10.86,80.76988235,10.36262774,6.81,3.87,1.935912409,50.5829927,54.66751825
7/19/19 17:52,1,3,NEE,-1.453580234,NA,0.000666951,195.1411865,1010.860865,10.825,79.24708333,10.28468531,6.807902098,3.872097902,1.941468531,50.57398601,54.65468531
7/20/19 13:52,1,1,NEE,-6.682290099,-12.08911761,0.036424149,362.4750416,1013.218,10.69930693,82.13861386,11.16304688,6.100078125,3.7715625,1.92,NA,NA
7/20/19 13:55,1,1,NEE,-6.329612471,-11.73907988,0.036138679,347.0719451,1013.218,10.56078431,80.57107843,11.0751938,6.109302326,3.776976744,1.92,NA,NA
7/20/19 13:58,1,1,NEE,-5.835145163,-11.24373302,0.034599657,321.6554512,1013.203612,10.60289256,83.03123967,10.99892617,6.115100671,3.771342282,1.922013423,NA,NA
7/20/19 14:02,1,1,ER,5.328178468,NA,0.046497712,0.630263111,1013.056,10.124,88.52909091,10.87783626,6.126432749,3.771169591,1.92,NA,NA
7/20/19 14:06,1,1,ER,5.513862991,NA,0.038042558,0.6302665,1013.058382,9.705588235,86.42647059,10.73571429,6.13,3.77,1.92,NA,NA
7/20/19 14:11,1,2,NEE,-5.984711835,-13.28963102,0.019829211,305.1705052,1013.091217,9.946434783,88.05826087,10.64453901,6.132836879,3.77,1.91787234,NA,NA
7/20/19 14:14,1,2,NEE,-5.556300492,-12.85578858,0.020633706,321.6907935,1013.218,10.19252336,90.70560748,10.54095808,6.141976048,3.77,1.916407186,NA,NA
7/20/19 14:18,1,2,NEE,-8.148927019,-15.44898226,0.020815466,422.9820612,1013.218,10.1705102,89.17755102,10.45543478,6.157101449,3.77,1.92,NA,NA
7/20/19 14:24,1,2,ER,5.760066142,NA,0.020634064,0.6302707,1013.207875,9.682916667,89.52083333,10.41620155,6.157674419,3.769379845,1.917674419,NA,NA
7/20/19 14:30,1,2,ER,8.148176919,NA,0.02293776,5.166445541,1013.206592,9.568873239,92.85352113,10.38882759,6.164137931,3.77,1.92,NA,NA
7/20/19 14:32,1,2,ER,8.042824211,NA,0.022732052,0.6302708,1013.173655,9.318534483,88.67672414,10.37013986,6.16,3.77,1.92,NA,NA
7/20/19 14:36,1,3,NEE,-7.439252101,-11.94351962,0.001925192,457.6396725,1013.21395,10.35566667,87.09583333,10.36601227,6.178773006,3.77,1.92,NA,NA
7/20/19 14:40,1,3,NEE,-8.030620607,-12.53466112,0.002185206,416.8296217,1013.2153,10.37033333,79.98083333,10.22343195,6.186568047,3.77,1.916449704,NA,NA
7/20/19 14:44,1,3,NEE,-5.39856691,-9.906727979,0.002421356,284.8736736,1013.218,10.11194444,78.12652778,10.05539568,6.189280576,3.767841727,1.909064748,NA,NA
7/20/19 14:48,1,3,ER,4.503243533,NA,-0.001480137,0,1013.333059,9.486705882,83.93905882,9.852748092,6.19,3.763053435,1.918473282,NA,NA
7/20/19 14:51,1,3,ER,4.540353408,NA,0.000560373,0,1013.381,9.107692308,85.59010989,9.666341463,6.194065041,3.766747967,1.919674797,NA,NA
7/20/19 14:54,1,1,NEE,-0.982253498,-6.97925748,0.046986506,208.1261311,1013.381,9.27254717,87.83962264,9.543693694,6.197747748,3.765045045,1.918603604,NA,NA
7/20/19 14:59,1,1,NEE,-2.232309414,-8.232503524,0.042835167,222.9103609,1013.381,9.122391304,83.55195652,9.51,6.206896552,3.765689655,1.92,NA,NA
7/20/19 15:01,1,1,NEE,-2.294271319,-8.296319662,0.046396407,227.7173338,1013.381,9.03518797,87.66458647,9.512564103,6.202564103,3.766794872,1.917307692,NA,NA
7/20/19 15:05,1,1,ER,4.664219587,NA,0.042640057,0,1013.405366,8.692676056,87.07042254,9.522322581,6.215741935,3.770645161,1.92,NA,NA
7/20/19 15:09,1,1,ER,6.109016713,NA,0.052016287,0,1013.425212,8.423636364,89.18787879,9.496804124,6.21742268,3.767835052,1.919896907,NA,NA
7/20/19 15:13,1,1,ER,NA,NA,0.043263667,0,1013.415455,8.58,96.55454545,9.445833333,6.23,3.760277778,1.92,NA,NA
7/20/19 15:15,1,2,NEE,-1.380789771,-8.782000361,0.023335684,220.7614835,1013.417547,8.551510791,88.9057554,9.408819876,6.228136646,3.76689441,1.91689441,49.98900621,NA
7/20/19 15:18,1,2,NEE,-2.490216274,-9.891029019,0.022607297,236.1550208,1013.409494,8.564415584,85.96493506,9.397413793,6.23,3.76612069,1.918965517,50.20965517,54.34896552
7/20/19 15:21,1,2,NEE,-2.635128037,-10.03335532,0.021892482,226.7475345,1013.402782,8.661,86.65154545,9.380072464,6.232173913,3.766376812,1.917826087,49.90028986,NA
7/20/19 15:25,1,2,ER,7.406882037,NA,0.021814936,0,1013.405453,8.33245283,89.1745283,9.37,6.232307692,3.766384615,1.91,50.19107692,54.35753846
7/20/19 15:28,1,3,NEE,-3.104097162,-6.061946533,0.000771317,258.8505407,1013.406243,8.574642857,85.23564286,9.322407407,6.239259259,3.763148148,1.916296296,50.25,54.31962963
7/20/19 15:31,1,3,NEE,-3.281236369,-6.236965901,0.00225703,275.3319947,1013.418124,8.78,83.22415929,9.175827338,6.23,3.762805755,1.915683453,50.33640288,54.35884892
7/20/19 15:34,1,3,NEE,-5.014269703,-7.967829418,-0.000844387,290.5397216,1013.41298,8.985686275,84.18431373,9.091550388,6.24248062,3.765736434,1.92,50.34310078,54.37333333
7/20/19 15:38,1,3,ER,NA,NA,3.43E-05,0.064323841,1013.446082,8.847346939,80.67244898,9.03,6.24703125,3.76828125,1.92,50.2640625,54.48125
7/20/19 15:40,1,3,ER,3.997934063,NA,0.005905568,0.012360282,1013.443706,8.73,87.67254902,9.007560976,6.245,3.77,1.911097561,50.16682927,54.3202439
7/20/19 16:50,1,3,NEE,-3.648104095,-8.275470959,0.0013783,285.6489433,1013.540197,9.633630573,86.07452229,9.639047619,6.254166667,3.760833333,1.918809524,50.0515873,54.38611111
7/20/19 16:58,1,3,NEE,-8.346346313,-12.93022796,0.00044707,786.7892496,1013.466717,12.29557522,74.61070796,9.360851064,6.293617021,3.77,1.907092199,NA,NA
7/20/19 17:02,1,3,NEE,-9.121359216,-13.67959627,0.001496379,768.5741281,1013.476906,13.904375,69.0990625,9.324416667,6.3,3.77,1.897416667,NA,NA
7/20/19 17:05,1,3,ER,4.590899205,NA,0.001766654,0,1013.492792,12.20396226,71.28566038,9.270814815,6.291111111,3.767777778,1.902074074,NA,54.31037037
7/20/19 17:08,1,3,ER,4.601297474,NA,0.001240052,0,1013.462485,10.87737374,75.46848485,9.236031746,6.3,3.77,1.906666667,49.91674603,54.29563492
7/20/19 17:11,1,2,NEE,-9.891781153,-17.77245062,0.022200662,720.7037455,1013.461494,11.22467532,78.26818182,9.236796875,6.3,3.766875,1.90171875,49.87953125,54.41460938
7/20/19 17:14,1,2,NEE,-11.48302949,-19.33969154,0.020979306,726.9644037,1013.465037,12.09462963,77.54111111,9.278717949,6.3,3.765726496,1.898547009,50.03794872,54.39119658
7/20/19 17:17,1,2,NEE,-10.85331956,-18.70307159,0.02219553,733.65807,1013.526357,12.363,75.89157143,9.329210526,6.295614035,3.769912281,1.901666667,49.96070175,54.3545614
7/20/19 17:20,1,2,ER,8.415467948,NA,0.021476629,1.082882527,1013.543,11.73690141,75.45492958,9.397830189,6.3,3.77,1.909622642,50.02886792,54.38886792
7/20/19 17:23,1,2,ER,7.3471241,NA,0.022285425,0,1013.543,10.63852632,80.91178947,9.44,6.3,3.77,1.902583333,50.09333333,54.4075
7/20/19 17:25,1,1,NEE,-6.525940709,-11.53223274,0.032880987,619.2113089,1013.543,10.62428571,78.40571429,9.430689655,6.300114943,3.77,1.895402299,50.02804598,54.34287356
7/20/19 17:28,1,1,NEE,-3.972199201,-8.969732423,0.03739527,316.3708022,1013.394935,11.08010753,78.62795699,9.426134454,6.3,3.77,1.903109244,49.99613445,54.43478992
7/20/19 17:30,1,1,NEE,-3.943562591,-8.954963845,0.037626762,311.4557932,1013.381,10.28966102,75.50288136,9.41125,6.3,3.768854167,1.903645833,50.01145833,54.365
7/20/19 17:33,1,1,NEE,-8.27342028,-13.2683919,0.037766017,619.9457431,1013.381,11.22196078,78.20911765,9.371209677,6.300806452,3.77,1.904596774,50.08790323,54.24758065
7/20/19 17:35,1,1,NEE,-8.152321015,-13.12699022,0.035420598,543.8319385,1013.381,12.38252747,74.76241758,9.346711409,6.301342282,3.76852349,1.900805369,50.07469799,54.33187919
7/20/19 17:38,1,1,NEE,-8.765908076,-13.72390877,0.028860722,655.032025,1013.381732,13.34267857,67.98464286,9.321195652,6.3,3.77,1.894565217,50.02152174,54.43152174
7/20/19 17:41,1,1,ER,5.022578119,NA,0.039193692,0.325420993,1013.450132,12.1689011,75.59373626,9.321190476,6.301587302,3.77,1.891587302,49.92222222,54.37238095
7/20/19 17:44,1,1,ER,4.954896896,NA,0.036490061,0.291516475,1013.501552,11.03119403,79.31477612,9.310862069,6.3,3.77,1.896206897,49.97413793,54.33310345
7/21/19 11:59,2,2,NEE,-3.955234637,-6.206610888,0.16050167,485.6761648,1005.845935,13.40361111,69.41888889,4.254621212,3.052272727,1.636060606,0.590757576,NA,NA
7/21/19 12:02,2,2,NEE,-5.739765268,-7.986264208,0.170399459,966.564622,1005.754,13.99949153,67.95627119,4.255703125,3.064765625,1.623203125,0.59,NA,NA
7/21/19 12:05,2,2,NEE,-6.715203806,-8.929681672,0.183171995,1917.825886,1005.641709,18.11911392,73.60468354,4.2508,3.05,1.6324,0.59,NA,NA
7/21/19 12:10,2,2,ER,2.150297495,NA,0.17865761,1.894178643,1005.587183,18.46930435,57.97286957,4.25,3.035,1.623,0.59,NA,NA
7/21/19 12:13,2,2,ER,2.288787977,NA,0.189859378,1.538893955,1005.491097,16.44277778,62.79805556,4.252333333,3.043888889,1.613833333,0.59,NA,NA
7/21/19 12:17,2,2,NEE,-3.961159306,-6.063915032,0.193391503,656.0080577,1005.575795,17.35679487,67.11487179,4.272763158,3.025197368,1.612631579,0.59,NA,NA
7/21/19 12:20,2,2,NEE,-4.743568876,-6.849228922,0.177076141,596.7474221,1005.581651,16.9577907,58.65546512,4.282837838,3.028851351,1.612702703,0.59,NA,NA
7/21/19 12:24,2,2,NEE,-4.239822787,-6.345355736,0.188435031,569.0611893,1005.577714,16.97416667,62.87642857,4.286573427,3.017132867,1.612797203,0.590699301,NA,NA
7/21/19 12:27,2,2,ER,NA,NA,0.17966926,0.602962185,1005.41894,15.83791045,58.54955224,4.282421875,3.021796875,1.61,0.58609375,NA,NA
7/21/19 12:31,2,2,ER,2.239563178,NA,0.181963579,0.631210855,1005.405009,14.00963964,63.35171171,4.281357143,3.01,1.611285714,0.590714286,NA,NA
7/21/19 12:34,2,2,NEE,-2.379151607,-4.266549314,0.176424874,393.0976094,1005.387981,13.92,67.15830189,4.304366197,3.018450704,1.61,0.59,NA,NA
7/21/19 12:37,2,2,NEE,-2.502202309,-4.387811169,0.163503176,378.97424,1005.3728,14.188,67.928,4.311510791,3.021366906,1.61,0.59,NA,NA
7/21/19 12:40,2,2,NEE,-3.282664709,-5.170187576,0.174102114,392.1438235,1005.345009,13.88869565,66.73530435,4.328085106,3.01,1.609219858,0.59,NA,NA
7/21/19 12:44,2,2,ER,2.023410119,NA,0.182016941,0,1005.307551,12.97012821,65.92307692,4.317708333,3.012916667,1.61,0.59,NA,NA
7/21/19 12:47,2,2,ER,1.771698371,NA,0.161494665,0.534105038,1005.100087,11.60576923,72.01538462,4.326807229,3.013614458,1.61,0.587590361,NA,NA
7/21/19 13:06,2,0,NEE,-6.360725772,-8.885616822,NA,472.6993873,1004.934577,13.65732394,79.17943662,5.58753012,4.295722892,2.978192771,1,NA,NA
7/21/19 13:09,2,0,NEE,-7.468102093,-9.996206849,0.088927192,455.5727772,1004.935439,13.29298246,79.33526316,5.622473684,4.301631579,2.966842105,0.997368421,NA,NA
7/21/19 13:14,2,0,NEE,-8.117562811,-10.64957118,0.104990571,384.5182314,1004.772,12.80485714,76.56442857,5.665153374,4.306687117,2.967730061,0.996932515,NA,NA
7/21/19 13:17,2,0,NEE,-8.056290636,-10.58747759,0.108351516,374.8196951,1004.772,12.89765432,80.14333333,5.684827586,4.306551724,2.965241379,0.998551724,NA,NA
7/21/19 13:22,2,0,ER,2.489995542,NA,0.105526181,0,1004.764835,11.67879121,79.84527473,5.679583333,4.304166667,2.958083333,0.9925,NA,NA
7/21/19 13:25,2,0,ER,2.596882823,NA,0.114236565,0,1004.646719,11.32975207,80.09132231,5.70775641,4.304230769,2.95,0.988141026,NA,NA
7/21/19 13:29,2,0,NEE,-6.543024814,-9.067850834,0.109986403,425.1715347,1004.609,12.44561224,83.63938776,5.726530612,4.309319728,2.953401361,0.994557823,NA,NA
7/21/19 13:36,2,0,NEE,-7.955022402,-10.46697737,0.106617129,468.6464252,1004.477286,13.87134454,81.2394958,5.729329268,4.31,2.952439024,0.986829268,NA,NA
7/21/19 13:39,2,0,NEE,-8.306018829,-10.8156754,0.104522337,504.2033145,1004.449735,14.12632479,76.50905983,5.767162162,4.31,2.953175676,0.988648649,NA,NA
7/21/19 13:43,2,0,ER,2.568142207,NA,0.108621557,0,1004.36456,12.98967033,74.86945055,5.774666667,4.309259259,2.95,0.987259259,NA,NA
7/21/19 13:47,2,0,ER,2.475772663,NA,0.105455488,0,1004.35739,12.3993,75.1036,5.788151261,4.31,2.950840336,0.980504202,NA,NA
7/21/19 14:54,2,0,NEE,-10.7972956,-13.29977387,0.108997598,528.8642234,1003.959,13.0506383,83.94191489,5.902051282,4.335029586,2.931538462,0.995621302,NA,NA
7/21/19 14:57,2,0,NEE,-10.47452001,-12.97100383,0.108496578,525.6636083,1003.959,13.73785124,80.88702479,5.907671233,4.351438356,2.920136986,0.976232877,NA,NA
7/21/19 15:00,2,0,NEE,-7.85087123,-10.3455584,0.085486651,479.8993313,1003.959,13.94446429,80.93339286,NA,4.35,2.92,0.97,NA,NA
7/21/19 15:04,2,0,NEE,-10.1612822,-12.65636992,0.11066395,492.1750822,1003.909277,13.88415842,80.23217822,NA,4.35,2.92,0.97,NA,NA
7/21/19 15:08,2,0,ER,2.541271339,NA,0.106512223,0,1003.797,13.22189655,79.02086207,NA,4.35,2.92,0.97,NA,NA
7/21/19 15:27,2,0,ER,2.466531462,NA,0.10626379,0,1003.472,12.35775,76.76516667,NA,4.37,2.91,0.96,NA,NA
7/21/19 15:30,2,0,NEE,-5.30467404,-7.87869991,0.102190641,561.3571728,1003.472,14.22481481,84.61851852,NA,4.37,2.91,0.96,NA,NA
7/21/19 15:34,2,0,NEE,-7.475267957,-10.04513866,NA,565.0930591,1003.405727,14.67045455,70.26227273,NA,4.37,2.91,0.96,NA,NA
7/21/19 15:40,2,0,NEE,NA,NA,0.113131407,541.4683206,1003.31,16.09142857,73.60968254,NA,4.38,2.91,0.96,NA,NA
7/21/19 15:43,2,0,NEE,-7.497133816,-10.06139756,0.111018552,518.9315297,1003.31,15.27227723,74.4580198,NA,4.38,2.91,0.96,NA,NA
7/21/19 15:46,2,0,NEE,-7.920816134,-10.48574689,0.11102571,517.9618864,1003.31,15.19727273,74.48439394,NA,4.38,2.91,0.96,NA,NA
7/21/19 15:50,2,0,ER,2.737889561,NA,0.104866083,0,1003.31,14.28884615,72.37076923,NA,4.38,2.91,0.96,NA,NA
7/21/19 15:53,2,0,ER,2.723920604,NA,0.113410684,0,1003.147,13.22811881,74.94108911,NA,4.38,2.91,0.96,NA,NA
7/21/19 15:56,2,0,NEE,-6.901981597,-9.631577441,0.107052904,500.9827284,1003.305784,13.83784483,79.29327586,NA,4.38,2.91,0.96,NA,NA
7/21/19 15:59,2,0,NEE,-7.745624924,-10.46977612,0.113218673,448.3019457,1003.147,14.36592593,77.93703704,NA,4.38,2.91,0.96,NA,NA
7/21/19 16:03,2,0,NEE,-7.832905689,-10.55737275,0.106456779,425.6072593,1003.147,14.33259259,74.8512963,NA,4.38,2.91,0.96,NA,NA
7/21/19 16:06,2,0,NEE,-7.511090421,-10.2359291,0.112514704,407.5014908,1003.147,14.29338462,77.82769231,NA,4.38,2.91,0.96,NA,NA
7/21/19 16:09,2,0,ER,2.694056426,NA,0.110552039,0,1002.985,13.50054348,75.20217391,NA,4.38,2.91,0.96,NA,NA
7/21/19 16:13,2,0,ER,2.778901298,NA,0.110954664,0,1002.985,12.56291667,79.60052083,NA,4.38,2.91,0.96,NA,NA
7/21/19 16:16,2,0,NEE,-7.620602685,-10.34792867,0.110682556,479.3536819,1002.985,13.98486111,87.60555556,NA,4.38,2.91,0.96,NA,NA
7/21/19 16:19,2,0,NEE,-7.649503457,-10.37438547,0.115434096,470.0314028,1002.985,14.24239437,82.46464789,NA,4.38,2.91,0.96,NA,NA
7/21/19 15:24,2,0,ER,2.279473493,NA,0.107360185,0,1003.472,12.751,78.2685,6.055343511,4.366183206,2.913053435,0.963053435,NA,NA